row_id,group_id,model,true_class,class,score,threshold,model_version
2,2,Daugumos klase,1,0,0.391351351351351,NaN,majority_42_full
4,4,Daugumos klase,1,0,0.391351351351351,NaN,majority_42_full
10,10,Daugumos klase,1,0,0.391351351351351,NaN,majority_42_full
12,12,Daugumos klase,1,0,0.391351351351351,NaN,majority_42_full
13,13,Daugumos klase,1,0,0.391351351351351,NaN,majority_42_full
17,17,Daugumos klase,1,0,0.391351351351351,NaN,majority_42_full
22,22,Daugumos klase,1,0,0.391351351351351,NaN,majority_42_full
24,24,Daugumos klase,1,0,0.391351351351351,NaN,majority_42_full
25,25,Daugumos klase,1,0,0.391351351351351,NaN,majority_42_full
26,24,Daugumos klase,1,0,0.391351351351351,NaN,majority_42_full
32,32,Daugumos klase,1,0,0.391351351351351,NaN,majority_42_full
33,33,Daugumos klase,1,0,0.391351351351351,NaN,majority_42_full
48,48,Daugumos klase,1,0,0.391351351351351,NaN,majority_42_full
51,51,Daugumos klase,1,0,0.391351351351351,NaN,majority_42_full
54,54,Daugumos klase,1,0,0.391351351351351,NaN,majority_42_full
67,67,Daugumos klase,1,0,0.391351351351351,NaN,majority_42_full
68,68,Daugumos klase,1,0,0.391351351351351,NaN,majority_42_full
70,70,Daugumos klase,1,0,0.391351351351351,NaN,majority_42_full
72,72,Daugumos klase,1,0,0.391351351351351,NaN,majority_42_full
73,73,Daugumos klase,1,0,0.391351351351351,NaN,majority_42_full
76,76,Daugumos klase,1,0,0.391351351351351,NaN,majority_42_full
79,79,Daugumos klase,1,0,0.391351351351351,NaN,majority_42_full
89,89,Daugumos klase,1,0,0.391351351351351,NaN,majority_42_full
92,92,Daugumos klase,1,0,0.391351351351351,NaN,majority_42_full
93,93,Daugumos klase,1,0,0.391351351351351,NaN,majority_42_full
97,97,Daugumos klase,1,0,0.391351351351351,NaN,majority_42_full
101,101,Daugumos klase,1,0,0.391351351351351,NaN,majority_42_full
103,101,Daugumos klase,1,0,0.391351351351351,NaN,majority_42_full
105,101,Daugumos klase,1,0,0.391351351351351,NaN,majority_42_full
107,107,Daugumos klase,1,0,0.391351351351351,NaN,majority_42_full
109,109,Daugumos klase,1,0,0.391351351351351,NaN,majority_42_full
125,125,Daugumos klase,1,0,0.391351351351351,NaN,majority_42_full
133,133,Daugumos klase,1,0,0.391351351351351,NaN,majority_42_full
148,148,Daugumos klase,1,0,0.391351351351351,NaN,majority_42_full
159,159,Daugumos klase,1,0,0.391351351351351,NaN,majority_42_full
163,163,Daugumos klase,1,0,0.391351351351351,NaN,majority_42_full
167,167,Daugumos klase,1,0,0.391351351351351,NaN,majority_42_full
170,170,Daugumos klase,1,0,0.391351351351351,NaN,majority_42_full
176,176,Daugumos klase,1,0,0.391351351351351,NaN,majority_42_full
177,177,Daugumos klase,1,0,0.391351351351351,NaN,majority_42_full
180,180,Daugumos klase,1,0,0.391351351351351,NaN,majority_42_full
184,184,Daugumos klase,1,0,0.391351351351351,NaN,majority_42_full
187,187,Daugumos klase,1,0,0.391351351351351,NaN,majority_42_full
192,192,Daugumos klase,1,0,0.391351351351351,NaN,majority_42_full
193,193,Daugumos klase,1,0,0.391351351351351,NaN,majority_42_full
199,199,Daugumos klase,1,0,0.391351351351351,NaN,majority_42_full
207,207,Daugumos klase,1,0,0.391351351351351,NaN,majority_42_full
208,208,Daugumos klase,1,0,0.391351351351351,NaN,majority_42_full
209,209,Daugumos klase,1,0,0.391351351351351,NaN,majority_42_full
211,211,Daugumos klase,1,0,0.391351351351351,NaN,majority_42_full
214,214,Daugumos klase,1,0,0.391351351351351,NaN,majority_42_full
222,222,Daugumos klase,1,0,0.391351351351351,NaN,majority_42_full
229,229,Daugumos klase,1,0,0.391351351351351,NaN,majority_42_full
234,234,Daugumos klase,1,0,0.391351351351351,NaN,majority_42_full
238,238,Daugumos klase,1,0,0.391351351351351,NaN,majority_42_full
245,245,Daugumos klase,1,0,0.391351351351351,NaN,majority_42_full
250,250,Daugumos klase,1,0,0.391351351351351,NaN,majority_42_full
252,252,Daugumos klase,1,0,0.391351351351351,NaN,majority_42_full
258,258,Daugumos klase,1,0,0.391351351351351,NaN,majority_42_full
260,260,Daugumos klase,1,0,0.391351351351351,NaN,majority_42_full
262,262,Daugumos klase,1,0,0.391351351351351,NaN,majority_42_full
271,271,Daugumos klase,1,0,0.391351351351351,NaN,majority_42_full
290,290,Daugumos klase,1,0,0.391351351351351,NaN,majority_42_full
294,294,Daugumos klase,1,0,0.391351351351351,NaN,majority_42_full
302,302,Daugumos klase,1,0,0.391351351351351,NaN,majority_42_full
303,303,Daugumos klase,1,0,0.391351351351351,NaN,majority_42_full
317,317,Daugumos klase,1,0,0.391351351351351,NaN,majority_42_full
321,321,Daugumos klase,1,0,0.391351351351351,NaN,majority_42_full
324,321,Daugumos klase,1,0,0.391351351351351,NaN,majority_42_full
329,329,Daugumos klase,1,0,0.391351351351351,NaN,majority_42_full
337,337,Daugumos klase,1,0,0.391351351351351,NaN,majority_42_full
340,340,Daugumos klase,1,0,0.391351351351351,NaN,majority_42_full
345,345,Daugumos klase,1,0,0.391351351351351,NaN,majority_42_full
346,337,Daugumos klase,1,0,0.391351351351351,NaN,majority_42_full
349,337,Daugumos klase,1,0,0.391351351351351,NaN,majority_42_full
351,351,Daugumos klase,1,0,0.391351351351351,NaN,majority_42_full
357,357,Daugumos klase,1,0,0.391351351351351,NaN,majority_42_full
359,359,Daugumos klase,1,0,0.391351351351351,NaN,majority_42_full
361,361,Daugumos klase,1,0,0.391351351351351,NaN,majority_42_full
364,364,Daugumos klase,1,0,0.391351351351351,NaN,majority_42_full
370,359,Daugumos klase,1,0,0.391351351351351,NaN,majority_42_full
372,372,Daugumos klase,1,0,0.391351351351351,NaN,majority_42_full
379,317,Daugumos klase,1,0,0.391351351351351,NaN,majority_42_full
383,383,Daugumos klase,1,0,0.391351351351351,NaN,majority_42_full
392,392,Daugumos klase,1,0,0.391351351351351,NaN,majority_42_full
397,397,Daugumos klase,1,0,0.391351351351351,NaN,majority_42_full
398,398,Daugumos klase,1,0,0.391351351351351,NaN,majority_42_full
402,402,Daugumos klase,1,0,0.391351351351351,NaN,majority_42_full
405,405,Daugumos klase,1,0,0.391351351351351,NaN,majority_42_full
408,408,Daugumos klase,1,0,0.391351351351351,NaN,majority_42_full
409,409,Daugumos klase,1,0,0.391351351351351,NaN,majority_42_full
414,414,Daugumos klase,1,0,0.391351351351351,NaN,majority_42_full
417,417,Daugumos klase,1,0,0.391351351351351,NaN,majority_42_full
418,418,Daugumos klase,1,0,0.391351351351351,NaN,majority_42_full
428,428,Daugumos klase,1,0,0.391351351351351,NaN,majority_42_full
436,436,Daugumos klase,1,0,0.391351351351351,NaN,majority_42_full
437,437,Daugumos klase,1,0,0.391351351351351,NaN,majority_42_full
442,442,Daugumos klase,1,0,0.391351351351351,NaN,majority_42_full
450,450,Daugumos klase,1,0,0.391351351351351,NaN,majority_42_full
453,453,Daugumos klase,1,0,0.391351351351351,NaN,majority_42_full
465,465,Daugumos klase,1,0,0.391351351351351,NaN,majority_42_full
482,482,Daugumos klase,1,0,0.391351351351351,NaN,majority_42_full
484,484,Daugumos klase,1,0,0.391351351351351,NaN,majority_42_full
486,486,Daugumos klase,1,0,0.391351351351351,NaN,majority_42_full
487,487,Daugumos klase,1,0,0.391351351351351,NaN,majority_42_full
490,490,Daugumos klase,1,0,0.391351351351351,NaN,majority_42_full
491,491,Daugumos klase,1,0,0.391351351351351,NaN,majority_42_full
492,486,Daugumos klase,1,0,0.391351351351351,NaN,majority_42_full
496,496,Daugumos klase,1,0,0.391351351351351,NaN,majority_42_full
498,498,Daugumos klase,1,0,0.391351351351351,NaN,majority_42_full
512,512,Daugumos klase,1,0,0.391351351351351,NaN,majority_42_full
516,516,Daugumos klase,1,0,0.391351351351351,NaN,majority_42_full
531,531,Daugumos klase,1,0,0.391351351351351,NaN,majority_42_full
544,544,Daugumos klase,1,0,0.391351351351351,NaN,majority_42_full
550,550,Daugumos klase,1,0,0.391351351351351,NaN,majority_42_full
553,553,Daugumos klase,1,0,0.391351351351351,NaN,majority_42_full
556,556,Daugumos klase,1,0,0.391351351351351,NaN,majority_42_full
565,565,Daugumos klase,1,0,0.391351351351351,NaN,majority_42_full
567,567,Daugumos klase,1,0,0.391351351351351,NaN,majority_42_full
578,567,Daugumos klase,1,0,0.391351351351351,NaN,majority_42_full
593,593,Daugumos klase,1,0,0.391351351351351,NaN,majority_42_full
596,596,Daugumos klase,1,0,0.391351351351351,NaN,majority_42_full
602,602,Daugumos klase,1,0,0.391351351351351,NaN,majority_42_full
607,607,Daugumos klase,1,0,0.391351351351351,NaN,majority_42_full
610,610,Daugumos klase,1,0,0.391351351351351,NaN,majority_42_full
613,610,Daugumos klase,1,0,0.391351351351351,NaN,majority_42_full
615,615,Daugumos klase,1,0,0.391351351351351,NaN,majority_42_full
617,596,Daugumos klase,1,0,0.391351351351351,NaN,majority_42_full
634,634,Daugumos klase,1,0,0.391351351351351,NaN,majority_42_full
635,635,Daugumos klase,1,0,0.391351351351351,NaN,majority_42_full
644,644,Daugumos klase,1,0,0.391351351351351,NaN,majority_42_full
647,647,Daugumos klase,1,0,0.391351351351351,NaN,majority_42_full
652,652,Daugumos klase,1,0,0.391351351351351,NaN,majority_42_full
656,656,Daugumos klase,1,0,0.391351351351351,NaN,majority_42_full
659,659,Daugumos klase,1,0,0.391351351351351,NaN,majority_42_full
661,661,Daugumos klase,1,0,0.391351351351351,NaN,majority_42_full
670,670,Daugumos klase,1,0,0.391351351351351,NaN,majority_42_full
675,675,Daugumos klase,1,0,0.391351351351351,NaN,majority_42_full
683,683,Daugumos klase,1,0,0.391351351351351,NaN,majority_42_full
686,686,Daugumos klase,1,0,0.391351351351351,NaN,majority_42_full
687,687,Daugumos klase,1,0,0.391351351351351,NaN,majority_42_full
692,670,Daugumos klase,1,0,0.391351351351351,NaN,majority_42_full
693,693,Daugumos klase,1,0,0.391351351351351,NaN,majority_42_full
695,695,Daugumos klase,1,0,0.391351351351351,NaN,majority_42_full
698,695,Daugumos klase,1,0,0.391351351351351,NaN,majority_42_full
701,701,Daugumos klase,1,0,0.391351351351351,NaN,majority_42_full
717,717,Daugumos klase,1,0,0.391351351351351,NaN,majority_42_full
718,718,Daugumos klase,1,0,0.391351351351351,NaN,majority_42_full
720,720,Daugumos klase,1,0,0.391351351351351,NaN,majority_42_full
722,695,Daugumos klase,1,0,0.391351351351351,NaN,majority_42_full
723,723,Daugumos klase,1,0,0.391351351351351,NaN,majority_42_full
726,726,Daugumos klase,1,0,0.391351351351351,NaN,majority_42_full
729,729,Daugumos klase,1,0,0.391351351351351,NaN,majority_42_full
732,732,Daugumos klase,1,0,0.391351351351351,NaN,majority_42_full
735,735,Daugumos klase,1,0,0.391351351351351,NaN,majority_42_full
736,736,Daugumos klase,1,0,0.391351351351351,NaN,majority_42_full
737,737,Daugumos klase,1,0,0.391351351351351,NaN,majority_42_full
748,748,Daugumos klase,1,0,0.391351351351351,NaN,majority_42_full
749,749,Daugumos klase,1,0,0.391351351351351,NaN,majority_42_full
751,751,Daugumos klase,1,0,0.391351351351351,NaN,majority_42_full
752,752,Daugumos klase,1,0,0.391351351351351,NaN,majority_42_full
754,754,Daugumos klase,1,0,0.391351351351351,NaN,majority_42_full
755,755,Daugumos klase,1,0,0.391351351351351,NaN,majority_42_full
764,764,Daugumos klase,1,0,0.391351351351351,NaN,majority_42_full
769,769,Daugumos klase,1,0,0.391351351351351,NaN,majority_42_full
782,782,Daugumos klase,1,0,0.391351351351351,NaN,majority_42_full
783,783,Daugumos klase,1,0,0.391351351351351,NaN,majority_42_full
787,787,Daugumos klase,1,0,0.391351351351351,NaN,majority_42_full
788,787,Daugumos klase,1,0,0.391351351351351,NaN,majority_42_full
797,797,Daugumos klase,1,0,0.391351351351351,NaN,majority_42_full
799,799,Daugumos klase,1,0,0.391351351351351,NaN,majority_42_full
800,800,Daugumos klase,1,0,0.391351351351351,NaN,majority_42_full
803,803,Daugumos klase,1,0,0.391351351351351,NaN,majority_42_full
813,813,Daugumos klase,1,0,0.391351351351351,NaN,majority_42_full
815,815,Daugumos klase,1,0,0.391351351351351,NaN,majority_42_full
824,824,Daugumos klase,1,0,0.391351351351351,NaN,majority_42_full
827,827,Daugumos klase,1,0,0.391351351351351,NaN,majority_42_full
834,834,Daugumos klase,1,0,0.391351351351351,NaN,majority_42_full
838,838,Daugumos klase,1,0,0.391351351351351,NaN,majority_42_full
842,842,Daugumos klase,1,0,0.391351351351351,NaN,majority_42_full
846,846,Daugumos klase,1,0,0.391351351351351,NaN,majority_42_full
847,847,Daugumos klase,1,0,0.391351351351351,NaN,majority_42_full
853,853,Daugumos klase,1,0,0.391351351351351,NaN,majority_42_full
859,859,Daugumos klase,1,0,0.391351351351351,NaN,majority_42_full
862,862,Daugumos klase,1,0,0.391351351351351,NaN,majority_42_full
870,870,Daugumos klase,1,0,0.391351351351351,NaN,majority_42_full
872,872,Daugumos klase,1,0,0.391351351351351,NaN,majority_42_full
879,879,Daugumos klase,1,0,0.391351351351351,NaN,majority_42_full
881,881,Daugumos klase,1,0,0.391351351351351,NaN,majority_42_full
891,891,Daugumos klase,1,0,0.391351351351351,NaN,majority_42_full
903,903,Daugumos klase,1,0,0.391351351351351,NaN,majority_42_full
909,909,Daugumos klase,1,0,0.391351351351351,NaN,majority_42_full
911,911,Daugumos klase,1,0,0.391351351351351,NaN,majority_42_full
923,923,Daugumos klase,1,0,0.391351351351351,NaN,majority_42_full
927,927,Daugumos klase,1,0,0.391351351351351,NaN,majority_42_full
934,934,Daugumos klase,1,0,0.391351351351351,NaN,majority_42_full
935,935,Daugumos klase,1,0,0.391351351351351,NaN,majority_42_full
937,937,Daugumos klase,1,0,0.391351351351351,NaN,majority_42_full
965,965,Daugumos klase,1,0,0.391351351351351,NaN,majority_42_full
966,966,Daugumos klase,1,0,0.391351351351351,NaN,majority_42_full
975,975,Daugumos klase,1,0,0.391351351351351,NaN,majority_42_full
982,982,Daugumos klase,1,0,0.391351351351351,NaN,majority_42_full
989,989,Daugumos klase,1,0,0.391351351351351,NaN,majority_42_full
993,993,Daugumos klase,1,0,0.391351351351351,NaN,majority_42_full
1010,1010,Daugumos klase,1,0,0.391351351351351,NaN,majority_42_full
1025,695,Daugumos klase,1,0,0.391351351351351,NaN,majority_42_full
1033,1033,Daugumos klase,1,0,0.391351351351351,NaN,majority_42_full
1037,1037,Daugumos klase,1,0,0.391351351351351,NaN,majority_42_full
1054,1054,Daugumos klase,1,0,0.391351351351351,NaN,majority_42_full
1066,1066,Daugumos klase,1,0,0.391351351351351,NaN,majority_42_full
1073,1073,Daugumos klase,1,0,0.391351351351351,NaN,majority_42_full
1074,1074,Daugumos klase,1,0,0.391351351351351,NaN,majority_42_full
1079,1079,Daugumos klase,1,0,0.391351351351351,NaN,majority_42_full
1095,1095,Daugumos klase,1,0,0.391351351351351,NaN,majority_42_full
1098,1098,Daugumos klase,1,0,0.391351351351351,NaN,majority_42_full
1100,1100,Daugumos klase,1,0,0.391351351351351,NaN,majority_42_full
1105,1105,Daugumos klase,1,0,0.391351351351351,NaN,majority_42_full
1107,1107,Daugumos klase,1,0,0.391351351351351,NaN,majority_42_full
1108,1108,Daugumos klase,1,0,0.391351351351351,NaN,majority_42_full
1113,891,Daugumos klase,1,0,0.391351351351351,NaN,majority_42_full
1119,1119,Daugumos klase,1,0,0.391351351351351,NaN,majority_42_full
1120,1120,Daugumos klase,1,0,0.391351351351351,NaN,majority_42_full
1131,1131,Daugumos klase,1,0,0.391351351351351,NaN,majority_42_full
1132,1132,Daugumos klase,1,0,0.391351351351351,NaN,majority_42_full
1133,1095,Daugumos klase,1,0,0.391351351351351,NaN,majority_42_full
1135,1135,Daugumos klase,1,0,0.391351351351351,NaN,majority_42_full
1142,1142,Daugumos klase,1,0,0.391351351351351,NaN,majority_42_full
1143,1143,Daugumos klase,1,0,0.391351351351351,NaN,majority_42_full
1144,1144,Daugumos klase,1,0,0.391351351351351,NaN,majority_42_full
1146,1146,Daugumos klase,1,0,0.391351351351351,NaN,majority_42_full
1178,1178,Daugumos klase,1,0,0.391351351351351,NaN,majority_42_full
1181,1181,Daugumos klase,1,0,0.391351351351351,NaN,majority_42_full
1184,1184,Daugumos klase,1,0,0.391351351351351,NaN,majority_42_full
1189,1189,Daugumos klase,1,0,0.391351351351351,NaN,majority_42_full
1193,1193,Daugumos klase,1,0,0.391351351351351,NaN,majority_42_full
1202,695,Daugumos klase,1,0,0.391351351351351,NaN,majority_42_full
1206,1206,Daugumos klase,1,0,0.391351351351351,NaN,majority_42_full
1210,1210,Daugumos klase,1,0,0.391351351351351,NaN,majority_42_full
1213,1213,Daugumos klase,1,0,0.391351351351351,NaN,majority_42_full
1217,1217,Daugumos klase,1,0,0.391351351351351,NaN,majority_42_full
1218,1218,Daugumos klase,1,0,0.391351351351351,NaN,majority_42_full
1227,1227,Daugumos klase,1,0,0.391351351351351,NaN,majority_42_full
1229,1229,Daugumos klase,1,0,0.391351351351351,NaN,majority_42_full
1230,1227,Daugumos klase,1,0,0.391351351351351,NaN,majority_42_full
1231,1231,Daugumos klase,1,0,0.391351351351351,NaN,majority_42_full
1239,1239,Daugumos klase,1,0,0.391351351351351,NaN,majority_42_full
1241,1241,Daugumos klase,1,0,0.391351351351351,NaN,majority_42_full
1242,1241,Daugumos klase,1,0,0.391351351351351,NaN,majority_42_full
1246,1246,Daugumos klase,1,0,0.391351351351351,NaN,majority_42_full
1249,1249,Daugumos klase,1,0,0.391351351351351,NaN,majority_42_full
1250,1250,Daugumos klase,1,0,0.391351351351351,NaN,majority_42_full
1251,1249,Daugumos klase,1,0,0.391351351351351,NaN,majority_42_full
1254,1254,Daugumos klase,1,0,0.391351351351351,NaN,majority_42_full
1266,695,Daugumos klase,1,0,0.391351351351351,NaN,majority_42_full
1268,695,Daugumos klase,1,0,0.391351351351351,NaN,majority_42_full
1269,1269,Daugumos klase,1,0,0.391351351351351,NaN,majority_42_full
1272,1272,Daugumos klase,1,0,0.391351351351351,NaN,majority_42_full
1281,1281,Daugumos klase,1,0,0.391351351351351,NaN,majority_42_full
1283,1272,Daugumos klase,1,0,0.391351351351351,NaN,majority_42_full
1286,1286,Daugumos klase,1,0,0.391351351351351,NaN,majority_42_full
1288,1288,Daugumos klase,1,0,0.391351351351351,NaN,majority_42_full
1291,1291,Daugumos klase,1,0,0.391351351351351,NaN,majority_42_full
1294,1294,Daugumos klase,1,0,0.391351351351351,NaN,majority_42_full
1295,1295,Daugumos klase,1,0,0.391351351351351,NaN,majority_42_full
1301,1301,Daugumos klase,1,0,0.391351351351351,NaN,majority_42_full
1306,1306,Daugumos klase,1,0,0.391351351351351,NaN,majority_42_full
1311,1311,Daugumos klase,1,0,0.391351351351351,NaN,majority_42_full
1314,1314,Daugumos klase,1,0,0.391351351351351,NaN,majority_42_full
1320,1320,Daugumos klase,1,0,0.391351351351351,NaN,majority_42_full
1337,1337,Daugumos klase,1,0,0.391351351351351,NaN,majority_42_full
1338,1338,Daugumos klase,1,0,0.391351351351351,NaN,majority_42_full
1342,1342,Daugumos klase,1,0,0.391351351351351,NaN,majority_42_full
1343,1343,Daugumos klase,1,0,0.391351351351351,NaN,majority_42_full
1356,842,Daugumos klase,1,0,0.391351351351351,NaN,majority_42_full
1359,842,Daugumos klase,1,0,0.391351351351351,NaN,majority_42_full
1361,1361,Daugumos klase,1,0,0.391351351351351,NaN,majority_42_full
1369,1369,Daugumos klase,1,0,0.391351351351351,NaN,majority_42_full
1371,1371,Daugumos klase,1,0,0.391351351351351,NaN,majority_42_full
1375,1375,Daugumos klase,1,0,0.391351351351351,NaN,majority_42_full
1377,1377,Daugumos klase,1,0,0.391351351351351,NaN,majority_42_full
1382,1382,Daugumos klase,1,0,0.391351351351351,NaN,majority_42_full
1389,1389,Daugumos klase,1,0,0.391351351351351,NaN,majority_42_full
1397,1397,Daugumos klase,1,0,0.391351351351351,NaN,majority_42_full
1399,1399,Daugumos klase,1,0,0.391351351351351,NaN,majority_42_full
1409,1409,Daugumos klase,1,0,0.391351351351351,NaN,majority_42_full
1419,1419,Daugumos klase,1,0,0.391351351351351,NaN,majority_42_full
1422,1422,Daugumos klase,1,0,0.391351351351351,NaN,majority_42_full
1427,1427,Daugumos klase,1,0,0.391351351351351,NaN,majority_42_full
1428,1361,Daugumos klase,1,0,0.391351351351351,NaN,majority_42_full
1436,1436,Daugumos klase,1,0,0.391351351351351,NaN,majority_42_full
1440,1440,Daugumos klase,1,0,0.391351351351351,NaN,majority_42_full
1441,1441,Daugumos klase,1,0,0.391351351351351,NaN,majority_42_full
1444,1444,Daugumos klase,1,0,0.391351351351351,NaN,majority_42_full
1446,1446,Daugumos klase,1,0,0.391351351351351,NaN,majority_42_full
1453,1453,Daugumos klase,1,0,0.391351351351351,NaN,majority_42_full
1456,1456,Daugumos klase,1,0,0.391351351351351,NaN,majority_42_full
1459,1459,Daugumos klase,1,0,0.391351351351351,NaN,majority_42_full
1463,1463,Daugumos klase,1,0,0.391351351351351,NaN,majority_42_full
1467,1467,Daugumos klase,1,0,0.391351351351351,NaN,majority_42_full
1469,1469,Daugumos klase,1,0,0.391351351351351,NaN,majority_42_full
1477,1477,Daugumos klase,1,0,0.391351351351351,NaN,majority_42_full
1495,1495,Daugumos klase,1,0,0.391351351351351,NaN,majority_42_full
1497,1497,Daugumos klase,1,0,0.391351351351351,NaN,majority_42_full
1499,1499,Daugumos klase,1,0,0.391351351351351,NaN,majority_42_full
1500,1500,Daugumos klase,1,0,0.391351351351351,NaN,majority_42_full
1501,1501,Daugumos klase,1,0,0.391351351351351,NaN,majority_42_full
1509,1509,Daugumos klase,1,0,0.391351351351351,NaN,majority_42_full
1511,1511,Daugumos klase,1,0,0.391351351351351,NaN,majority_42_full
1512,1512,Daugumos klase,1,0,0.391351351351351,NaN,majority_42_full
1513,1513,Daugumos klase,1,0,0.391351351351351,NaN,majority_42_full
1514,1514,Daugumos klase,1,0,0.391351351351351,NaN,majority_42_full
1517,1517,Daugumos klase,1,0,0.391351351351351,NaN,majority_42_full
1520,1520,Daugumos klase,1,0,0.391351351351351,NaN,majority_42_full
1524,1520,Daugumos klase,1,0,0.391351351351351,NaN,majority_42_full
1528,1528,Daugumos klase,1,0,0.391351351351351,NaN,majority_42_full
1529,1529,Daugumos klase,1,0,0.391351351351351,NaN,majority_42_full
1534,1534,Daugumos klase,1,0,0.391351351351351,NaN,majority_42_full
1546,1546,Daugumos klase,1,0,0.391351351351351,NaN,majority_42_full
1553,1553,Daugumos klase,1,0,0.391351351351351,NaN,majority_42_full
1556,1556,Daugumos klase,1,0,0.391351351351351,NaN,majority_42_full
1559,1559,Daugumos klase,1,0,0.391351351351351,NaN,majority_42_full
1561,1561,Daugumos klase,1,0,0.391351351351351,NaN,majority_42_full
1563,1563,Daugumos klase,1,0,0.391351351351351,NaN,majority_42_full
1565,1565,Daugumos klase,1,0,0.391351351351351,NaN,majority_42_full
1566,1566,Daugumos klase,1,0,0.391351351351351,NaN,majority_42_full
1567,1567,Daugumos klase,1,0,0.391351351351351,NaN,majority_42_full
1579,1579,Daugumos klase,1,0,0.391351351351351,NaN,majority_42_full
1580,1580,Daugumos klase,1,0,0.391351351351351,NaN,majority_42_full
1582,1582,Daugumos klase,1,0,0.391351351351351,NaN,majority_42_full
1583,1561,Daugumos klase,1,0,0.391351351351351,NaN,majority_42_full
1593,1593,Daugumos klase,1,0,0.391351351351351,NaN,majority_42_full
1594,1594,Daugumos klase,1,0,0.391351351351351,NaN,majority_42_full
1596,1596,Daugumos klase,1,0,0.391351351351351,NaN,majority_42_full
1597,1597,Daugumos klase,1,0,0.391351351351351,NaN,majority_42_full
1608,1608,Daugumos klase,1,0,0.391351351351351,NaN,majority_42_full
1617,1617,Daugumos klase,1,0,0.391351351351351,NaN,majority_42_full
1621,1621,Daugumos klase,1,0,0.391351351351351,NaN,majority_42_full
1623,1623,Daugumos klase,1,0,0.391351351351351,NaN,majority_42_full
1636,1636,Daugumos klase,1,0,0.391351351351351,NaN,majority_42_full
1643,1643,Daugumos klase,1,0,0.391351351351351,NaN,majority_42_full
1668,1668,Daugumos klase,1,0,0.391351351351351,NaN,majority_42_full
1692,1692,Daugumos klase,1,0,0.391351351351351,NaN,majority_42_full
1702,1702,Daugumos klase,1,0,0.391351351351351,NaN,majority_42_full
1708,1708,Daugumos klase,1,0,0.391351351351351,NaN,majority_42_full
1710,1710,Daugumos klase,1,0,0.391351351351351,NaN,majority_42_full
1711,1711,Daugumos klase,1,0,0.391351351351351,NaN,majority_42_full
1717,1717,Daugumos klase,1,0,0.391351351351351,NaN,majority_42_full
1718,1718,Daugumos klase,1,0,0.391351351351351,NaN,majority_42_full
1722,1722,Daugumos klase,1,0,0.391351351351351,NaN,majority_42_full
1745,1745,Daugumos klase,1,0,0.391351351351351,NaN,majority_42_full
1748,1748,Daugumos klase,1,0,0.391351351351351,NaN,majority_42_full
1751,1751,Daugumos klase,1,0,0.391351351351351,NaN,majority_42_full
1752,1752,Daugumos klase,1,0,0.391351351351351,NaN,majority_42_full
1753,1753,Daugumos klase,1,0,0.391351351351351,NaN,majority_42_full
1754,1754,Daugumos klase,1,0,0.391351351351351,NaN,majority_42_full
1756,1756,Daugumos klase,1,0,0.391351351351351,NaN,majority_42_full
1757,1757,Daugumos klase,1,0,0.391351351351351,NaN,majority_42_full
1758,1758,Daugumos klase,1,0,0.391351351351351,NaN,majority_42_full
1759,1759,Daugumos klase,1,0,0.391351351351351,NaN,majority_42_full
1765,1765,Daugumos klase,1,0,0.391351351351351,NaN,majority_42_full
1768,1768,Daugumos klase,1,0,0.391351351351351,NaN,majority_42_full
1770,1770,Daugumos klase,1,0,0.391351351351351,NaN,majority_42_full
1772,1772,Daugumos klase,1,0,0.391351351351351,NaN,majority_42_full
1792,1792,Daugumos klase,1,0,0.391351351351351,NaN,majority_42_full
1803,1803,Daugumos klase,1,0,0.391351351351351,NaN,majority_42_full
1805,799,Daugumos klase,1,0,0.391351351351351,NaN,majority_42_full
1809,1809,Daugumos klase,1,0,0.391351351351351,NaN,majority_42_full
1810,1810,Daugumos klase,1,0,0.391351351351351,NaN,majority_42_full
1816,1816,Daugumos klase,0,0,0.391351351351351,NaN,majority_42_full
1818,1818,Daugumos klase,0,0,0.391351351351351,NaN,majority_42_full
1829,1829,Daugumos klase,0,0,0.391351351351351,NaN,majority_42_full
1830,1830,Daugumos klase,0,0,0.391351351351351,NaN,majority_42_full
1832,1832,Daugumos klase,0,0,0.391351351351351,NaN,majority_42_full
1836,1836,Daugumos klase,0,0,0.391351351351351,NaN,majority_42_full
1839,1839,Daugumos klase,0,0,0.391351351351351,NaN,majority_42_full
1841,1841,Daugumos klase,0,0,0.391351351351351,NaN,majority_42_full
1843,1843,Daugumos klase,0,0,0.391351351351351,NaN,majority_42_full
1851,1851,Daugumos klase,0,0,0.391351351351351,NaN,majority_42_full
1859,1859,Daugumos klase,0,0,0.391351351351351,NaN,majority_42_full
1860,1860,Daugumos klase,0,0,0.391351351351351,NaN,majority_42_full
1866,1866,Daugumos klase,0,0,0.391351351351351,NaN,majority_42_full
1868,1868,Daugumos klase,0,0,0.391351351351351,NaN,majority_42_full
1876,1876,Daugumos klase,0,0,0.391351351351351,NaN,majority_42_full
1878,1878,Daugumos klase,0,0,0.391351351351351,NaN,majority_42_full
1880,1880,Daugumos klase,0,0,0.391351351351351,NaN,majority_42_full
1881,1881,Daugumos klase,0,0,0.391351351351351,NaN,majority_42_full
1894,1894,Daugumos klase,0,0,0.391351351351351,NaN,majority_42_full
1897,1897,Daugumos klase,0,0,0.391351351351351,NaN,majority_42_full
1899,1859,Daugumos klase,0,0,0.391351351351351,NaN,majority_42_full
1901,1901,Daugumos klase,0,0,0.391351351351351,NaN,majority_42_full
1902,1859,Daugumos klase,0,0,0.391351351351351,NaN,majority_42_full
1913,1859,Daugumos klase,0,0,0.391351351351351,NaN,majority_42_full
1917,1917,Daugumos klase,0,0,0.391351351351351,NaN,majority_42_full
1920,1920,Daugumos klase,0,0,0.391351351351351,NaN,majority_42_full
1951,1951,Daugumos klase,0,0,0.391351351351351,NaN,majority_42_full
1953,1953,Daugumos klase,0,0,0.391351351351351,NaN,majority_42_full
1955,1955,Daugumos klase,0,0,0.391351351351351,NaN,majority_42_full
1962,1962,Daugumos klase,0,0,0.391351351351351,NaN,majority_42_full
1967,1967,Daugumos klase,0,0,0.391351351351351,NaN,majority_42_full
1971,1971,Daugumos klase,0,0,0.391351351351351,NaN,majority_42_full
1972,1972,Daugumos klase,0,0,0.391351351351351,NaN,majority_42_full
1973,1973,Daugumos klase,0,0,0.391351351351351,NaN,majority_42_full
1977,1977,Daugumos klase,0,0,0.391351351351351,NaN,majority_42_full
1982,1982,Daugumos klase,0,0,0.391351351351351,NaN,majority_42_full
1985,148,Daugumos klase,0,0,0.391351351351351,NaN,majority_42_full
1987,1987,Daugumos klase,0,0,0.391351351351351,NaN,majority_42_full
1993,1993,Daugumos klase,0,0,0.391351351351351,NaN,majority_42_full
1997,1997,Daugumos klase,0,0,0.391351351351351,NaN,majority_42_full
2000,2000,Daugumos klase,0,0,0.391351351351351,NaN,majority_42_full
2001,2001,Daugumos klase,0,0,0.391351351351351,NaN,majority_42_full
2002,2002,Daugumos klase,0,0,0.391351351351351,NaN,majority_42_full
2003,2003,Daugumos klase,0,0,0.391351351351351,NaN,majority_42_full
2010,2010,Daugumos klase,0,0,0.391351351351351,NaN,majority_42_full
2020,2020,Daugumos klase,0,0,0.391351351351351,NaN,majority_42_full
2021,2021,Daugumos klase,0,0,0.391351351351351,NaN,majority_42_full
2024,2024,Daugumos klase,0,0,0.391351351351351,NaN,majority_42_full
2026,2026,Daugumos klase,0,0,0.391351351351351,NaN,majority_42_full
2028,2028,Daugumos klase,0,0,0.391351351351351,NaN,majority_42_full
2031,2031,Daugumos klase,0,0,0.391351351351351,NaN,majority_42_full
2034,2034,Daugumos klase,0,0,0.391351351351351,NaN,majority_42_full
2037,2037,Daugumos klase,0,0,0.391351351351351,NaN,majority_42_full
2043,2043,Daugumos klase,0,0,0.391351351351351,NaN,majority_42_full
2045,2045,Daugumos klase,0,0,0.391351351351351,NaN,majority_42_full
2054,2054,Daugumos klase,0,0,0.391351351351351,NaN,majority_42_full
2057,2057,Daugumos klase,0,0,0.391351351351351,NaN,majority_42_full
2059,2059,Daugumos klase,0,0,0.391351351351351,NaN,majority_42_full
2065,2065,Daugumos klase,0,0,0.391351351351351,NaN,majority_42_full
2071,2071,Daugumos klase,0,0,0.391351351351351,NaN,majority_42_full
2073,2073,Daugumos klase,0,0,0.391351351351351,NaN,majority_42_full
2089,2089,Daugumos klase,0,0,0.391351351351351,NaN,majority_42_full
2091,2091,Daugumos klase,0,0,0.391351351351351,NaN,majority_42_full
2096,2096,Daugumos klase,0,0,0.391351351351351,NaN,majority_42_full
2117,2117,Daugumos klase,0,0,0.391351351351351,NaN,majority_42_full
2122,2122,Daugumos klase,0,0,0.391351351351351,NaN,majority_42_full
2124,2124,Daugumos klase,0,0,0.391351351351351,NaN,majority_42_full
2126,2126,Daugumos klase,0,0,0.391351351351351,NaN,majority_42_full
2128,2128,Daugumos klase,0,0,0.391351351351351,NaN,majority_42_full
2136,2136,Daugumos klase,0,0,0.391351351351351,NaN,majority_42_full
2138,2138,Daugumos klase,0,0,0.391351351351351,NaN,majority_42_full
2140,2140,Daugumos klase,0,0,0.391351351351351,NaN,majority_42_full
2145,2145,Daugumos klase,0,0,0.391351351351351,NaN,majority_42_full
2147,2147,Daugumos klase,0,0,0.391351351351351,NaN,majority_42_full
2151,2151,Daugumos klase,0,0,0.391351351351351,NaN,majority_42_full
2153,2153,Daugumos klase,0,0,0.391351351351351,NaN,majority_42_full
2154,2154,Daugumos klase,0,0,0.391351351351351,NaN,majority_42_full
2161,2161,Daugumos klase,0,0,0.391351351351351,NaN,majority_42_full
2165,2165,Daugumos klase,0,0,0.391351351351351,NaN,majority_42_full
2170,2170,Daugumos klase,0,0,0.391351351351351,NaN,majority_42_full
2175,2175,Daugumos klase,0,0,0.391351351351351,NaN,majority_42_full
2192,2192,Daugumos klase,0,0,0.391351351351351,NaN,majority_42_full
2199,2199,Daugumos klase,0,0,0.391351351351351,NaN,majority_42_full
2200,2200,Daugumos klase,0,0,0.391351351351351,NaN,majority_42_full
2209,2031,Daugumos klase,0,0,0.391351351351351,NaN,majority_42_full
2219,2219,Daugumos klase,0,0,0.391351351351351,NaN,majority_42_full
2223,2223,Daugumos klase,0,0,0.391351351351351,NaN,majority_42_full
2225,2225,Daugumos klase,0,0,0.391351351351351,NaN,majority_42_full
2227,2227,Daugumos klase,0,0,0.391351351351351,NaN,majority_42_full
2255,2255,Daugumos klase,0,0,0.391351351351351,NaN,majority_42_full
2258,2258,Daugumos klase,0,0,0.391351351351351,NaN,majority_42_full
2262,2262,Daugumos klase,0,0,0.391351351351351,NaN,majority_42_full
2265,2265,Daugumos klase,0,0,0.391351351351351,NaN,majority_42_full
2266,2266,Daugumos klase,0,0,0.391351351351351,NaN,majority_42_full
2269,2269,Daugumos klase,0,0,0.391351351351351,NaN,majority_42_full
2274,2265,Daugumos klase,0,0,0.391351351351351,NaN,majority_42_full
2278,2278,Daugumos klase,0,0,0.391351351351351,NaN,majority_42_full
2279,2279,Daugumos klase,0,0,0.391351351351351,NaN,majority_42_full
2288,2288,Daugumos klase,0,0,0.391351351351351,NaN,majority_42_full
2291,2291,Daugumos klase,0,0,0.391351351351351,NaN,majority_42_full
2293,2293,Daugumos klase,0,0,0.391351351351351,NaN,majority_42_full
2294,2294,Daugumos klase,0,0,0.391351351351351,NaN,majority_42_full
2298,2298,Daugumos klase,0,0,0.391351351351351,NaN,majority_42_full
2318,2318,Daugumos klase,0,0,0.391351351351351,NaN,majority_42_full
2321,2321,Daugumos klase,0,0,0.391351351351351,NaN,majority_42_full
2324,2324,Daugumos klase,0,0,0.391351351351351,NaN,majority_42_full
2326,2326,Daugumos klase,0,0,0.391351351351351,NaN,majority_42_full
2329,2329,Daugumos klase,0,0,0.391351351351351,NaN,majority_42_full
2331,2331,Daugumos klase,0,0,0.391351351351351,NaN,majority_42_full
2340,2340,Daugumos klase,0,0,0.391351351351351,NaN,majority_42_full
2346,2346,Daugumos klase,0,0,0.391351351351351,NaN,majority_42_full
2347,2347,Daugumos klase,0,0,0.391351351351351,NaN,majority_42_full
2348,2348,Daugumos klase,0,0,0.391351351351351,NaN,majority_42_full
2353,2353,Daugumos klase,0,0,0.391351351351351,NaN,majority_42_full
2387,2387,Daugumos klase,0,0,0.391351351351351,NaN,majority_42_full
2389,2389,Daugumos klase,0,0,0.391351351351351,NaN,majority_42_full
2394,2394,Daugumos klase,0,0,0.391351351351351,NaN,majority_42_full
2400,2400,Daugumos klase,0,0,0.391351351351351,NaN,majority_42_full
2401,2401,Daugumos klase,0,0,0.391351351351351,NaN,majority_42_full
2405,2405,Daugumos klase,0,0,0.391351351351351,NaN,majority_42_full
2406,2406,Daugumos klase,0,0,0.391351351351351,NaN,majority_42_full
2410,2410,Daugumos klase,0,0,0.391351351351351,NaN,majority_42_full
2411,2411,Daugumos klase,0,0,0.391351351351351,NaN,majority_42_full
2414,2414,Daugumos klase,0,0,0.391351351351351,NaN,majority_42_full
2418,2418,Daugumos klase,0,0,0.391351351351351,NaN,majority_42_full
2425,2425,Daugumos klase,0,0,0.391351351351351,NaN,majority_42_full
2426,2426,Daugumos klase,0,0,0.391351351351351,NaN,majority_42_full
2428,2428,Daugumos klase,0,0,0.391351351351351,NaN,majority_42_full
2431,2431,Daugumos klase,0,0,0.391351351351351,NaN,majority_42_full
2432,2432,Daugumos klase,0,0,0.391351351351351,NaN,majority_42_full
2435,2435,Daugumos klase,0,0,0.391351351351351,NaN,majority_42_full
2436,2436,Daugumos klase,0,0,0.391351351351351,NaN,majority_42_full
2438,2438,Daugumos klase,0,0,0.391351351351351,NaN,majority_42_full
2443,2443,Daugumos klase,0,0,0.391351351351351,NaN,majority_42_full
2446,2446,Daugumos klase,0,0,0.391351351351351,NaN,majority_42_full
2454,2454,Daugumos klase,0,0,0.391351351351351,NaN,majority_42_full
2460,2460,Daugumos klase,0,0,0.391351351351351,NaN,majority_42_full
2466,2466,Daugumos klase,0,0,0.391351351351351,NaN,majority_42_full
2475,2475,Daugumos klase,0,0,0.391351351351351,NaN,majority_42_full
2483,2278,Daugumos klase,0,0,0.391351351351351,NaN,majority_42_full
2485,2278,Daugumos klase,0,0,0.391351351351351,NaN,majority_42_full
2486,2279,Daugumos klase,0,0,0.391351351351351,NaN,majority_42_full
2490,2293,Daugumos klase,0,0,0.391351351351351,NaN,majority_42_full
2493,2065,Daugumos klase,0,0,0.391351351351351,NaN,majority_42_full
2503,2503,Daugumos klase,0,0,0.391351351351351,NaN,majority_42_full
2505,2505,Daugumos klase,0,0,0.391351351351351,NaN,majority_42_full
2506,2506,Daugumos klase,0,0,0.391351351351351,NaN,majority_42_full
2507,2507,Daugumos klase,0,0,0.391351351351351,NaN,majority_42_full
2508,2508,Daugumos klase,0,0,0.391351351351351,NaN,majority_42_full
2526,2526,Daugumos klase,0,0,0.391351351351351,NaN,majority_42_full
2536,2536,Daugumos klase,0,0,0.391351351351351,NaN,majority_42_full
2537,2537,Daugumos klase,0,0,0.391351351351351,NaN,majority_42_full
2539,2539,Daugumos klase,0,0,0.391351351351351,NaN,majority_42_full
2540,2540,Daugumos klase,0,0,0.391351351351351,NaN,majority_42_full
2543,2543,Daugumos klase,0,0,0.391351351351351,NaN,majority_42_full
2545,2545,Daugumos klase,0,0,0.391351351351351,NaN,majority_42_full
2550,2550,Daugumos klase,0,0,0.391351351351351,NaN,majority_42_full
2552,2552,Daugumos klase,0,0,0.391351351351351,NaN,majority_42_full
2553,2553,Daugumos klase,0,0,0.391351351351351,NaN,majority_42_full
2554,2554,Daugumos klase,0,0,0.391351351351351,NaN,majority_42_full
2555,2555,Daugumos klase,0,0,0.391351351351351,NaN,majority_42_full
2559,2559,Daugumos klase,0,0,0.391351351351351,NaN,majority_42_full
2560,2560,Daugumos klase,0,0,0.391351351351351,NaN,majority_42_full
2577,2577,Daugumos klase,0,0,0.391351351351351,NaN,majority_42_full
2580,2278,Daugumos klase,0,0,0.391351351351351,NaN,majority_42_full
2585,2585,Daugumos klase,0,0,0.391351351351351,NaN,majority_42_full
2588,2588,Daugumos klase,0,0,0.391351351351351,NaN,majority_42_full
2591,2591,Daugumos klase,0,0,0.391351351351351,NaN,majority_42_full
2593,2593,Daugumos klase,0,0,0.391351351351351,NaN,majority_42_full
2598,2598,Daugumos klase,0,0,0.391351351351351,NaN,majority_42_full
2609,2609,Daugumos klase,0,0,0.391351351351351,NaN,majority_42_full
2611,2611,Daugumos klase,0,0,0.391351351351351,NaN,majority_42_full
2613,2613,Daugumos klase,0,0,0.391351351351351,NaN,majority_42_full
2618,2618,Daugumos klase,0,0,0.391351351351351,NaN,majority_42_full
2624,2624,Daugumos klase,0,0,0.391351351351351,NaN,majority_42_full
2627,2627,Daugumos klase,0,0,0.391351351351351,NaN,majority_42_full
2638,2638,Daugumos klase,0,0,0.391351351351351,NaN,majority_42_full
2640,2640,Daugumos klase,0,0,0.391351351351351,NaN,majority_42_full
2644,2644,Daugumos klase,0,0,0.391351351351351,NaN,majority_42_full
2646,2646,Daugumos klase,0,0,0.391351351351351,NaN,majority_42_full
2649,2649,Daugumos klase,0,0,0.391351351351351,NaN,majority_42_full
2650,2650,Daugumos klase,0,0,0.391351351351351,NaN,majority_42_full
2658,2658,Daugumos klase,0,0,0.391351351351351,NaN,majority_42_full
2665,2665,Daugumos klase,0,0,0.391351351351351,NaN,majority_42_full
2670,2670,Daugumos klase,0,0,0.391351351351351,NaN,majority_42_full
2672,2672,Daugumos klase,0,0,0.391351351351351,NaN,majority_42_full
2679,2679,Daugumos klase,0,0,0.391351351351351,NaN,majority_42_full
2681,2681,Daugumos klase,0,0,0.391351351351351,NaN,majority_42_full
2690,2690,Daugumos klase,0,0,0.391351351351351,NaN,majority_42_full
2691,2691,Daugumos klase,0,0,0.391351351351351,NaN,majority_42_full
2693,2693,Daugumos klase,0,0,0.391351351351351,NaN,majority_42_full
2698,2698,Daugumos klase,0,0,0.391351351351351,NaN,majority_42_full
2701,2701,Daugumos klase,0,0,0.391351351351351,NaN,majority_42_full
2708,2708,Daugumos klase,0,0,0.391351351351351,NaN,majority_42_full
2715,2715,Daugumos klase,0,0,0.391351351351351,NaN,majority_42_full
2727,2727,Daugumos klase,0,0,0.391351351351351,NaN,majority_42_full
2728,2727,Daugumos klase,0,0,0.391351351351351,NaN,majority_42_full
2729,2727,Daugumos klase,0,0,0.391351351351351,NaN,majority_42_full
2730,2727,Daugumos klase,0,0,0.391351351351351,NaN,majority_42_full
2731,2731,Daugumos klase,0,0,0.391351351351351,NaN,majority_42_full
2732,2732,Daugumos klase,0,0,0.391351351351351,NaN,majority_42_full
2733,2733,Daugumos klase,0,0,0.391351351351351,NaN,majority_42_full
2734,2734,Daugumos klase,0,0,0.391351351351351,NaN,majority_42_full
2736,2736,Daugumos klase,0,0,0.391351351351351,NaN,majority_42_full
2738,2738,Daugumos klase,0,0,0.391351351351351,NaN,majority_42_full
2750,2750,Daugumos klase,0,0,0.391351351351351,NaN,majority_42_full
2753,2508,Daugumos klase,0,0,0.391351351351351,NaN,majority_42_full
2760,2760,Daugumos klase,0,0,0.391351351351351,NaN,majority_42_full
2761,2761,Daugumos klase,0,0,0.391351351351351,NaN,majority_42_full
2764,2764,Daugumos klase,0,0,0.391351351351351,NaN,majority_42_full
2766,2003,Daugumos klase,0,0,0.391351351351351,NaN,majority_42_full
2779,2779,Daugumos klase,0,0,0.391351351351351,NaN,majority_42_full
2796,2796,Daugumos klase,0,0,0.391351351351351,NaN,majority_42_full
2798,2798,Daugumos klase,0,0,0.391351351351351,NaN,majority_42_full
2800,2800,Daugumos klase,0,0,0.391351351351351,NaN,majority_42_full
2802,2278,Daugumos klase,0,0,0.391351351351351,NaN,majority_42_full
2805,2805,Daugumos klase,0,0,0.391351351351351,NaN,majority_42_full
2816,2816,Daugumos klase,0,0,0.391351351351351,NaN,majority_42_full
2820,2820,Daugumos klase,0,0,0.391351351351351,NaN,majority_42_full
2824,2824,Daugumos klase,0,0,0.391351351351351,NaN,majority_42_full
2829,2829,Daugumos klase,0,0,0.391351351351351,NaN,majority_42_full
2833,2833,Daugumos klase,0,0,0.391351351351351,NaN,majority_42_full
2837,2837,Daugumos klase,0,0,0.391351351351351,NaN,majority_42_full
2847,2847,Daugumos klase,0,0,0.391351351351351,NaN,majority_42_full
2850,2850,Daugumos klase,0,0,0.391351351351351,NaN,majority_42_full
2851,2851,Daugumos klase,0,0,0.391351351351351,NaN,majority_42_full
2856,2856,Daugumos klase,0,0,0.391351351351351,NaN,majority_42_full
2861,2861,Daugumos klase,0,0,0.391351351351351,NaN,majority_42_full
2873,2873,Daugumos klase,0,0,0.391351351351351,NaN,majority_42_full
2878,2878,Daugumos klase,0,0,0.391351351351351,NaN,majority_42_full
2883,2883,Daugumos klase,0,0,0.391351351351351,NaN,majority_42_full
2890,2890,Daugumos klase,0,0,0.391351351351351,NaN,majority_42_full
2891,2891,Daugumos klase,0,0,0.391351351351351,NaN,majority_42_full
2892,2892,Daugumos klase,0,0,0.391351351351351,NaN,majority_42_full
2897,2897,Daugumos klase,0,0,0.391351351351351,NaN,majority_42_full
2905,2905,Daugumos klase,0,0,0.391351351351351,NaN,majority_42_full
2907,2907,Daugumos klase,0,0,0.391351351351351,NaN,majority_42_full
2912,2912,Daugumos klase,0,0,0.391351351351351,NaN,majority_42_full
2923,2923,Daugumos klase,0,0,0.391351351351351,NaN,majority_42_full
2927,2927,Daugumos klase,0,0,0.391351351351351,NaN,majority_42_full
2931,2931,Daugumos klase,0,0,0.391351351351351,NaN,majority_42_full
2936,2936,Daugumos klase,0,0,0.391351351351351,NaN,majority_42_full
2938,2938,Daugumos klase,0,0,0.391351351351351,NaN,majority_42_full
2949,2949,Daugumos klase,0,0,0.391351351351351,NaN,majority_42_full
2956,2956,Daugumos klase,0,0,0.391351351351351,NaN,majority_42_full
2960,2960,Daugumos klase,0,0,0.391351351351351,NaN,majority_42_full
2970,2970,Daugumos klase,0,0,0.391351351351351,NaN,majority_42_full
2987,2987,Daugumos klase,0,0,0.391351351351351,NaN,majority_42_full
2993,2993,Daugumos klase,0,0,0.391351351351351,NaN,majority_42_full
3002,3002,Daugumos klase,0,0,0.391351351351351,NaN,majority_42_full
3005,2278,Daugumos klase,0,0,0.391351351351351,NaN,majority_42_full
3010,3010,Daugumos klase,0,0,0.391351351351351,NaN,majority_42_full
3011,3011,Daugumos klase,0,0,0.391351351351351,NaN,majority_42_full
3022,3022,Daugumos klase,0,0,0.391351351351351,NaN,majority_42_full
3025,3025,Daugumos klase,0,0,0.391351351351351,NaN,majority_42_full
3029,3029,Daugumos klase,0,0,0.391351351351351,NaN,majority_42_full
3031,3031,Daugumos klase,0,0,0.391351351351351,NaN,majority_42_full
3032,3032,Daugumos klase,0,0,0.391351351351351,NaN,majority_42_full
3034,2907,Daugumos klase,0,0,0.391351351351351,NaN,majority_42_full
3037,3037,Daugumos klase,0,0,0.391351351351351,NaN,majority_42_full
3042,3042,Daugumos klase,0,0,0.391351351351351,NaN,majority_42_full
3061,3061,Daugumos klase,0,0,0.391351351351351,NaN,majority_42_full
3068,3068,Daugumos klase,0,0,0.391351351351351,NaN,majority_42_full
3069,3069,Daugumos klase,0,0,0.391351351351351,NaN,majority_42_full
3085,3085,Daugumos klase,0,0,0.391351351351351,NaN,majority_42_full
3097,3097,Daugumos klase,0,0,0.391351351351351,NaN,majority_42_full
3112,2165,Daugumos klase,0,0,0.391351351351351,NaN,majority_42_full
3115,3115,Daugumos klase,0,0,0.391351351351351,NaN,majority_42_full
3152,3152,Daugumos klase,0,0,0.391351351351351,NaN,majority_42_full
3164,3164,Daugumos klase,0,0,0.391351351351351,NaN,majority_42_full
3167,2031,Daugumos klase,0,0,0.391351351351351,NaN,majority_42_full
3170,3170,Daugumos klase,0,0,0.391351351351351,NaN,majority_42_full
3172,3172,Daugumos klase,0,0,0.391351351351351,NaN,majority_42_full
3174,3174,Daugumos klase,0,0,0.391351351351351,NaN,majority_42_full
3176,3176,Daugumos klase,0,0,0.391351351351351,NaN,majority_42_full
3183,3183,Daugumos klase,0,0,0.391351351351351,NaN,majority_42_full
3185,3185,Daugumos klase,0,0,0.391351351351351,NaN,majority_42_full
3192,3192,Daugumos klase,0,0,0.391351351351351,NaN,majority_42_full
3199,3029,Daugumos klase,0,0,0.391351351351351,NaN,majority_42_full
3202,3202,Daugumos klase,0,0,0.391351351351351,NaN,majority_42_full
3205,3205,Daugumos klase,0,0,0.391351351351351,NaN,majority_42_full
3215,3215,Daugumos klase,0,0,0.391351351351351,NaN,majority_42_full
3217,3217,Daugumos klase,0,0,0.391351351351351,NaN,majority_42_full
3225,2278,Daugumos klase,0,0,0.391351351351351,NaN,majority_42_full
3236,3236,Daugumos klase,0,0,0.391351351351351,NaN,majority_42_full
3242,3242,Daugumos klase,0,0,0.391351351351351,NaN,majority_42_full
3249,3249,Daugumos klase,0,0,0.391351351351351,NaN,majority_42_full
3250,3250,Daugumos klase,0,0,0.391351351351351,NaN,majority_42_full
3252,3252,Daugumos klase,0,0,0.391351351351351,NaN,majority_42_full
3255,3255,Daugumos klase,0,0,0.391351351351351,NaN,majority_42_full
3260,3260,Daugumos klase,0,0,0.391351351351351,NaN,majority_42_full
3281,3281,Daugumos klase,0,0,0.391351351351351,NaN,majority_42_full
3282,3282,Daugumos klase,0,0,0.391351351351351,NaN,majority_42_full
3285,3285,Daugumos klase,0,0,0.391351351351351,NaN,majority_42_full
3291,3291,Daugumos klase,0,0,0.391351351351351,NaN,majority_42_full
3296,3296,Daugumos klase,0,0,0.391351351351351,NaN,majority_42_full
3299,3299,Daugumos klase,0,0,0.391351351351351,NaN,majority_42_full
3302,3302,Daugumos klase,0,0,0.391351351351351,NaN,majority_42_full
3303,3303,Daugumos klase,0,0,0.391351351351351,NaN,majority_42_full
3305,3305,Daugumos klase,0,0,0.391351351351351,NaN,majority_42_full
3312,3312,Daugumos klase,0,0,0.391351351351351,NaN,majority_42_full
3313,3313,Daugumos klase,0,0,0.391351351351351,NaN,majority_42_full
3315,3315,Daugumos klase,0,0,0.391351351351351,NaN,majority_42_full
3317,3317,Daugumos klase,0,0,0.391351351351351,NaN,majority_42_full
3318,3318,Daugumos klase,0,0,0.391351351351351,NaN,majority_42_full
3327,3327,Daugumos klase,0,0,0.391351351351351,NaN,majority_42_full
3329,3329,Daugumos klase,0,0,0.391351351351351,NaN,majority_42_full
3339,3339,Daugumos klase,0,0,0.391351351351351,NaN,majority_42_full
3345,3345,Daugumos klase,0,0,0.391351351351351,NaN,majority_42_full
3349,3349,Daugumos klase,0,0,0.391351351351351,NaN,majority_42_full
3350,3349,Daugumos klase,0,0,0.391351351351351,NaN,majority_42_full
3351,3351,Daugumos klase,0,0,0.391351351351351,NaN,majority_42_full
3356,3356,Daugumos klase,0,0,0.391351351351351,NaN,majority_42_full
3362,3362,Daugumos klase,0,0,0.391351351351351,NaN,majority_42_full
3366,3366,Daugumos klase,0,0,0.391351351351351,NaN,majority_42_full
3380,3380,Daugumos klase,0,0,0.391351351351351,NaN,majority_42_full
3385,3385,Daugumos klase,0,0,0.391351351351351,NaN,majority_42_full
3393,3393,Daugumos klase,0,0,0.391351351351351,NaN,majority_42_full
3401,3401,Daugumos klase,0,0,0.391351351351351,NaN,majority_42_full
3402,3402,Daugumos klase,0,0,0.391351351351351,NaN,majority_42_full
3408,3408,Daugumos klase,0,0,0.391351351351351,NaN,majority_42_full
3413,3413,Daugumos klase,0,0,0.391351351351351,NaN,majority_42_full
3416,3416,Daugumos klase,0,0,0.391351351351351,NaN,majority_42_full
3423,3423,Daugumos klase,0,0,0.391351351351351,NaN,majority_42_full
3424,3424,Daugumos klase,0,0,0.391351351351351,NaN,majority_42_full
3430,3430,Daugumos klase,0,0,0.391351351351351,NaN,majority_42_full
3434,3434,Daugumos klase,0,0,0.391351351351351,NaN,majority_42_full
3437,2278,Daugumos klase,0,0,0.391351351351351,NaN,majority_42_full
3450,3450,Daugumos klase,0,0,0.391351351351351,NaN,majority_42_full
3453,3453,Daugumos klase,0,0,0.391351351351351,NaN,majority_42_full
3455,3455,Daugumos klase,0,0,0.391351351351351,NaN,majority_42_full
3457,3457,Daugumos klase,0,0,0.391351351351351,NaN,majority_42_full
3458,3458,Daugumos klase,0,0,0.391351351351351,NaN,majority_42_full
3463,3463,Daugumos klase,0,0,0.391351351351351,NaN,majority_42_full
3464,3464,Daugumos klase,0,0,0.391351351351351,NaN,majority_42_full
3474,3474,Daugumos klase,0,0,0.391351351351351,NaN,majority_42_full
3475,3475,Daugumos klase,0,0,0.391351351351351,NaN,majority_42_full
3477,3477,Daugumos klase,0,0,0.391351351351351,NaN,majority_42_full
3479,3479,Daugumos klase,0,0,0.391351351351351,NaN,majority_42_full
3480,3480,Daugumos klase,0,0,0.391351351351351,NaN,majority_42_full
3481,3481,Daugumos klase,0,0,0.391351351351351,NaN,majority_42_full
3488,3488,Daugumos klase,0,0,0.391351351351351,NaN,majority_42_full
3491,3491,Daugumos klase,0,0,0.391351351351351,NaN,majority_42_full
3518,3518,Daugumos klase,0,0,0.391351351351351,NaN,majority_42_full
3521,3521,Daugumos klase,0,0,0.391351351351351,NaN,majority_42_full
3527,3527,Daugumos klase,0,0,0.391351351351351,NaN,majority_42_full
3535,3535,Daugumos klase,0,0,0.391351351351351,NaN,majority_42_full
3549,3549,Daugumos klase,0,0,0.391351351351351,NaN,majority_42_full
3551,3551,Daugumos klase,0,0,0.391351351351351,NaN,majority_42_full
3557,3557,Daugumos klase,0,0,0.391351351351351,NaN,majority_42_full
3559,3559,Daugumos klase,0,0,0.391351351351351,NaN,majority_42_full
3565,3565,Daugumos klase,0,0,0.391351351351351,NaN,majority_42_full
3567,2278,Daugumos klase,0,0,0.391351351351351,NaN,majority_42_full
3568,3568,Daugumos klase,0,0,0.391351351351351,NaN,majority_42_full
3574,3574,Daugumos klase,0,0,0.391351351351351,NaN,majority_42_full
3575,3575,Daugumos klase,0,0,0.391351351351351,NaN,majority_42_full
3580,3580,Daugumos klase,0,0,0.391351351351351,NaN,majority_42_full
3637,2031,Daugumos klase,0,0,0.391351351351351,NaN,majority_42_full
3638,2591,Daugumos klase,0,0,0.391351351351351,NaN,majority_42_full
3667,2003,Daugumos klase,0,0,0.391351351351351,NaN,majority_42_full
3679,3679,Daugumos klase,0,0,0.391351351351351,NaN,majority_42_full
3690,3690,Daugumos klase,0,0,0.391351351351351,NaN,majority_42_full
3696,3696,Daugumos klase,0,0,0.391351351351351,NaN,majority_42_full
3699,3699,Daugumos klase,0,0,0.391351351351351,NaN,majority_42_full
3702,3702,Daugumos klase,0,0,0.391351351351351,NaN,majority_42_full
3703,3703,Daugumos klase,0,0,0.391351351351351,NaN,majority_42_full
3721,3721,Daugumos klase,0,0,0.391351351351351,NaN,majority_42_full
3730,3730,Daugumos klase,0,0,0.391351351351351,NaN,majority_42_full
3743,3743,Daugumos klase,0,0,0.391351351351351,NaN,majority_42_full
3744,3744,Daugumos klase,0,0,0.391351351351351,NaN,majority_42_full
3751,3751,Daugumos klase,0,0,0.391351351351351,NaN,majority_42_full
3757,3757,Daugumos klase,0,0,0.391351351351351,NaN,majority_42_full
3762,3762,Daugumos klase,0,0,0.391351351351351,NaN,majority_42_full
3765,2278,Daugumos klase,0,0,0.391351351351351,NaN,majority_42_full
3770,3770,Daugumos klase,0,0,0.391351351351351,NaN,majority_42_full
3772,3772,Daugumos klase,0,0,0.391351351351351,NaN,majority_42_full
3775,3775,Daugumos klase,0,0,0.391351351351351,NaN,majority_42_full
3776,3776,Daugumos klase,0,0,0.391351351351351,NaN,majority_42_full
3777,3777,Daugumos klase,0,0,0.391351351351351,NaN,majority_42_full
3778,3778,Daugumos klase,0,0,0.391351351351351,NaN,majority_42_full
3779,3779,Daugumos klase,0,0,0.391351351351351,NaN,majority_42_full
3783,3783,Daugumos klase,0,0,0.391351351351351,NaN,majority_42_full
3785,3785,Daugumos klase,0,0,0.391351351351351,NaN,majority_42_full
3790,3790,Daugumos klase,0,0,0.391351351351351,NaN,majority_42_full
3792,3792,Daugumos klase,0,0,0.391351351351351,NaN,majority_42_full
3793,3793,Daugumos klase,0,0,0.391351351351351,NaN,majority_42_full
3807,3807,Daugumos klase,0,0,0.391351351351351,NaN,majority_42_full
3811,3811,Daugumos klase,0,0,0.391351351351351,NaN,majority_42_full
3816,3816,Daugumos klase,0,0,0.391351351351351,NaN,majority_42_full
3818,3818,Daugumos klase,0,0,0.391351351351351,NaN,majority_42_full
3822,3822,Daugumos klase,0,0,0.391351351351351,NaN,majority_42_full
3825,3825,Daugumos klase,0,0,0.391351351351351,NaN,majority_42_full
3828,3828,Daugumos klase,0,0,0.391351351351351,NaN,majority_42_full
3832,3832,Daugumos klase,0,0,0.391351351351351,NaN,majority_42_full
3841,3841,Daugumos klase,0,0,0.391351351351351,NaN,majority_42_full
3847,3847,Daugumos klase,0,0,0.391351351351351,NaN,majority_42_full
3850,3850,Daugumos klase,0,0,0.391351351351351,NaN,majority_42_full
3851,3851,Daugumos klase,0,0,0.391351351351351,NaN,majority_42_full
3858,3858,Daugumos klase,0,0,0.391351351351351,NaN,majority_42_full
3874,3874,Daugumos klase,0,0,0.391351351351351,NaN,majority_42_full
3885,3885,Daugumos klase,0,0,0.391351351351351,NaN,majority_42_full
3888,3888,Daugumos klase,0,0,0.391351351351351,NaN,majority_42_full
3895,3895,Daugumos klase,0,0,0.391351351351351,NaN,majority_42_full
3900,3900,Daugumos klase,0,0,0.391351351351351,NaN,majority_42_full
3905,3905,Daugumos klase,0,0,0.391351351351351,NaN,majority_42_full
3906,2278,Daugumos klase,0,0,0.391351351351351,NaN,majority_42_full
3907,3907,Daugumos klase,0,0,0.391351351351351,NaN,majority_42_full
3919,3919,Daugumos klase,0,0,0.391351351351351,NaN,majority_42_full
3924,3924,Daugumos klase,0,0,0.391351351351351,NaN,majority_42_full
3933,3933,Daugumos klase,0,0,0.391351351351351,NaN,majority_42_full
3941,3941,Daugumos klase,0,0,0.391351351351351,NaN,majority_42_full
3943,3943,Daugumos klase,0,0,0.391351351351351,NaN,majority_42_full
3948,3948,Daugumos klase,0,0,0.391351351351351,NaN,majority_42_full
3955,3955,Daugumos klase,0,0,0.391351351351351,NaN,majority_42_full
3957,3957,Daugumos klase,0,0,0.391351351351351,NaN,majority_42_full
3960,3960,Daugumos klase,0,0,0.391351351351351,NaN,majority_42_full
3962,3962,Daugumos klase,0,0,0.391351351351351,NaN,majority_42_full
3968,3968,Daugumos klase,0,0,0.391351351351351,NaN,majority_42_full
3978,3978,Daugumos klase,0,0,0.391351351351351,NaN,majority_42_full
3979,3979,Daugumos klase,0,0,0.391351351351351,NaN,majority_42_full
3983,3983,Daugumos klase,0,0,0.391351351351351,NaN,majority_42_full
3990,3990,Daugumos klase,0,0,0.391351351351351,NaN,majority_42_full
3997,3997,Daugumos klase,0,0,0.391351351351351,NaN,majority_42_full
3999,3999,Daugumos klase,0,0,0.391351351351351,NaN,majority_42_full
4016,4016,Daugumos klase,0,0,0.391351351351351,NaN,majority_42_full
4022,4022,Daugumos klase,0,0,0.391351351351351,NaN,majority_42_full
4027,4027,Daugumos klase,0,0,0.391351351351351,NaN,majority_42_full
4039,4039,Daugumos klase,0,0,0.391351351351351,NaN,majority_42_full
4046,4046,Daugumos klase,0,0,0.391351351351351,NaN,majority_42_full
4047,4047,Daugumos klase,0,0,0.391351351351351,NaN,majority_42_full
4050,4050,Daugumos klase,0,0,0.391351351351351,NaN,majority_42_full
4051,4051,Daugumos klase,0,0,0.391351351351351,NaN,majority_42_full
4057,4057,Daugumos klase,0,0,0.391351351351351,NaN,majority_42_full
4059,4059,Daugumos klase,0,0,0.391351351351351,NaN,majority_42_full
4067,4067,Daugumos klase,0,0,0.391351351351351,NaN,majority_42_full
4068,4068,Daugumos klase,0,0,0.391351351351351,NaN,majority_42_full
4084,4084,Daugumos klase,0,0,0.391351351351351,NaN,majority_42_full
4086,4086,Daugumos klase,0,0,0.391351351351351,NaN,majority_42_full
4101,4101,Daugumos klase,0,0,0.391351351351351,NaN,majority_42_full
4103,4103,Daugumos klase,0,0,0.391351351351351,NaN,majority_42_full
4104,4104,Daugumos klase,0,0,0.391351351351351,NaN,majority_42_full
4119,4119,Daugumos klase,0,0,0.391351351351351,NaN,majority_42_full
4123,4123,Daugumos klase,0,0,0.391351351351351,NaN,majority_42_full
4125,4125,Daugumos klase,0,0,0.391351351351351,NaN,majority_42_full
4132,4132,Daugumos klase,0,0,0.391351351351351,NaN,majority_42_full
4136,4136,Daugumos klase,0,0,0.391351351351351,NaN,majority_42_full
4140,4140,Daugumos klase,0,0,0.391351351351351,NaN,majority_42_full
4142,4142,Daugumos klase,0,0,0.391351351351351,NaN,majority_42_full
4147,4147,Daugumos klase,0,0,0.391351351351351,NaN,majority_42_full
4150,4150,Daugumos klase,0,0,0.391351351351351,NaN,majority_42_full
4152,4152,Daugumos klase,0,0,0.391351351351351,NaN,majority_42_full
4158,4158,Daugumos klase,0,0,0.391351351351351,NaN,majority_42_full
4164,4164,Daugumos klase,0,0,0.391351351351351,NaN,majority_42_full
4166,4166,Daugumos klase,0,0,0.391351351351351,NaN,majority_42_full
4168,4168,Daugumos klase,0,0,0.391351351351351,NaN,majority_42_full
4169,4169,Daugumos klase,0,0,0.391351351351351,NaN,majority_42_full
4172,4172,Daugumos klase,0,0,0.391351351351351,NaN,majority_42_full
4177,4177,Daugumos klase,0,0,0.391351351351351,NaN,majority_42_full
4192,4192,Daugumos klase,0,0,0.391351351351351,NaN,majority_42_full
4195,4195,Daugumos klase,0,0,0.391351351351351,NaN,majority_42_full
4197,4197,Daugumos klase,0,0,0.391351351351351,NaN,majority_42_full
4201,4201,Daugumos klase,0,0,0.391351351351351,NaN,majority_42_full
4207,4207,Daugumos klase,0,0,0.391351351351351,NaN,majority_42_full
4212,4212,Daugumos klase,0,0,0.391351351351351,NaN,majority_42_full
4213,4213,Daugumos klase,0,0,0.391351351351351,NaN,majority_42_full
4219,4219,Daugumos klase,0,0,0.391351351351351,NaN,majority_42_full
4223,4223,Daugumos klase,0,0,0.391351351351351,NaN,majority_42_full
4227,4227,Daugumos klase,0,0,0.391351351351351,NaN,majority_42_full
4231,4231,Daugumos klase,0,0,0.391351351351351,NaN,majority_42_full
4232,4232,Daugumos klase,0,0,0.391351351351351,NaN,majority_42_full
4236,4236,Daugumos klase,0,0,0.391351351351351,NaN,majority_42_full
4246,4246,Daugumos klase,0,0,0.391351351351351,NaN,majority_42_full
4249,4249,Daugumos klase,0,0,0.391351351351351,NaN,majority_42_full
4253,4253,Daugumos klase,0,0,0.391351351351351,NaN,majority_42_full
4256,4256,Daugumos klase,0,0,0.391351351351351,NaN,majority_42_full
4264,4264,Daugumos klase,0,0,0.391351351351351,NaN,majority_42_full
4265,4265,Daugumos klase,0,0,0.391351351351351,NaN,majority_42_full
4266,4266,Daugumos klase,0,0,0.391351351351351,NaN,majority_42_full
4269,4269,Daugumos klase,0,0,0.391351351351351,NaN,majority_42_full
4271,4271,Daugumos klase,0,0,0.391351351351351,NaN,majority_42_full
4273,4273,Daugumos klase,0,0,0.391351351351351,NaN,majority_42_full
4277,4277,Daugumos klase,0,0,0.391351351351351,NaN,majority_42_full
4282,4282,Daugumos klase,0,0,0.391351351351351,NaN,majority_42_full
4289,4289,Daugumos klase,0,0,0.391351351351351,NaN,majority_42_full
4291,4291,Daugumos klase,0,0,0.391351351351351,NaN,majority_42_full
4292,4292,Daugumos klase,0,0,0.391351351351351,NaN,majority_42_full
4294,4294,Daugumos klase,0,0,0.391351351351351,NaN,majority_42_full
4297,4297,Daugumos klase,0,0,0.391351351351351,NaN,majority_42_full
4303,4303,Daugumos klase,0,0,0.391351351351351,NaN,majority_42_full
4311,4311,Daugumos klase,0,0,0.391351351351351,NaN,majority_42_full
4314,4314,Daugumos klase,0,0,0.391351351351351,NaN,majority_42_full
4315,4315,Daugumos klase,0,0,0.391351351351351,NaN,majority_42_full
4327,4327,Daugumos klase,0,0,0.391351351351351,NaN,majority_42_full
4333,4333,Daugumos klase,0,0,0.391351351351351,NaN,majority_42_full
4338,4338,Daugumos klase,0,0,0.391351351351351,NaN,majority_42_full
4348,4348,Daugumos klase,0,0,0.391351351351351,NaN,majority_42_full
4353,4353,Daugumos klase,0,0,0.391351351351351,NaN,majority_42_full
4354,4354,Daugumos klase,0,0,0.391351351351351,NaN,majority_42_full
4368,4368,Daugumos klase,0,0,0.391351351351351,NaN,majority_42_full
4371,4371,Daugumos klase,0,0,0.391351351351351,NaN,majority_42_full
4372,4372,Daugumos klase,0,0,0.391351351351351,NaN,majority_42_full
4373,4373,Daugumos klase,0,0,0.391351351351351,NaN,majority_42_full
4377,4377,Daugumos klase,0,0,0.391351351351351,NaN,majority_42_full
4382,4382,Daugumos klase,0,0,0.391351351351351,NaN,majority_42_full
4392,4392,Daugumos klase,0,0,0.391351351351351,NaN,majority_42_full
4393,4393,Daugumos klase,0,0,0.391351351351351,NaN,majority_42_full
4400,4400,Daugumos klase,0,0,0.391351351351351,NaN,majority_42_full
4402,4402,Daugumos klase,0,0,0.391351351351351,NaN,majority_42_full
4412,4412,Daugumos klase,0,0,0.391351351351351,NaN,majority_42_full
4419,4419,Daugumos klase,0,0,0.391351351351351,NaN,majority_42_full
4424,4424,Daugumos klase,0,0,0.391351351351351,NaN,majority_42_full
4426,4426,Daugumos klase,0,0,0.391351351351351,NaN,majority_42_full
4430,4430,Daugumos klase,0,0,0.391351351351351,NaN,majority_42_full
4436,4436,Daugumos klase,0,0,0.391351351351351,NaN,majority_42_full
4451,4451,Daugumos klase,0,0,0.391351351351351,NaN,majority_42_full
4453,4453,Daugumos klase,0,0,0.391351351351351,NaN,majority_42_full
4460,4460,Daugumos klase,0,0,0.391351351351351,NaN,majority_42_full
4463,4463,Daugumos klase,0,0,0.391351351351351,NaN,majority_42_full
4476,4476,Daugumos klase,0,0,0.391351351351351,NaN,majority_42_full
4481,4481,Daugumos klase,0,0,0.391351351351351,NaN,majority_42_full
4497,4497,Daugumos klase,0,0,0.391351351351351,NaN,majority_42_full
4508,4508,Daugumos klase,0,0,0.391351351351351,NaN,majority_42_full
4520,4520,Daugumos klase,0,0,0.391351351351351,NaN,majority_42_full
4526,4526,Daugumos klase,0,0,0.391351351351351,NaN,majority_42_full
4535,4535,Daugumos klase,0,0,0.391351351351351,NaN,majority_42_full
4539,4539,Daugumos klase,0,0,0.391351351351351,NaN,majority_42_full
4545,4545,Daugumos klase,0,0,0.391351351351351,NaN,majority_42_full
4546,4546,Daugumos klase,0,0,0.391351351351351,NaN,majority_42_full
4555,4555,Daugumos klase,0,0,0.391351351351351,NaN,majority_42_full
4566,4566,Daugumos klase,0,0,0.391351351351351,NaN,majority_42_full
4567,4567,Daugumos klase,0,0,0.391351351351351,NaN,majority_42_full
4568,4568,Daugumos klase,0,0,0.391351351351351,NaN,majority_42_full
4569,4569,Daugumos klase,0,0,0.391351351351351,NaN,majority_42_full
4588,4588,Daugumos klase,0,0,0.391351351351351,NaN,majority_42_full
4589,4589,Daugumos klase,0,0,0.391351351351351,NaN,majority_42_full
4591,4591,Daugumos klase,0,0,0.391351351351351,NaN,majority_42_full
4600,4600,Daugumos klase,0,0,0.391351351351351,NaN,majority_42_full
2,2,Logistine regresija,1,1,0.999986582197435,0.997441327740888,lr_42_cv
4,4,Logistine regresija,1,0,0.726806753755771,0.997441327740888,lr_42_cv
10,10,Logistine regresija,1,0,0.612738216637265,0.997441327740888,lr_42_cv
12,12,Logistine regresija,1,0,0.567762384812499,0.997441327740888,lr_42_cv
13,13,Logistine regresija,1,0,0.794338277611519,0.997441327740888,lr_42_cv
17,17,Logistine regresija,1,0,0.995790929243588,0.997441327740888,lr_42_cv
22,22,Logistine regresija,1,0,0.963687861652794,0.997441327740888,lr_42_cv
24,24,Logistine regresija,1,0,0.204524744771671,0.997441327740888,lr_42_cv
25,25,Logistine regresija,1,0,0.919899220299924,0.997441327740888,lr_42_cv
26,24,Logistine regresija,1,0,0.204524744771671,0.997441327740888,lr_42_cv
32,32,Logistine regresija,1,0,0.798659841167264,0.997441327740888,lr_42_cv
33,33,Logistine regresija,1,0,0.334201618840537,0.997441327740888,lr_42_cv
48,48,Logistine regresija,1,1,0.999985814422194,0.997441327740888,lr_42_cv
51,51,Logistine regresija,1,1,0.999998951338838,0.997441327740888,lr_42_cv
54,54,Logistine regresija,1,1,0.999998908431315,0.997441327740888,lr_42_cv
67,67,Logistine regresija,1,0,0.865791289080475,0.997441327740888,lr_42_cv
68,68,Logistine regresija,1,0,0.994921602175094,0.997441327740888,lr_42_cv
70,70,Logistine regresija,1,1,0.999999598076576,0.997441327740888,lr_42_cv
72,72,Logistine regresija,1,0,0.668882026035221,0.997441327740888,lr_42_cv
73,73,Logistine regresija,1,0,0.972952083946826,0.997441327740888,lr_42_cv
76,76,Logistine regresija,1,0,0.320903095803034,0.997441327740888,lr_42_cv
79,79,Logistine regresija,1,0,0.368892580793371,0.997441327740888,lr_42_cv
89,89,Logistine regresija,1,0,0.750173235049019,0.997441327740888,lr_42_cv
92,92,Logistine regresija,1,1,0.999978582613032,0.997441327740888,lr_42_cv
93,93,Logistine regresija,1,1,0.999978448472777,0.997441327740888,lr_42_cv
97,97,Logistine regresija,1,0,0.570472850014881,0.997441327740888,lr_42_cv
101,101,Logistine regresija,1,0,0.918764552674667,0.997441327740888,lr_42_cv
103,101,Logistine regresija,1,0,0.918764552674667,0.997441327740888,lr_42_cv
105,101,Logistine regresija,1,0,0.918764552674667,0.997441327740888,lr_42_cv
107,107,Logistine regresija,1,0,0.898281752139493,0.997441327740888,lr_42_cv
109,109,Logistine regresija,1,0,0.91463008973776,0.997441327740888,lr_42_cv
125,125,Logistine regresija,1,1,0.998911603267122,0.997441327740888,lr_42_cv
133,133,Logistine regresija,1,0,0.966982507842633,0.997441327740888,lr_42_cv
148,148,Logistine regresija,1,0,0.541233101698912,0.997441327740888,lr_42_cv
159,159,Logistine regresija,1,0,0.969659887535279,0.997441327740888,lr_42_cv
163,163,Logistine regresija,1,0,0.597460336712112,0.997441327740888,lr_42_cv
167,167,Logistine regresija,1,0,0.545019955972487,0.997441327740888,lr_42_cv
170,170,Logistine regresija,1,0,0.847361123311251,0.997441327740888,lr_42_cv
176,176,Logistine regresija,1,1,0.999999530760696,0.997441327740888,lr_42_cv
177,177,Logistine regresija,1,0,0.860066818558219,0.997441327740888,lr_42_cv
180,180,Logistine regresija,1,0,0.990055878314661,0.997441327740888,lr_42_cv
184,184,Logistine regresija,1,0,0.143142334341097,0.997441327740888,lr_42_cv
187,187,Logistine regresija,1,1,0.999970131492266,0.997441327740888,lr_42_cv
192,192,Logistine regresija,1,0,0.783331908429917,0.997441327740888,lr_42_cv
193,193,Logistine regresija,1,0,0.79583005600517,0.997441327740888,lr_42_cv
199,199,Logistine regresija,1,0,0.909848640138217,0.997441327740888,lr_42_cv
207,207,Logistine regresija,1,0,0.978726274060413,0.997441327740888,lr_42_cv
208,208,Logistine regresija,1,0,0.765638916513005,0.997441327740888,lr_42_cv
209,209,Logistine regresija,1,1,0.999987766457677,0.997441327740888,lr_42_cv
211,211,Logistine regresija,1,0,0.946072148422966,0.997441327740888,lr_42_cv
214,214,Logistine regresija,1,0,0.793753865882956,0.997441327740888,lr_42_cv
222,222,Logistine regresija,1,0,0.947548438453122,0.997441327740888,lr_42_cv
229,229,Logistine regresija,1,1,0.999970999606429,0.997441327740888,lr_42_cv
234,234,Logistine regresija,1,1,0.999999986083317,0.997441327740888,lr_42_cv
238,238,Logistine regresija,1,0,0.984906626564034,0.997441327740888,lr_42_cv
245,245,Logistine regresija,1,0,0.991865630914099,0.997441327740888,lr_42_cv
250,250,Logistine regresija,1,0,0.00033668777310452,0.997441327740888,lr_42_cv
252,252,Logistine regresija,1,0,0.946187466024941,0.997441327740888,lr_42_cv
258,258,Logistine regresija,1,0,0.960706606040356,0.997441327740888,lr_42_cv
260,260,Logistine regresija,1,0,0.960482936975844,0.997441327740888,lr_42_cv
262,262,Logistine regresija,1,0,0.784102206819738,0.997441327740888,lr_42_cv
271,271,Logistine regresija,1,0,0.810298798019168,0.997441327740888,lr_42_cv
290,290,Logistine regresija,1,1,0.999999886236244,0.997441327740888,lr_42_cv
294,294,Logistine regresija,1,0,0.291923534157266,0.997441327740888,lr_42_cv
302,302,Logistine regresija,1,0,0.796217267155249,0.997441327740888,lr_42_cv
303,303,Logistine regresija,1,1,0.99951773297267,0.997441327740888,lr_42_cv
317,317,Logistine regresija,1,0,0.854937483511167,0.997441327740888,lr_42_cv
321,321,Logistine regresija,1,0,0.304828089982419,0.997441327740888,lr_42_cv
324,321,Logistine regresija,1,0,0.304828089982419,0.997441327740888,lr_42_cv
329,329,Logistine regresija,1,0,0.997270273404436,0.997441327740888,lr_42_cv
337,337,Logistine regresija,1,0,0.664180930958486,0.997441327740888,lr_42_cv
340,340,Logistine regresija,1,0,0.923762399509454,0.997441327740888,lr_42_cv
345,345,Logistine regresija,1,1,0.999392624142614,0.997441327740888,lr_42_cv
346,337,Logistine regresija,1,0,0.664180930958486,0.997441327740888,lr_42_cv
349,337,Logistine regresija,1,0,0.664180930958486,0.997441327740888,lr_42_cv
351,351,Logistine regresija,1,0,0.00433746295093527,0.997441327740888,lr_42_cv
357,357,Logistine regresija,1,1,0.999420186082086,0.997441327740888,lr_42_cv
359,359,Logistine regresija,1,0,0.935932671308091,0.997441327740888,lr_42_cv
361,361,Logistine regresija,1,0,0.928242022867949,0.997441327740888,lr_42_cv
364,364,Logistine regresija,1,0,0.924484720914417,0.997441327740888,lr_42_cv
370,359,Logistine regresija,1,0,0.935932671308091,0.997441327740888,lr_42_cv
372,372,Logistine regresija,1,0,0.98363522974322,0.997441327740888,lr_42_cv
379,317,Logistine regresija,1,0,0.854937483511167,0.997441327740888,lr_42_cv
383,383,Logistine regresija,1,0,0.495418845045563,0.997441327740888,lr_42_cv
392,392,Logistine regresija,1,1,0.999990378803717,0.997441327740888,lr_42_cv
397,397,Logistine regresija,1,0,0.956695551426437,0.997441327740888,lr_42_cv
398,398,Logistine regresija,1,1,0.99917698785179,0.997441327740888,lr_42_cv
402,402,Logistine regresija,1,0,0.488395943201953,0.997441327740888,lr_42_cv
405,405,Logistine regresija,1,0,0.957480021282868,0.997441327740888,lr_42_cv
408,408,Logistine regresija,1,0,0.996443260141704,0.997441327740888,lr_42_cv
409,409,Logistine regresija,1,0,0.450361518898263,0.997441327740888,lr_42_cv
414,414,Logistine regresija,1,1,0.998977363594965,0.997441327740888,lr_42_cv
417,417,Logistine regresija,1,0,0.99412239867668,0.997441327740888,lr_42_cv
418,418,Logistine regresija,1,0,0.993616892664449,0.997441327740888,lr_42_cv
428,428,Logistine regresija,1,0,0.990749810882738,0.997441327740888,lr_42_cv
436,436,Logistine regresija,1,0,0.517362707786422,0.997441327740888,lr_42_cv
437,437,Logistine regresija,1,0,0.465983796200506,0.997441327740888,lr_42_cv
442,442,Logistine regresija,1,1,0.999998908793934,0.997441327740888,lr_42_cv
450,450,Logistine regresija,1,0,0.84216625484133,0.997441327740888,lr_42_cv
453,453,Logistine regresija,1,1,0.999370677937122,0.997441327740888,lr_42_cv
465,465,Logistine regresija,1,1,0.999999999371799,0.997441327740888,lr_42_cv
482,482,Logistine regresija,1,0,0.881290342226792,0.997441327740888,lr_42_cv
484,484,Logistine regresija,1,1,0.999931181788752,0.997441327740888,lr_42_cv
486,486,Logistine regresija,1,1,0.999948312507959,0.997441327740888,lr_42_cv
487,487,Logistine regresija,1,1,0.999213742807333,0.997441327740888,lr_42_cv
490,490,Logistine regresija,1,1,0.999949586224832,0.997441327740888,lr_42_cv
491,491,Logistine regresija,1,1,0.999900474905345,0.997441327740888,lr_42_cv
492,486,Logistine regresija,1,1,0.999948312507959,0.997441327740888,lr_42_cv
496,496,Logistine regresija,1,0,0.16382989029289,0.997441327740888,lr_42_cv
498,498,Logistine regresija,1,0,0.995217219050591,0.997441327740888,lr_42_cv
512,512,Logistine regresija,1,1,0.999967367048161,0.997441327740888,lr_42_cv
516,516,Logistine regresija,1,0,0.972182032958054,0.997441327740888,lr_42_cv
531,531,Logistine regresija,1,1,0.999996368484516,0.997441327740888,lr_42_cv
544,544,Logistine regresija,1,0,0.971985554520614,0.997441327740888,lr_42_cv
550,550,Logistine regresija,1,0,0.346001240580099,0.997441327740888,lr_42_cv
553,553,Logistine regresija,1,0,0.775876103550504,0.997441327740888,lr_42_cv
556,556,Logistine regresija,1,0,0.764434887305253,0.997441327740888,lr_42_cv
565,565,Logistine regresija,1,0,0.994988130246072,0.997441327740888,lr_42_cv
567,567,Logistine regresija,1,0,0.844601470947244,0.997441327740888,lr_42_cv
578,567,Logistine regresija,1,0,0.844601470947244,0.997441327740888,lr_42_cv
593,593,Logistine regresija,1,0,0.827806337913456,0.997441327740888,lr_42_cv
596,596,Logistine regresija,1,0,0.532093766787543,0.997441327740888,lr_42_cv
602,602,Logistine regresija,1,0,0.785250098637342,0.997441327740888,lr_42_cv
607,607,Logistine regresija,1,0,0.99448943005319,0.997441327740888,lr_42_cv
610,610,Logistine regresija,1,1,0.999212160075454,0.997441327740888,lr_42_cv
613,610,Logistine regresija,1,1,0.999212160075454,0.997441327740888,lr_42_cv
615,615,Logistine regresija,1,0,0.978881491917082,0.997441327740888,lr_42_cv
617,596,Logistine regresija,1,0,0.532093766787543,0.997441327740888,lr_42_cv
634,634,Logistine regresija,1,0,0.804330774077416,0.997441327740888,lr_42_cv
635,635,Logistine regresija,1,0,0.640546940094952,0.997441327740888,lr_42_cv
644,644,Logistine regresija,1,0,0.947867950209481,0.997441327740888,lr_42_cv
647,647,Logistine regresija,1,1,0.999290081157608,0.997441327740888,lr_42_cv
652,652,Logistine regresija,1,0,0.558795488756028,0.997441327740888,lr_42_cv
656,656,Logistine regresija,1,1,0.998119955201622,0.997441327740888,lr_42_cv
659,659,Logistine regresija,1,0,0.793969109593943,0.997441327740888,lr_42_cv
661,661,Logistine regresija,1,0,0.164678332821886,0.997441327740888,lr_42_cv
670,670,Logistine regresija,1,1,0.999997017267018,0.997441327740888,lr_42_cv
675,675,Logistine regresija,1,0,0.990750288395436,0.997441327740888,lr_42_cv
683,683,Logistine regresija,1,0,0.769195874416581,0.997441327740888,lr_42_cv
686,686,Logistine regresija,1,1,0.999652066195846,0.997441327740888,lr_42_cv
687,687,Logistine regresija,1,0,0.996818038224138,0.997441327740888,lr_42_cv
692,670,Logistine regresija,1,1,0.999997017267018,0.997441327740888,lr_42_cv
693,693,Logistine regresija,1,1,0.998301081824598,0.997441327740888,lr_42_cv
695,695,Logistine regresija,1,1,0.999956450208359,0.997441327740888,lr_42_cv
698,695,Logistine regresija,1,1,0.999956450208359,0.997441327740888,lr_42_cv
701,701,Logistine regresija,1,0,0.995243187708126,0.997441327740888,lr_42_cv
717,717,Logistine regresija,1,0,0.996126991469218,0.997441327740888,lr_42_cv
718,718,Logistine regresija,1,0,0.792785124613656,0.997441327740888,lr_42_cv
720,720,Logistine regresija,1,0,0.995244809031398,0.997441327740888,lr_42_cv
722,695,Logistine regresija,1,1,0.999956450208359,0.997441327740888,lr_42_cv
723,723,Logistine regresija,1,1,0.999970160996198,0.997441327740888,lr_42_cv
726,726,Logistine regresija,1,1,0.999969136638054,0.997441327740888,lr_42_cv
729,729,Logistine regresija,1,0,0.975883547708637,0.997441327740888,lr_42_cv
732,732,Logistine regresija,1,0,0.997258693393809,0.997441327740888,lr_42_cv
735,735,Logistine regresija,1,0,0.916611956651013,0.997441327740888,lr_42_cv
736,736,Logistine regresija,1,0,0.944988145490312,0.997441327740888,lr_42_cv
737,737,Logistine regresija,1,0,0.365792273170234,0.997441327740888,lr_42_cv
748,748,Logistine regresija,1,0,0.0564684178439835,0.997441327740888,lr_42_cv
749,749,Logistine regresija,1,0,0.720548109718466,0.997441327740888,lr_42_cv
751,751,Logistine regresija,1,1,0.999960075460143,0.997441327740888,lr_42_cv
752,752,Logistine regresija,1,1,0.998403162097706,0.997441327740888,lr_42_cv
754,754,Logistine regresija,1,0,0.857031799372535,0.997441327740888,lr_42_cv
755,755,Logistine regresija,1,0,0.866106536923647,0.997441327740888,lr_42_cv
764,764,Logistine regresija,1,0,0.540384951871097,0.997441327740888,lr_42_cv
769,769,Logistine regresija,1,0,0.988730633445292,0.997441327740888,lr_42_cv
782,782,Logistine regresija,1,0,0.859894203693076,0.997441327740888,lr_42_cv
783,783,Logistine regresija,1,0,0.830974466456627,0.997441327740888,lr_42_cv
787,787,Logistine regresija,1,0,0.858691112386841,0.997441327740888,lr_42_cv
788,787,Logistine regresija,1,0,0.858691112386841,0.997441327740888,lr_42_cv
797,797,Logistine regresija,1,1,0.998380840123565,0.997441327740888,lr_42_cv
799,799,Logistine regresija,1,0,0.987274643518871,0.997441327740888,lr_42_cv
800,800,Logistine regresija,1,0,0.993174733087353,0.997441327740888,lr_42_cv
803,803,Logistine regresija,1,0,0.528000170323733,0.997441327740888,lr_42_cv
813,813,Logistine regresija,1,0,0.679642735777281,0.997441327740888,lr_42_cv
815,815,Logistine regresija,1,0,0.815551667722105,0.997441327740888,lr_42_cv
824,824,Logistine regresija,1,0,0.884280948194939,0.997441327740888,lr_42_cv
827,827,Logistine regresija,1,0,0.773694795316524,0.997441327740888,lr_42_cv
834,834,Logistine regresija,1,1,0.999897913722039,0.997441327740888,lr_42_cv
838,838,Logistine regresija,1,0,0.832194843516807,0.997441327740888,lr_42_cv
842,842,Logistine regresija,1,1,0.999951367700511,0.997441327740888,lr_42_cv
846,846,Logistine regresija,1,0,0.995542846766186,0.997441327740888,lr_42_cv
847,847,Logistine regresija,1,1,0.998893597470417,0.997441327740888,lr_42_cv
853,853,Logistine regresija,1,0,0.766940015587697,0.997441327740888,lr_42_cv
859,859,Logistine regresija,1,1,0.999933104145276,0.997441327740888,lr_42_cv
862,862,Logistine regresija,1,1,0.998154381078816,0.997441327740888,lr_42_cv
870,870,Logistine regresija,1,0,0.162926897126612,0.997441327740888,lr_42_cv
872,872,Logistine regresija,1,1,0.999712806763073,0.997441327740888,lr_42_cv
879,879,Logistine regresija,1,1,0.998812020145987,0.997441327740888,lr_42_cv
881,881,Logistine regresija,1,0,0.906055920076647,0.997441327740888,lr_42_cv
891,891,Logistine regresija,1,0,0.915841972787952,0.997441327740888,lr_42_cv
903,903,Logistine regresija,1,0,0.879190750970685,0.997441327740888,lr_42_cv
909,909,Logistine regresija,1,0,0.976138173523171,0.997441327740888,lr_42_cv
911,911,Logistine regresija,1,0,0.973354088362143,0.997441327740888,lr_42_cv
923,923,Logistine regresija,1,1,0.999068000884744,0.997441327740888,lr_42_cv
927,927,Logistine regresija,1,0,0.994212097359549,0.997441327740888,lr_42_cv
934,934,Logistine regresija,1,0,0.690060491741372,0.997441327740888,lr_42_cv
935,935,Logistine regresija,1,1,0.999999982344684,0.997441327740888,lr_42_cv
937,937,Logistine regresija,1,0,0.626964037992083,0.997441327740888,lr_42_cv
965,965,Logistine regresija,1,0,0.407170011170459,0.997441327740888,lr_42_cv
966,966,Logistine regresija,1,0,0.510005395482682,0.997441327740888,lr_42_cv
975,975,Logistine regresija,1,1,0.999796096464214,0.997441327740888,lr_42_cv
982,982,Logistine regresija,1,0,0.778912809538123,0.997441327740888,lr_42_cv
989,989,Logistine regresija,1,1,0.999181927298274,0.997441327740888,lr_42_cv
993,993,Logistine regresija,1,0,0.888211615119144,0.997441327740888,lr_42_cv
1010,1010,Logistine regresija,1,1,0.999993110603577,0.997441327740888,lr_42_cv
1025,695,Logistine regresija,1,1,0.999956450208359,0.997441327740888,lr_42_cv
1033,1033,Logistine regresija,1,0,0.990664696969712,0.997441327740888,lr_42_cv
1037,1037,Logistine regresija,1,1,0.999999422833116,0.997441327740888,lr_42_cv
1054,1054,Logistine regresija,1,0,0.99277099306373,0.997441327740888,lr_42_cv
1066,1066,Logistine regresija,1,1,0.99955901909642,0.997441327740888,lr_42_cv
1073,1073,Logistine regresija,1,0,0.923295972923221,0.997441327740888,lr_42_cv
1074,1074,Logistine regresija,1,0,0.985961342724525,0.997441327740888,lr_42_cv
1079,1079,Logistine regresija,1,0,0.984621836219773,0.997441327740888,lr_42_cv
1095,1095,Logistine regresija,1,0,0.996374241309028,0.997441327740888,lr_42_cv
1098,1098,Logistine regresija,1,1,0.999981468011186,0.997441327740888,lr_42_cv
1100,1100,Logistine regresija,1,0,0.283035682013221,0.997441327740888,lr_42_cv
1105,1105,Logistine regresija,1,0,0.965468418810299,0.997441327740888,lr_42_cv
1107,1107,Logistine regresija,1,1,0.999999999991928,0.997441327740888,lr_42_cv
1108,1108,Logistine regresija,1,1,0.999766058634406,0.997441327740888,lr_42_cv
1113,891,Logistine regresija,1,0,0.915841972787952,0.997441327740888,lr_42_cv
1119,1119,Logistine regresija,1,0,0.885739851845221,0.997441327740888,lr_42_cv
1120,1120,Logistine regresija,1,0,0.896157117104505,0.997441327740888,lr_42_cv
1131,1131,Logistine regresija,1,0,0.953445302685336,0.997441327740888,lr_42_cv
1132,1132,Logistine regresija,1,0,0.956768620596421,0.997441327740888,lr_42_cv
1133,1095,Logistine regresija,1,0,0.996374241309028,0.997441327740888,lr_42_cv
1135,1135,Logistine regresija,1,0,0.914933197947726,0.997441327740888,lr_42_cv
1142,1142,Logistine regresija,1,1,0.998543360673266,0.997441327740888,lr_42_cv
1143,1143,Logistine regresija,1,0,0.456774279991153,0.997441327740888,lr_42_cv
1144,1144,Logistine regresija,1,1,0.999803242881213,0.997441327740888,lr_42_cv
1146,1146,Logistine regresija,1,0,0.37011955161469,0.997441327740888,lr_42_cv
1178,1178,Logistine regresija,1,0,0.512045902191027,0.997441327740888,lr_42_cv
1181,1181,Logistine regresija,1,1,0.999993897219062,0.997441327740888,lr_42_cv
1184,1184,Logistine regresija,1,0,0.993946447535076,0.997441327740888,lr_42_cv
1189,1189,Logistine regresija,1,0,0.636515872328588,0.997441327740888,lr_42_cv
1193,1193,Logistine regresija,1,0,0.986161902435336,0.997441327740888,lr_42_cv
1202,695,Logistine regresija,1,1,0.999956450208359,0.997441327740888,lr_42_cv
1206,1206,Logistine regresija,1,0,0.65218548626684,0.997441327740888,lr_42_cv
1210,1210,Logistine regresija,1,1,0.999032130792563,0.997441327740888,lr_42_cv
1213,1213,Logistine regresija,1,0,0.93197820889358,0.997441327740888,lr_42_cv
1217,1217,Logistine regresija,1,0,0.995178571290673,0.997441327740888,lr_42_cv
1218,1218,Logistine regresija,1,1,0.999973511641862,0.997441327740888,lr_42_cv
1227,1227,Logistine regresija,1,0,0.66039036880138,0.997441327740888,lr_42_cv
1229,1229,Logistine regresija,1,1,0.999959438218302,0.997441327740888,lr_42_cv
1230,1227,Logistine regresija,1,0,0.66039036880138,0.997441327740888,lr_42_cv
1231,1231,Logistine regresija,1,0,0.590375204509008,0.997441327740888,lr_42_cv
1239,1239,Logistine regresija,1,0,0.934531621689928,0.997441327740888,lr_42_cv
1241,1241,Logistine regresija,1,0,0.987122800314889,0.997441327740888,lr_42_cv
1242,1241,Logistine regresija,1,0,0.987122800314889,0.997441327740888,lr_42_cv
1246,1246,Logistine regresija,1,0,0.288339785336745,0.997441327740888,lr_42_cv
1249,1249,Logistine regresija,1,0,0.917087487395827,0.997441327740888,lr_42_cv
1250,1250,Logistine regresija,1,0,0.971049481363814,0.997441327740888,lr_42_cv
1251,1249,Logistine regresija,1,0,0.917087487395827,0.997441327740888,lr_42_cv
1254,1254,Logistine regresija,1,1,0.997937355732616,0.997441327740888,lr_42_cv
1266,695,Logistine regresija,1,1,0.999956450208359,0.997441327740888,lr_42_cv
1268,695,Logistine regresija,1,1,0.999956450208359,0.997441327740888,lr_42_cv
1269,1269,Logistine regresija,1,0,0.991919863752667,0.997441327740888,lr_42_cv
1272,1272,Logistine regresija,1,0,0.988716066708375,0.997441327740888,lr_42_cv
1281,1281,Logistine regresija,1,0,0.0406061239751812,0.997441327740888,lr_42_cv
1283,1272,Logistine regresija,1,0,0.988716066708375,0.997441327740888,lr_42_cv
1286,1286,Logistine regresija,1,0,0.993498022744724,0.997441327740888,lr_42_cv
1288,1288,Logistine regresija,1,1,0.999995745106849,0.997441327740888,lr_42_cv
1291,1291,Logistine regresija,1,0,0.936999003241704,0.997441327740888,lr_42_cv
1294,1294,Logistine regresija,1,0,0.511455730900334,0.997441327740888,lr_42_cv
1295,1295,Logistine regresija,1,0,0.957848977670133,0.997441327740888,lr_42_cv
1301,1301,Logistine regresija,1,0,0.931873363009834,0.997441327740888,lr_42_cv
1306,1306,Logistine regresija,1,1,0.999701418093197,0.997441327740888,lr_42_cv
1311,1311,Logistine regresija,1,0,0.994081646547868,0.997441327740888,lr_42_cv
1314,1314,Logistine regresija,1,1,0.999565930369854,0.997441327740888,lr_42_cv
1320,1320,Logistine regresija,1,1,0.997788690658403,0.997441327740888,lr_42_cv
1337,1337,Logistine regresija,1,1,0.999967509023724,0.997441327740888,lr_42_cv
1338,1338,Logistine regresija,1,0,0.995775041643946,0.997441327740888,lr_42_cv
1342,1342,Logistine regresija,1,0,0.613640346883099,0.997441327740888,lr_42_cv
1343,1343,Logistine regresija,1,0,0.925197967784601,0.997441327740888,lr_42_cv
1356,842,Logistine regresija,1,1,0.999951367700511,0.997441327740888,lr_42_cv
1359,842,Logistine regresija,1,1,0.999951367700511,0.997441327740888,lr_42_cv
1361,1361,Logistine regresija,1,1,0.999994638365324,0.997441327740888,lr_42_cv
1369,1369,Logistine regresija,1,1,0.999499261776909,0.997441327740888,lr_42_cv
1371,1371,Logistine regresija,1,0,0.985239494504212,0.997441327740888,lr_42_cv
1375,1375,Logistine regresija,1,1,0.999328593082103,0.997441327740888,lr_42_cv
1377,1377,Logistine regresija,1,1,0.999981852603192,0.997441327740888,lr_42_cv
1382,1382,Logistine regresija,1,0,0.246515495836999,0.997441327740888,lr_42_cv
1389,1389,Logistine regresija,1,1,0.998100675038877,0.997441327740888,lr_42_cv
1397,1397,Logistine regresija,1,0,0.978195876894665,0.997441327740888,lr_42_cv
1399,1399,Logistine regresija,1,0,0.716998881007693,0.997441327740888,lr_42_cv
1409,1409,Logistine regresija,1,0,0.83367982299533,0.997441327740888,lr_42_cv
1419,1419,Logistine regresija,1,0,0.870460957873226,0.997441327740888,lr_42_cv
1422,1422,Logistine regresija,1,0,0.803358136399127,0.997441327740888,lr_42_cv
1427,1427,Logistine regresija,1,1,0.999449404063274,0.997441327740888,lr_42_cv
1428,1361,Logistine regresija,1,1,0.999994638365324,0.997441327740888,lr_42_cv
1436,1436,Logistine regresija,1,0,0.832207230057044,0.997441327740888,lr_42_cv
1440,1440,Logistine regresija,1,0,0.935997366106211,0.997441327740888,lr_42_cv
1441,1441,Logistine regresija,1,1,0.997442549389163,0.997441327740888,lr_42_cv
1444,1444,Logistine regresija,1,0,0.996549639457615,0.997441327740888,lr_42_cv
1446,1446,Logistine regresija,1,0,0.346080594018389,0.997441327740888,lr_42_cv
1453,1453,Logistine regresija,1,0,0.597820525655881,0.997441327740888,lr_42_cv
1456,1456,Logistine regresija,1,0,0.602855959017289,0.997441327740888,lr_42_cv
1459,1459,Logistine regresija,1,1,0.999809704613986,0.997441327740888,lr_42_cv
1463,1463,Logistine regresija,1,0,0.705223823755596,0.997441327740888,lr_42_cv
1467,1467,Logistine regresija,1,0,0.687195984794528,0.997441327740888,lr_42_cv
1469,1469,Logistine regresija,1,1,0.997650081651729,0.997441327740888,lr_42_cv
1477,1477,Logistine regresija,1,0,0.949113174654037,0.997441327740888,lr_42_cv
1495,1495,Logistine regresija,1,1,0.999044146359018,0.997441327740888,lr_42_cv
1497,1497,Logistine regresija,1,0,0.954843911978929,0.997441327740888,lr_42_cv
1499,1499,Logistine regresija,1,0,0.98788375087057,0.997441327740888,lr_42_cv
1500,1500,Logistine regresija,1,1,0.999903564702513,0.997441327740888,lr_42_cv
1501,1501,Logistine regresija,1,1,0.999946946891904,0.997441327740888,lr_42_cv
1509,1509,Logistine regresija,1,0,0.987638429917255,0.997441327740888,lr_42_cv
1511,1511,Logistine regresija,1,0,0.239176918341209,0.997441327740888,lr_42_cv
1512,1512,Logistine regresija,1,1,0.997747381564974,0.997441327740888,lr_42_cv
1513,1513,Logistine regresija,1,0,0.986140109565399,0.997441327740888,lr_42_cv
1514,1514,Logistine regresija,1,0,0.940856493419177,0.997441327740888,lr_42_cv
1517,1517,Logistine regresija,1,0,0.545154002462035,0.997441327740888,lr_42_cv
1520,1520,Logistine regresija,1,0,0.687591737773788,0.997441327740888,lr_42_cv
1524,1520,Logistine regresija,1,0,0.687591737773788,0.997441327740888,lr_42_cv
1528,1528,Logistine regresija,1,1,0.997479419565243,0.997441327740888,lr_42_cv
1529,1529,Logistine regresija,1,0,0.985951397972005,0.997441327740888,lr_42_cv
1534,1534,Logistine regresija,1,0,0.988828227988961,0.997441327740888,lr_42_cv
1546,1546,Logistine regresija,1,0,0.93720701587574,0.997441327740888,lr_42_cv
1553,1553,Logistine regresija,1,0,0.959698403356655,0.997441327740888,lr_42_cv
1556,1556,Logistine regresija,1,0,0.1606057382471,0.997441327740888,lr_42_cv
1559,1559,Logistine regresija,1,0,0.865814612251814,0.997441327740888,lr_42_cv
1561,1561,Logistine regresija,1,0,0.994743862927603,0.997441327740888,lr_42_cv
1563,1563,Logistine regresija,1,0,0.997148270476413,0.997441327740888,lr_42_cv
1565,1565,Logistine regresija,1,0,0.988170793003165,0.997441327740888,lr_42_cv
1566,1566,Logistine regresija,1,0,0.250484540100399,0.997441327740888,lr_42_cv
1567,1567,Logistine regresija,1,0,0.919552482046703,0.997441327740888,lr_42_cv
1579,1579,Logistine regresija,1,0,0.520834326197117,0.997441327740888,lr_42_cv
1580,1580,Logistine regresija,1,0,0.819339029116422,0.997441327740888,lr_42_cv
1582,1582,Logistine regresija,1,1,0.998647004910766,0.997441327740888,lr_42_cv
1583,1561,Logistine regresija,1,0,0.994743862927603,0.997441327740888,lr_42_cv
1593,1593,Logistine regresija,1,1,0.999981426330098,0.997441327740888,lr_42_cv
1594,1594,Logistine regresija,1,0,0.76767536011136,0.997441327740888,lr_42_cv
1596,1596,Logistine regresija,1,0,0.98554819570069,0.997441327740888,lr_42_cv
1597,1597,Logistine regresija,1,0,0.951668196450664,0.997441327740888,lr_42_cv
1608,1608,Logistine regresija,1,0,0.99353794725757,0.997441327740888,lr_42_cv
1617,1617,Logistine regresija,1,0,0.0356655354328144,0.997441327740888,lr_42_cv
1621,1621,Logistine regresija,1,0,0.145436024585149,0.997441327740888,lr_42_cv
1623,1623,Logistine regresija,1,0,0.145208649384636,0.997441327740888,lr_42_cv
1636,1636,Logistine regresija,1,0,0.116942748125615,0.997441327740888,lr_42_cv
1643,1643,Logistine regresija,1,0,0.970020146651837,0.997441327740888,lr_42_cv
1668,1668,Logistine regresija,1,1,0.999630118645445,0.997441327740888,lr_42_cv
1692,1692,Logistine regresija,1,1,0.999494775979406,0.997441327740888,lr_42_cv
1702,1702,Logistine regresija,1,1,0.997503827314631,0.997441327740888,lr_42_cv
1708,1708,Logistine regresija,1,1,0.997506961780707,0.997441327740888,lr_42_cv
1710,1710,Logistine regresija,1,0,0.0884388311859421,0.997441327740888,lr_42_cv
1711,1711,Logistine regresija,1,0,0.217951037270382,0.997441327740888,lr_42_cv
1717,1717,Logistine regresija,1,0,0.0519812039186266,0.997441327740888,lr_42_cv
1718,1718,Logistine regresija,1,1,0.998554288129203,0.997441327740888,lr_42_cv
1722,1722,Logistine regresija,1,0,0.146707844309776,0.997441327740888,lr_42_cv
1745,1745,Logistine regresija,1,0,0.745856865736473,0.997441327740888,lr_42_cv
1748,1748,Logistine regresija,1,0,0.769355995049031,0.997441327740888,lr_42_cv
1751,1751,Logistine regresija,1,0,0.193581563679354,0.997441327740888,lr_42_cv
1752,1752,Logistine regresija,1,0,0.117384924616613,0.997441327740888,lr_42_cv
1753,1753,Logistine regresija,1,1,1,0.997441327740888,lr_42_cv
1754,1754,Logistine regresija,1,0,0.996555356448408,0.997441327740888,lr_42_cv
1756,1756,Logistine regresija,1,0,0.990055356239265,0.997441327740888,lr_42_cv
1757,1757,Logistine regresija,1,0,0.975225978663484,0.997441327740888,lr_42_cv
1758,1758,Logistine regresija,1,0,0.949223675980465,0.997441327740888,lr_42_cv
1759,1759,Logistine regresija,1,0,0.942366101489354,0.997441327740888,lr_42_cv
1765,1765,Logistine regresija,1,0,0.962768602371219,0.997441327740888,lr_42_cv
1768,1768,Logistine regresija,1,0,0.0509102626735613,0.997441327740888,lr_42_cv
1770,1770,Logistine regresija,1,0,0.988675551908134,0.997441327740888,lr_42_cv
1772,1772,Logistine regresija,1,1,0.999957899853873,0.997441327740888,lr_42_cv
1792,1792,Logistine regresija,1,0,0.834765667386207,0.997441327740888,lr_42_cv
1803,1803,Logistine regresija,1,0,0.987277754041617,0.997441327740888,lr_42_cv
1805,799,Logistine regresija,1,0,0.987274643518871,0.997441327740888,lr_42_cv
1809,1809,Logistine regresija,1,1,0.998932309159736,0.997441327740888,lr_42_cv
1810,1810,Logistine regresija,1,0,0.910537406179403,0.997441327740888,lr_42_cv
1816,1816,Logistine regresija,0,0,2.76116877156797e-05,0.997441327740888,lr_42_cv
1818,1818,Logistine regresija,0,0,8.46781709339421e-12,0.997441327740888,lr_42_cv
1829,1829,Logistine regresija,0,0,0.12392748703544,0.997441327740888,lr_42_cv
1830,1830,Logistine regresija,0,0,0.000409934688030099,0.997441327740888,lr_42_cv
1832,1832,Logistine regresija,0,0,3.60681137127091e-05,0.997441327740888,lr_42_cv
1836,1836,Logistine regresija,0,0,0.00446112709054666,0.997441327740888,lr_42_cv
1839,1839,Logistine regresija,0,0,0.0338820243583075,0.997441327740888,lr_42_cv
1841,1841,Logistine regresija,0,0,0.00176631829172529,0.997441327740888,lr_42_cv
1843,1843,Logistine regresija,0,0,0.471285383633722,0.997441327740888,lr_42_cv
1851,1851,Logistine regresija,0,0,0.0328839890318097,0.997441327740888,lr_42_cv
1859,1859,Logistine regresija,0,0,5.38046792554424e-17,0.997441327740888,lr_42_cv
1860,1860,Logistine regresija,0,0,1.00331416590704e-08,0.997441327740888,lr_42_cv
1866,1866,Logistine regresija,0,0,0.108710736097408,0.997441327740888,lr_42_cv
1868,1868,Logistine regresija,0,0,0.228546975779525,0.997441327740888,lr_42_cv
1876,1876,Logistine regresija,0,0,0.0307399069785629,0.997441327740888,lr_42_cv
1878,1878,Logistine regresija,0,0,2.28389520195962e-08,0.997441327740888,lr_42_cv
1880,1880,Logistine regresija,0,0,7.80695525942198e-07,0.997441327740888,lr_42_cv
1881,1881,Logistine regresija,0,0,0.000698233170252333,0.997441327740888,lr_42_cv
1894,1894,Logistine regresija,0,0,0.00834975859933304,0.997441327740888,lr_42_cv
1897,1897,Logistine regresija,0,0,2.49491127222431e-06,0.997441327740888,lr_42_cv
1899,1859,Logistine regresija,0,0,5.38046792554424e-17,0.997441327740888,lr_42_cv
1901,1901,Logistine regresija,0,0,0.0010752208781045,0.997441327740888,lr_42_cv
1902,1859,Logistine regresija,0,0,5.38046792554424e-17,0.997441327740888,lr_42_cv
1913,1859,Logistine regresija,0,0,5.38046792554424e-17,0.997441327740888,lr_42_cv
1917,1917,Logistine regresija,0,0,0.0602184896996768,0.997441327740888,lr_42_cv
1920,1920,Logistine regresija,0,0,1.67389471722993e-05,0.997441327740888,lr_42_cv
1951,1951,Logistine regresija,0,0,0.102489291048511,0.997441327740888,lr_42_cv
1953,1953,Logistine regresija,0,0,0.21611753228259,0.997441327740888,lr_42_cv
1955,1955,Logistine regresija,0,0,0.00303109134446358,0.997441327740888,lr_42_cv
1962,1962,Logistine regresija,0,0,5.94357323755072e-08,0.997441327740888,lr_42_cv
1967,1967,Logistine regresija,0,0,0.0139375459250764,0.997441327740888,lr_42_cv
1971,1971,Logistine regresija,0,0,0.0166673953232904,0.997441327740888,lr_42_cv
1972,1972,Logistine regresija,0,0,0.0753318347370773,0.997441327740888,lr_42_cv
1973,1973,Logistine regresija,0,0,0.128406230327014,0.997441327740888,lr_42_cv
1977,1977,Logistine regresija,0,0,1.14823605729382e-05,0.997441327740888,lr_42_cv
1982,1982,Logistine regresija,0,0,7.3774969447951e-16,0.997441327740888,lr_42_cv
1985,148,Logistine regresija,0,0,0.541233101698912,0.997441327740888,lr_42_cv
1987,1987,Logistine regresija,0,0,3.00465937287351e-11,0.997441327740888,lr_42_cv
1993,1993,Logistine regresija,0,0,0.00597553819232307,0.997441327740888,lr_42_cv
1997,1997,Logistine regresija,0,0,5.56296924653595e-05,0.997441327740888,lr_42_cv
2000,2000,Logistine regresija,0,0,0.00758848840876747,0.997441327740888,lr_42_cv
2001,2001,Logistine regresija,0,0,0.00632572346694805,0.997441327740888,lr_42_cv
2002,2002,Logistine regresija,0,0,0.0533755194426131,0.997441327740888,lr_42_cv
2003,2003,Logistine regresija,0,0,0.12691060640426,0.997441327740888,lr_42_cv
2010,2010,Logistine regresija,0,0,6.91361701821331e-06,0.997441327740888,lr_42_cv
2020,2020,Logistine regresija,0,0,0.106220618184898,0.997441327740888,lr_42_cv
2021,2021,Logistine regresija,0,0,0.213106471262775,0.997441327740888,lr_42_cv
2024,2024,Logistine regresija,0,0,0.0484473705879307,0.997441327740888,lr_42_cv
2026,2026,Logistine regresija,0,0,0.0410615027701342,0.997441327740888,lr_42_cv
2028,2028,Logistine regresija,0,0,0.266569624583011,0.997441327740888,lr_42_cv
2031,2031,Logistine regresija,0,0,1.07907709607286e-05,0.997441327740888,lr_42_cv
2034,2034,Logistine regresija,0,0,0.000213417399344544,0.997441327740888,lr_42_cv
2037,2037,Logistine regresija,0,0,0.000587203110288743,0.997441327740888,lr_42_cv
2043,2043,Logistine regresija,0,0,0.0337155287646434,0.997441327740888,lr_42_cv
2045,2045,Logistine regresija,0,0,0.0068921494162067,0.997441327740888,lr_42_cv
2054,2054,Logistine regresija,0,0,0.253323512725423,0.997441327740888,lr_42_cv
2057,2057,Logistine regresija,0,0,0.000596788089376382,0.997441327740888,lr_42_cv
2059,2059,Logistine regresija,0,0,3.51203870523106e-09,0.997441327740888,lr_42_cv
2065,2065,Logistine regresija,0,0,2.93387525413551e-10,0.997441327740888,lr_42_cv
2071,2071,Logistine regresija,0,0,0.0749113540759365,0.997441327740888,lr_42_cv
2073,2073,Logistine regresija,0,0,3.55694289746161e-08,0.997441327740888,lr_42_cv
2089,2089,Logistine regresija,0,0,0.493299706121869,0.997441327740888,lr_42_cv
2091,2091,Logistine regresija,0,0,0.0670545087573132,0.997441327740888,lr_42_cv
2096,2096,Logistine regresija,0,0,0.00760944523849176,0.997441327740888,lr_42_cv
2117,2117,Logistine regresija,0,0,0.0397264046662607,0.997441327740888,lr_42_cv
2122,2122,Logistine regresija,0,0,0.963936857810423,0.997441327740888,lr_42_cv
2124,2124,Logistine regresija,0,0,0.0004243693722451,0.997441327740888,lr_42_cv
2126,2126,Logistine regresija,0,0,0.14578664006413,0.997441327740888,lr_42_cv
2128,2128,Logistine regresija,0,0,0.0268269830125486,0.997441327740888,lr_42_cv
2136,2136,Logistine regresija,0,0,0.0376366048390059,0.997441327740888,lr_42_cv
2138,2138,Logistine regresija,0,0,0.00542960504581098,0.997441327740888,lr_42_cv
2140,2140,Logistine regresija,0,0,2.60540423682503e-05,0.997441327740888,lr_42_cv
2145,2145,Logistine regresija,0,0,0.126684568334187,0.997441327740888,lr_42_cv
2147,2147,Logistine regresija,0,0,0.369035388024005,0.997441327740888,lr_42_cv
2151,2151,Logistine regresija,0,0,6.49480139000172e-08,0.997441327740888,lr_42_cv
2153,2153,Logistine regresija,0,0,9.34957199667643e-07,0.997441327740888,lr_42_cv
2154,2154,Logistine regresija,0,0,0.0511362476424227,0.997441327740888,lr_42_cv
2161,2161,Logistine regresija,0,0,0.000246500618981158,0.997441327740888,lr_42_cv
2165,2165,Logistine regresija,0,0,0.0252686946869116,0.997441327740888,lr_42_cv
2170,2170,Logistine regresija,0,0,0.114352777311672,0.997441327740888,lr_42_cv
2175,2175,Logistine regresija,0,0,0.0197955235329295,0.997441327740888,lr_42_cv
2192,2192,Logistine regresija,0,0,0.000183726277658136,0.997441327740888,lr_42_cv
2199,2199,Logistine regresija,0,0,7.46197272813438e-05,0.997441327740888,lr_42_cv
2200,2200,Logistine regresija,0,0,0.000183627543394258,0.997441327740888,lr_42_cv
2209,2031,Logistine regresija,0,0,1.07907709607286e-05,0.997441327740888,lr_42_cv
2219,2219,Logistine regresija,0,0,5.56989085375272e-10,0.997441327740888,lr_42_cv
2223,2223,Logistine regresija,0,0,7.23112383959379e-06,0.997441327740888,lr_42_cv
2225,2225,Logistine regresija,0,0,0.015685040552214,0.997441327740888,lr_42_cv
2227,2227,Logistine regresija,0,0,0.00571866052869253,0.997441327740888,lr_42_cv
2255,2255,Logistine regresija,0,0,0.0173553740487827,0.997441327740888,lr_42_cv
2258,2258,Logistine regresija,0,0,0.0255014773642335,0.997441327740888,lr_42_cv
2262,2262,Logistine regresija,0,0,0.301301535720693,0.997441327740888,lr_42_cv
2265,2265,Logistine regresija,0,0,0.00752498585675095,0.997441327740888,lr_42_cv
2266,2266,Logistine regresija,0,0,0.0343148821507768,0.997441327740888,lr_42_cv
2269,2269,Logistine regresija,0,0,0.00269825300209789,0.997441327740888,lr_42_cv
2274,2265,Logistine regresija,0,0,0.00752498585675095,0.997441327740888,lr_42_cv
2278,2278,Logistine regresija,0,0,0.899651011366081,0.997441327740888,lr_42_cv
2279,2279,Logistine regresija,0,0,0.0383175896208926,0.997441327740888,lr_42_cv
2288,2288,Logistine regresija,0,0,0.0387693436229235,0.997441327740888,lr_42_cv
2291,2291,Logistine regresija,0,0,0.000300320836985338,0.997441327740888,lr_42_cv
2293,2293,Logistine regresija,0,0,0.648154970632474,0.997441327740888,lr_42_cv
2294,2294,Logistine regresija,0,0,0.21281310814601,0.997441327740888,lr_42_cv
2298,2298,Logistine regresija,0,0,0.00955461328119608,0.997441327740888,lr_42_cv
2318,2318,Logistine regresija,0,0,0.00283679469900385,0.997441327740888,lr_42_cv
2321,2321,Logistine regresija,0,0,0.184243982361101,0.997441327740888,lr_42_cv
2324,2324,Logistine regresija,0,0,0.210227856428849,0.997441327740888,lr_42_cv
2326,2326,Logistine regresija,0,0,0.221779435430105,0.997441327740888,lr_42_cv
2329,2329,Logistine regresija,0,0,0.0867067232080511,0.997441327740888,lr_42_cv
2331,2331,Logistine regresija,0,0,0.0616162598615788,0.997441327740888,lr_42_cv
2340,2340,Logistine regresija,0,0,0.153346466194746,0.997441327740888,lr_42_cv
2346,2346,Logistine regresija,0,0,0.00783785385767272,0.997441327740888,lr_42_cv
2347,2347,Logistine regresija,0,0,0.126384616094071,0.997441327740888,lr_42_cv
2348,2348,Logistine regresija,0,0,0.000311040111994347,0.997441327740888,lr_42_cv
2353,2353,Logistine regresija,0,0,0.00514482920782753,0.997441327740888,lr_42_cv
2387,2387,Logistine regresija,0,0,0.0302481514814676,0.997441327740888,lr_42_cv
2389,2389,Logistine regresija,0,0,0.0182044249728991,0.997441327740888,lr_42_cv
2394,2394,Logistine regresija,0,0,0.00263392312873349,0.997441327740888,lr_42_cv
2400,2400,Logistine regresija,0,0,2.90500606119003e-05,0.997441327740888,lr_42_cv
2401,2401,Logistine regresija,0,0,0.085030916270989,0.997441327740888,lr_42_cv
2405,2405,Logistine regresija,0,0,0.0946673184457306,0.997441327740888,lr_42_cv
2406,2406,Logistine regresija,0,0,0.00233192720558906,0.997441327740888,lr_42_cv
2410,2410,Logistine regresija,0,0,0.0285420750554342,0.997441327740888,lr_42_cv
2411,2411,Logistine regresija,0,0,0.147597629966069,0.997441327740888,lr_42_cv
2414,2414,Logistine regresija,0,0,0.0110005903507013,0.997441327740888,lr_42_cv
2418,2418,Logistine regresija,0,0,1.44059467049159e-05,0.997441327740888,lr_42_cv
2425,2425,Logistine regresija,0,0,0.000558002137194676,0.997441327740888,lr_42_cv
2426,2426,Logistine regresija,0,0,8.69017595032326e-08,0.997441327740888,lr_42_cv
2428,2428,Logistine regresija,0,0,0.0511987611641562,0.997441327740888,lr_42_cv
2431,2431,Logistine regresija,0,0,0.411592406688636,0.997441327740888,lr_42_cv
2432,2432,Logistine regresija,0,0,7.55697791364661e-05,0.997441327740888,lr_42_cv
2435,2435,Logistine regresija,0,0,0.00223441219497065,0.997441327740888,lr_42_cv
2436,2436,Logistine regresija,0,0,0.302150140488909,0.997441327740888,lr_42_cv
2438,2438,Logistine regresija,0,0,0.162253482617599,0.997441327740888,lr_42_cv
2443,2443,Logistine regresija,0,0,0.0279586352127117,0.997441327740888,lr_42_cv
2446,2446,Logistine regresija,0,0,0.127016332319402,0.997441327740888,lr_42_cv
2454,2454,Logistine regresija,0,0,0.0388876912043174,0.997441327740888,lr_42_cv
2460,2460,Logistine regresija,0,0,0.0499713888237879,0.997441327740888,lr_42_cv
2466,2466,Logistine regresija,0,0,0.000463675479345451,0.997441327740888,lr_42_cv
2475,2475,Logistine regresija,0,0,0.019730983535811,0.997441327740888,lr_42_cv
2483,2278,Logistine regresija,0,0,0.899651011366081,0.997441327740888,lr_42_cv
2485,2278,Logistine regresija,0,0,0.899651011366081,0.997441327740888,lr_42_cv
2486,2279,Logistine regresija,0,0,0.0383175896208926,0.997441327740888,lr_42_cv
2490,2293,Logistine regresija,0,0,0.648154970632474,0.997441327740888,lr_42_cv
2493,2065,Logistine regresija,0,0,2.93387525413551e-10,0.997441327740888,lr_42_cv
2503,2503,Logistine regresija,0,0,6.2553283850283e-06,0.997441327740888,lr_42_cv
2505,2505,Logistine regresija,0,0,0.0438081695548181,0.997441327740888,lr_42_cv
2506,2506,Logistine regresija,0,0,0.0559564891294101,0.997441327740888,lr_42_cv
2507,2507,Logistine regresija,0,0,0.0132776019364547,0.997441327740888,lr_42_cv
2508,2508,Logistine regresija,0,0,0.483774645219763,0.997441327740888,lr_42_cv
2526,2526,Logistine regresija,0,0,0.303956520539227,0.997441327740888,lr_42_cv
2536,2536,Logistine regresija,0,1,0.999876325237854,0.997441327740888,lr_42_cv
2537,2537,Logistine regresija,0,0,0.066458897349112,0.997441327740888,lr_42_cv
2539,2539,Logistine regresija,0,0,0.355175938281973,0.997441327740888,lr_42_cv
2540,2540,Logistine regresija,0,0,0.236338434286153,0.997441327740888,lr_42_cv
2543,2543,Logistine regresija,0,0,0.000110118051357376,0.997441327740888,lr_42_cv
2545,2545,Logistine regresija,0,0,0.288905655642656,0.997441327740888,lr_42_cv
2550,2550,Logistine regresija,0,0,0.124318998478873,0.997441327740888,lr_42_cv
2552,2552,Logistine regresija,0,0,0.0249412080770823,0.997441327740888,lr_42_cv
2553,2553,Logistine regresija,0,0,0.00574331622264328,0.997441327740888,lr_42_cv
2554,2554,Logistine regresija,0,0,1.51259856856179e-07,0.997441327740888,lr_42_cv
2555,2555,Logistine regresija,0,0,0.246100292461568,0.997441327740888,lr_42_cv
2559,2559,Logistine regresija,0,0,0.0086684105707491,0.997441327740888,lr_42_cv
2560,2560,Logistine regresija,0,0,0.073830098051264,0.997441327740888,lr_42_cv
2577,2577,Logistine regresija,0,0,0.501392026206728,0.997441327740888,lr_42_cv
2580,2278,Logistine regresija,0,0,0.899651011366081,0.997441327740888,lr_42_cv
2585,2585,Logistine regresija,0,0,0.0912413358767023,0.997441327740888,lr_42_cv
2588,2588,Logistine regresija,0,0,2.71333134212463e-06,0.997441327740888,lr_42_cv
2591,2591,Logistine regresija,0,0,1.07837242993898e-05,0.997441327740888,lr_42_cv
2593,2593,Logistine regresija,0,0,0.0341422008393937,0.997441327740888,lr_42_cv
2598,2598,Logistine regresija,0,0,8.83505417800465e-06,0.997441327740888,lr_42_cv
2609,2609,Logistine regresija,0,0,0.0430887519769459,0.997441327740888,lr_42_cv
2611,2611,Logistine regresija,0,0,0.08945539499953,0.997441327740888,lr_42_cv
2613,2613,Logistine regresija,0,0,0.267749805623822,0.997441327740888,lr_42_cv
2618,2618,Logistine regresija,0,0,0.0016413452546858,0.997441327740888,lr_42_cv
2624,2624,Logistine regresija,0,0,0.00922216006138533,0.997441327740888,lr_42_cv
2627,2627,Logistine regresija,0,0,0.0268682043730756,0.997441327740888,lr_42_cv
2638,2638,Logistine regresija,0,0,0.0463067220197424,0.997441327740888,lr_42_cv
2640,2640,Logistine regresija,0,0,3.6750850470818e-13,0.997441327740888,lr_42_cv
2644,2644,Logistine regresija,0,0,0.294085709189432,0.997441327740888,lr_42_cv
2646,2646,Logistine regresija,0,0,0.0194610765166413,0.997441327740888,lr_42_cv
2649,2649,Logistine regresija,0,0,2.19110093336656e-06,0.997441327740888,lr_42_cv
2650,2650,Logistine regresija,0,0,0.0567135306892841,0.997441327740888,lr_42_cv
2658,2658,Logistine regresija,0,0,0.00014379794041982,0.997441327740888,lr_42_cv
2665,2665,Logistine regresija,0,0,1.21573302587589e-09,0.997441327740888,lr_42_cv
2670,2670,Logistine regresija,0,0,0.000911743034501636,0.997441327740888,lr_42_cv
2672,2672,Logistine regresija,0,0,0.000182389307401504,0.997441327740888,lr_42_cv
2679,2679,Logistine regresija,0,0,0.150069795456457,0.997441327740888,lr_42_cv
2681,2681,Logistine regresija,0,0,0.0029332237567555,0.997441327740888,lr_42_cv
2690,2690,Logistine regresija,0,0,2.42963367779384e-11,0.997441327740888,lr_42_cv
2691,2691,Logistine regresija,0,0,0.250586535414049,0.997441327740888,lr_42_cv
2693,2693,Logistine regresija,0,0,0.349600197116347,0.997441327740888,lr_42_cv
2698,2698,Logistine regresija,0,0,0.101233437428503,0.997441327740888,lr_42_cv
2701,2701,Logistine regresija,0,0,0.0443213746212949,0.997441327740888,lr_42_cv
2708,2708,Logistine regresija,0,0,0.651819654280621,0.997441327740888,lr_42_cv
2715,2715,Logistine regresija,0,0,0.0452689510078244,0.997441327740888,lr_42_cv
2727,2727,Logistine regresija,0,0,0.0428481689338364,0.997441327740888,lr_42_cv
2728,2727,Logistine regresija,0,0,0.0428481689338364,0.997441327740888,lr_42_cv
2729,2727,Logistine regresija,0,0,0.0428481689338364,0.997441327740888,lr_42_cv
2730,2727,Logistine regresija,0,0,0.0428481689338364,0.997441327740888,lr_42_cv
2731,2731,Logistine regresija,0,0,0.00325915566844062,0.997441327740888,lr_42_cv
2732,2732,Logistine regresija,0,0,0.0433667870774286,0.997441327740888,lr_42_cv
2733,2733,Logistine regresija,0,0,0.00440713953031771,0.997441327740888,lr_42_cv
2734,2734,Logistine regresija,0,0,0.0647917884615408,0.997441327740888,lr_42_cv
2736,2736,Logistine regresija,0,0,0.0209197655547235,0.997441327740888,lr_42_cv
2738,2738,Logistine regresija,0,0,0.125451648179639,0.997441327740888,lr_42_cv
2750,2750,Logistine regresija,0,0,0.000409786170730403,0.997441327740888,lr_42_cv
2753,2508,Logistine regresija,0,0,0.483774645219763,0.997441327740888,lr_42_cv
2760,2760,Logistine regresija,0,0,2.88523459884059e-05,0.997441327740888,lr_42_cv
2761,2761,Logistine regresija,0,0,0.000422472170918049,0.997441327740888,lr_42_cv
2764,2764,Logistine regresija,0,0,0.11502186015652,0.997441327740888,lr_42_cv
2766,2003,Logistine regresija,0,0,0.12691060640426,0.997441327740888,lr_42_cv
2779,2779,Logistine regresija,0,0,0.0502481188497768,0.997441327740888,lr_42_cv
2796,2796,Logistine regresija,0,0,0.0780329108905982,0.997441327740888,lr_42_cv
2798,2798,Logistine regresija,0,0,0.350939575577526,0.997441327740888,lr_42_cv
2800,2800,Logistine regresija,0,0,0.126968475756641,0.997441327740888,lr_42_cv
2802,2278,Logistine regresija,0,0,0.899651011366081,0.997441327740888,lr_42_cv
2805,2805,Logistine regresija,0,0,0.218904802615513,0.997441327740888,lr_42_cv
2816,2816,Logistine regresija,0,0,0.0186264778956179,0.997441327740888,lr_42_cv
2820,2820,Logistine regresija,0,0,0.0163683671111176,0.997441327740888,lr_42_cv
2824,2824,Logistine regresija,0,0,0.0716837520370277,0.997441327740888,lr_42_cv
2829,2829,Logistine regresija,0,0,0.781659665012015,0.997441327740888,lr_42_cv
2833,2833,Logistine regresija,0,0,0.00146830429094812,0.997441327740888,lr_42_cv
2837,2837,Logistine regresija,0,0,0.019254358659944,0.997441327740888,lr_42_cv
2847,2847,Logistine regresija,0,0,0.00160144283353804,0.997441327740888,lr_42_cv
2850,2850,Logistine regresija,0,0,0.00342216988266806,0.997441327740888,lr_42_cv
2851,2851,Logistine regresija,0,0,0.0600290377080061,0.997441327740888,lr_42_cv
2856,2856,Logistine regresija,0,0,0.841498145241207,0.997441327740888,lr_42_cv
2861,2861,Logistine regresija,0,0,0.00418355699111071,0.997441327740888,lr_42_cv
2873,2873,Logistine regresija,0,0,0.0309911380139839,0.997441327740888,lr_42_cv
2878,2878,Logistine regresija,0,0,6.71212502329698e-09,0.997441327740888,lr_42_cv
2883,2883,Logistine regresija,0,0,0.182308241398622,0.997441327740888,lr_42_cv
2890,2890,Logistine regresija,0,0,0.000181924702133179,0.997441327740888,lr_42_cv
2891,2891,Logistine regresija,0,0,2.5376234816423e-05,0.997441327740888,lr_42_cv
2892,2892,Logistine regresija,0,0,9.01475174553729e-05,0.997441327740888,lr_42_cv
2897,2897,Logistine regresija,0,0,0.0468936526847278,0.997441327740888,lr_42_cv
2905,2905,Logistine regresija,0,0,0.0817171837440867,0.997441327740888,lr_42_cv
2907,2907,Logistine regresija,0,0,0.000142724829077218,0.997441327740888,lr_42_cv
2912,2912,Logistine regresija,0,0,0.114285547407385,0.997441327740888,lr_42_cv
2923,2923,Logistine regresija,0,0,5.60884560386646e-05,0.997441327740888,lr_42_cv
2927,2927,Logistine regresija,0,0,0.20792051829044,0.997441327740888,lr_42_cv
2931,2931,Logistine regresija,0,0,0.0538809780734835,0.997441327740888,lr_42_cv
2936,2936,Logistine regresija,0,0,0.000278382056475761,0.997441327740888,lr_42_cv
2938,2938,Logistine regresija,0,0,0.119678778929525,0.997441327740888,lr_42_cv
2949,2949,Logistine regresija,0,0,0.000212190839512913,0.997441327740888,lr_42_cv
2956,2956,Logistine regresija,0,0,0.217623508955907,0.997441327740888,lr_42_cv
2960,2960,Logistine regresija,0,0,0.114300471202013,0.997441327740888,lr_42_cv
2970,2970,Logistine regresija,0,0,1.87280015351437e-09,0.997441327740888,lr_42_cv
2987,2987,Logistine regresija,0,0,0.000196065689993769,0.997441327740888,lr_42_cv
2993,2993,Logistine regresija,0,0,0.000256815074849056,0.997441327740888,lr_42_cv
3002,3002,Logistine regresija,0,0,0.110870738153257,0.997441327740888,lr_42_cv
3005,2278,Logistine regresija,0,0,0.899651011366081,0.997441327740888,lr_42_cv
3010,3010,Logistine regresija,0,0,0.0614336517632289,0.997441327740888,lr_42_cv
3011,3011,Logistine regresija,0,0,0.105615355472839,0.997441327740888,lr_42_cv
3022,3022,Logistine regresija,0,0,0.000275423909352891,0.997441327740888,lr_42_cv
3025,3025,Logistine regresija,0,0,0.029470295815931,0.997441327740888,lr_42_cv
3029,3029,Logistine regresija,0,0,0.125653959937413,0.997441327740888,lr_42_cv
3031,3031,Logistine regresija,0,0,3.49953505194689e-08,0.997441327740888,lr_42_cv
3032,3032,Logistine regresija,0,0,2.48013616427184e-09,0.997441327740888,lr_42_cv
3034,2907,Logistine regresija,0,0,0.000142724829077218,0.997441327740888,lr_42_cv
3037,3037,Logistine regresija,0,0,0.646969019281802,0.997441327740888,lr_42_cv
3042,3042,Logistine regresija,0,0,0.0574425665222085,0.997441327740888,lr_42_cv
3061,3061,Logistine regresija,0,0,2.81201683576312e-09,0.997441327740888,lr_42_cv
3068,3068,Logistine regresija,0,0,0.00351518687158732,0.997441327740888,lr_42_cv
3069,3069,Logistine regresija,0,0,0.0176267511726718,0.997441327740888,lr_42_cv
3085,3085,Logistine regresija,0,0,0.000643425411370502,0.997441327740888,lr_42_cv
3097,3097,Logistine regresija,0,0,0.0145041847227901,0.997441327740888,lr_42_cv
3112,2165,Logistine regresija,0,0,0.0252686946869116,0.997441327740888,lr_42_cv
3115,3115,Logistine regresija,0,0,5.09361511657212e-06,0.997441327740888,lr_42_cv
3152,3152,Logistine regresija,0,0,9.66809843274757e-05,0.997441327740888,lr_42_cv
3164,3164,Logistine regresija,0,0,2.0518014757611e-05,0.997441327740888,lr_42_cv
3167,2031,Logistine regresija,0,0,1.07907709607286e-05,0.997441327740888,lr_42_cv
3170,3170,Logistine regresija,0,0,1.80556314852005e-08,0.997441327740888,lr_42_cv
3172,3172,Logistine regresija,0,0,2.05350724425991e-06,0.997441327740888,lr_42_cv
3174,3174,Logistine regresija,0,0,2.04298927578984e-06,0.997441327740888,lr_42_cv
3176,3176,Logistine regresija,0,0,0.0355476977999098,0.997441327740888,lr_42_cv
3183,3183,Logistine regresija,0,0,1.9195444212283e-10,0.997441327740888,lr_42_cv
3185,3185,Logistine regresija,0,0,0.329197295325918,0.997441327740888,lr_42_cv
3192,3192,Logistine regresija,0,0,3.30584176187512e-09,0.997441327740888,lr_42_cv
3199,3029,Logistine regresija,0,0,0.125653959937413,0.997441327740888,lr_42_cv
3202,3202,Logistine regresija,0,0,0.0190294733313893,0.997441327740888,lr_42_cv
3205,3205,Logistine regresija,0,0,0.0928286226994636,0.997441327740888,lr_42_cv
3215,3215,Logistine regresija,0,0,0.172380014107019,0.997441327740888,lr_42_cv
3217,3217,Logistine regresija,0,0,0.0192335947787768,0.997441327740888,lr_42_cv
3225,2278,Logistine regresija,0,0,0.899651011366081,0.997441327740888,lr_42_cv
3236,3236,Logistine regresija,0,0,0.447471761821128,0.997441327740888,lr_42_cv
3242,3242,Logistine regresija,0,0,0.988530054353868,0.997441327740888,lr_42_cv
3249,3249,Logistine regresija,0,0,0.247873146482013,0.997441327740888,lr_42_cv
3250,3250,Logistine regresija,0,0,1.33650314702441e-19,0.997441327740888,lr_42_cv
3252,3252,Logistine regresija,0,0,0.401642789958767,0.997441327740888,lr_42_cv
3255,3255,Logistine regresija,0,0,0.000591681546850553,0.997441327740888,lr_42_cv
3260,3260,Logistine regresija,0,0,0.103316549980289,0.997441327740888,lr_42_cv
3281,3281,Logistine regresija,0,0,7.98072090113809e-05,0.997441327740888,lr_42_cv
3282,3282,Logistine regresija,0,0,0.0825550387895559,0.997441327740888,lr_42_cv
3285,3285,Logistine regresija,0,0,0.0464496727776423,0.997441327740888,lr_42_cv
3291,3291,Logistine regresija,0,0,0.0548988807484871,0.997441327740888,lr_42_cv
3296,3296,Logistine regresija,0,0,0.0448498256440806,0.997441327740888,lr_42_cv
3299,3299,Logistine regresija,0,0,0.465084617844676,0.997441327740888,lr_42_cv
3302,3302,Logistine regresija,0,0,0.110006743327666,0.997441327740888,lr_42_cv
3303,3303,Logistine regresija,0,0,1.93405954945997e-13,0.997441327740888,lr_42_cv
3305,3305,Logistine regresija,0,0,0.00397363755432398,0.997441327740888,lr_42_cv
3312,3312,Logistine regresija,0,1,0.999029600061117,0.997441327740888,lr_42_cv
3313,3313,Logistine regresija,0,0,0.888848922396109,0.997441327740888,lr_42_cv
3315,3315,Logistine regresija,0,0,0.0501769436185725,0.997441327740888,lr_42_cv
3317,3317,Logistine regresija,0,0,0.157154345048688,0.997441327740888,lr_42_cv
3318,3318,Logistine regresija,0,0,0.000449066857627344,0.997441327740888,lr_42_cv
3327,3327,Logistine regresija,0,0,0.000182364415806201,0.997441327740888,lr_42_cv
3329,3329,Logistine regresija,0,0,0.115657196386545,0.997441327740888,lr_42_cv
3339,3339,Logistine regresija,0,0,0.147079288853946,0.997441327740888,lr_42_cv
3345,3345,Logistine regresija,0,0,7.95946136864429e-07,0.997441327740888,lr_42_cv
3349,3349,Logistine regresija,0,0,0.0109139696013417,0.997441327740888,lr_42_cv
3350,3349,Logistine regresija,0,0,0.0109139696013417,0.997441327740888,lr_42_cv
3351,3351,Logistine regresija,0,0,3.37834052517373e-05,0.997441327740888,lr_42_cv
3356,3356,Logistine regresija,0,0,0.0221617512338387,0.997441327740888,lr_42_cv
3362,3362,Logistine regresija,0,0,0.0710387891762987,0.997441327740888,lr_42_cv
3366,3366,Logistine regresija,0,0,0.0543708752981385,0.997441327740888,lr_42_cv
3380,3380,Logistine regresija,0,0,0.0423241656412856,0.997441327740888,lr_42_cv
3385,3385,Logistine regresija,0,0,0.206896851451618,0.997441327740888,lr_42_cv
3393,3393,Logistine regresija,0,0,0.0265900243179647,0.997441327740888,lr_42_cv
3401,3401,Logistine regresija,0,0,0.0543679110188124,0.997441327740888,lr_42_cv
3402,3402,Logistine regresija,0,0,0.0849224379083229,0.997441327740888,lr_42_cv
3408,3408,Logistine regresija,0,0,1.86397249801088e-07,0.997441327740888,lr_42_cv
3413,3413,Logistine regresija,0,0,0.109109128959732,0.997441327740888,lr_42_cv
3416,3416,Logistine regresija,0,0,0.193542891331721,0.997441327740888,lr_42_cv
3423,3423,Logistine regresija,0,0,1.32215855691953e-11,0.997441327740888,lr_42_cv
3424,3424,Logistine regresija,0,0,0.0175382028275076,0.997441327740888,lr_42_cv
3430,3430,Logistine regresija,0,0,0.0149632358146173,0.997441327740888,lr_42_cv
3434,3434,Logistine regresija,0,0,3.70764561342788e-05,0.997441327740888,lr_42_cv
3437,2278,Logistine regresija,0,0,0.899651011366081,0.997441327740888,lr_42_cv
3450,3450,Logistine regresija,0,0,0.162632467902161,0.997441327740888,lr_42_cv
3453,3453,Logistine regresija,0,0,0.00419258168866485,0.997441327740888,lr_42_cv
3455,3455,Logistine regresija,0,0,0.490563543575164,0.997441327740888,lr_42_cv
3457,3457,Logistine regresija,0,0,0.354543875315796,0.997441327740888,lr_42_cv
3458,3458,Logistine regresija,0,0,0.00492394639910034,0.997441327740888,lr_42_cv
3463,3463,Logistine regresija,0,0,0.0119835301352375,0.997441327740888,lr_42_cv
3464,3464,Logistine regresija,0,0,0.00136621346907293,0.997441327740888,lr_42_cv
3474,3474,Logistine regresija,0,0,8.65170576690787e-09,0.997441327740888,lr_42_cv
3475,3475,Logistine regresija,0,0,9.29924928499119e-08,0.997441327740888,lr_42_cv
3477,3477,Logistine regresija,0,0,0.000182680668189927,0.997441327740888,lr_42_cv
3479,3479,Logistine regresija,0,0,0.000430077966703543,0.997441327740888,lr_42_cv
3480,3480,Logistine regresija,0,0,0.106006858436637,0.997441327740888,lr_42_cv
3481,3481,Logistine regresija,0,0,0.00111232480614821,0.997441327740888,lr_42_cv
3488,3488,Logistine regresija,0,0,0.148005710522008,0.997441327740888,lr_42_cv
3491,3491,Logistine regresija,0,0,1.61827798525049e-06,0.997441327740888,lr_42_cv
3518,3518,Logistine regresija,0,0,0.13290192859189,0.997441327740888,lr_42_cv
3521,3521,Logistine regresija,0,0,0.00308836166054579,0.997441327740888,lr_42_cv
3527,3527,Logistine regresija,0,0,0.255026584649611,0.997441327740888,lr_42_cv
3535,3535,Logistine regresija,0,0,3.47248455960524e-08,0.997441327740888,lr_42_cv
3549,3549,Logistine regresija,0,0,0.0584330929016877,0.997441327740888,lr_42_cv
3551,3551,Logistine regresija,0,0,0.313434554423426,0.997441327740888,lr_42_cv
3557,3557,Logistine regresija,0,0,0.0562535770416005,0.997441327740888,lr_42_cv
3559,3559,Logistine regresija,0,0,0.138131872584858,0.997441327740888,lr_42_cv
3565,3565,Logistine regresija,0,0,0.180857361955077,0.997441327740888,lr_42_cv
3567,2278,Logistine regresija,0,0,0.899651011366081,0.997441327740888,lr_42_cv
3568,3568,Logistine regresija,0,0,0.000281123611884734,0.997441327740888,lr_42_cv
3574,3574,Logistine regresija,0,0,0.0851011831044853,0.997441327740888,lr_42_cv
3575,3575,Logistine regresija,0,0,0.0033852630709457,0.997441327740888,lr_42_cv
3580,3580,Logistine regresija,0,0,4.19185418011327e-05,0.997441327740888,lr_42_cv
3637,2031,Logistine regresija,0,0,1.07907709607286e-05,0.997441327740888,lr_42_cv
3638,2591,Logistine regresija,0,0,1.07837242993898e-05,0.997441327740888,lr_42_cv
3667,2003,Logistine regresija,0,0,0.12691060640426,0.997441327740888,lr_42_cv
3679,3679,Logistine regresija,0,0,0.0668101220587918,0.997441327740888,lr_42_cv
3690,3690,Logistine regresija,0,0,1.38808227744529e-12,0.997441327740888,lr_42_cv
3696,3696,Logistine regresija,0,0,0.00795298381909526,0.997441327740888,lr_42_cv
3699,3699,Logistine regresija,0,0,0.107540646801378,0.997441327740888,lr_42_cv
3702,3702,Logistine regresija,0,0,4.85878720196044e-05,0.997441327740888,lr_42_cv
3703,3703,Logistine regresija,0,0,9.93476170355955e-05,0.997441327740888,lr_42_cv
3721,3721,Logistine regresija,0,0,0.00865326205700824,0.997441327740888,lr_42_cv
3730,3730,Logistine regresija,0,0,7.42327266694066e-05,0.997441327740888,lr_42_cv
3743,3743,Logistine regresija,0,0,0.0731946818028001,0.997441327740888,lr_42_cv
3744,3744,Logistine regresija,0,0,0.070944222015266,0.997441327740888,lr_42_cv
3751,3751,Logistine regresija,0,0,0.000116607350108916,0.997441327740888,lr_42_cv
3757,3757,Logistine regresija,0,0,0.236910586638722,0.997441327740888,lr_42_cv
3762,3762,Logistine regresija,0,0,1.41273919656994e-06,0.997441327740888,lr_42_cv
3765,2278,Logistine regresija,0,0,0.899651011366081,0.997441327740888,lr_42_cv
3770,3770,Logistine regresija,0,0,0.0229063154990995,0.997441327740888,lr_42_cv
3772,3772,Logistine regresija,0,0,0.0140689126584247,0.997441327740888,lr_42_cv
3775,3775,Logistine regresija,0,0,0.0809299319689682,0.997441327740888,lr_42_cv
3776,3776,Logistine regresija,0,0,0.01226101393386,0.997441327740888,lr_42_cv
3777,3777,Logistine regresija,0,0,0.00246673184892937,0.997441327740888,lr_42_cv
3778,3778,Logistine regresija,0,0,0.00209687973126656,0.997441327740888,lr_42_cv
3779,3779,Logistine regresija,0,0,0.0428152168127946,0.997441327740888,lr_42_cv
3783,3783,Logistine regresija,0,0,0.407388761214387,0.997441327740888,lr_42_cv
3785,3785,Logistine regresija,0,0,0.0156396965868248,0.997441327740888,lr_42_cv
3790,3790,Logistine regresija,0,0,0.0125336427954348,0.997441327740888,lr_42_cv
3792,3792,Logistine regresija,0,0,0.0284787110873658,0.997441327740888,lr_42_cv
3793,3793,Logistine regresija,0,0,1.90287741549264e-07,0.997441327740888,lr_42_cv
3807,3807,Logistine regresija,0,0,0.00965403066321982,0.997441327740888,lr_42_cv
3811,3811,Logistine regresija,0,0,0.94652808257566,0.997441327740888,lr_42_cv
3816,3816,Logistine regresija,0,0,0.0475908859780733,0.997441327740888,lr_42_cv
3818,3818,Logistine regresija,0,0,0.0703377287218125,0.997441327740888,lr_42_cv
3822,3822,Logistine regresija,0,0,6.95596819393508e-06,0.997441327740888,lr_42_cv
3825,3825,Logistine regresija,0,0,1.58587269720311e-05,0.997441327740888,lr_42_cv
3828,3828,Logistine regresija,0,0,0.0239682515587832,0.997441327740888,lr_42_cv
3832,3832,Logistine regresija,0,0,0.101075410504356,0.997441327740888,lr_42_cv
3841,3841,Logistine regresija,0,0,0.0232228713852887,0.997441327740888,lr_42_cv
3847,3847,Logistine regresija,0,0,0.0802408793934667,0.997441327740888,lr_42_cv
3850,3850,Logistine regresija,0,0,0.00224365918893354,0.997441327740888,lr_42_cv
3851,3851,Logistine regresija,0,0,0.0507438985267067,0.997441327740888,lr_42_cv
3858,3858,Logistine regresija,0,0,0.00311753873630109,0.997441327740888,lr_42_cv
3874,3874,Logistine regresija,0,0,9.18936943960186e-06,0.997441327740888,lr_42_cv
3885,3885,Logistine regresija,0,0,0.307740842329896,0.997441327740888,lr_42_cv
3888,3888,Logistine regresija,0,0,0.0260423854133666,0.997441327740888,lr_42_cv
3895,3895,Logistine regresija,0,0,0.0278115728642101,0.997441327740888,lr_42_cv
3900,3900,Logistine regresija,0,0,0.128877847947016,0.997441327740888,lr_42_cv
3905,3905,Logistine regresija,0,0,0.0959155096663904,0.997441327740888,lr_42_cv
3906,2278,Logistine regresija,0,0,0.899651011366081,0.997441327740888,lr_42_cv
3907,3907,Logistine regresija,0,0,0.00672673197386817,0.997441327740888,lr_42_cv
3919,3919,Logistine regresija,0,0,2.90379609245517e-10,0.997441327740888,lr_42_cv
3924,3924,Logistine regresija,0,0,0.0834459651921773,0.997441327740888,lr_42_cv
3933,3933,Logistine regresija,0,0,0.00647186343294935,0.997441327740888,lr_42_cv
3941,3941,Logistine regresija,0,0,0.00373611838131151,0.997441327740888,lr_42_cv
3943,3943,Logistine regresija,0,0,0.9491245515016,0.997441327740888,lr_42_cv
3948,3948,Logistine regresija,0,0,8.23395315146106e-05,0.997441327740888,lr_42_cv
3955,3955,Logistine regresija,0,0,0.139349915900973,0.997441327740888,lr_42_cv
3957,3957,Logistine regresija,0,0,4.93621845611488e-05,0.997441327740888,lr_42_cv
3960,3960,Logistine regresija,0,0,0.0153439940272044,0.997441327740888,lr_42_cv
3962,3962,Logistine regresija,0,0,0.0081068568590041,0.997441327740888,lr_42_cv
3968,3968,Logistine regresija,0,0,0.115366624610379,0.997441327740888,lr_42_cv
3978,3978,Logistine regresija,0,0,0.0145930501810547,0.997441327740888,lr_42_cv
3979,3979,Logistine regresija,0,0,0.60949725966088,0.997441327740888,lr_42_cv
3983,3983,Logistine regresija,0,0,0.186454548440632,0.997441327740888,lr_42_cv
3990,3990,Logistine regresija,0,0,0.000165909095485887,0.997441327740888,lr_42_cv
3997,3997,Logistine regresija,0,0,0.000418345651661991,0.997441327740888,lr_42_cv
3999,3999,Logistine regresija,0,0,0.0225222353347687,0.997441327740888,lr_42_cv
4016,4016,Logistine regresija,0,0,0.000236472661284602,0.997441327740888,lr_42_cv
4022,4022,Logistine regresija,0,0,0.000115828024340359,0.997441327740888,lr_42_cv
4027,4027,Logistine regresija,0,0,0.0155309214640975,0.997441327740888,lr_42_cv
4039,4039,Logistine regresija,0,0,1.43309756378845e-18,0.997441327740888,lr_42_cv
4046,4046,Logistine regresija,0,0,0.194147763548007,0.997441327740888,lr_42_cv
4047,4047,Logistine regresija,0,0,1.57550031206952e-06,0.997441327740888,lr_42_cv
4050,4050,Logistine regresija,0,0,0.0482355234114292,0.997441327740888,lr_42_cv
4051,4051,Logistine regresija,0,0,0.0736040350405574,0.997441327740888,lr_42_cv
4057,4057,Logistine regresija,0,0,0.0521068984855533,0.997441327740888,lr_42_cv
4059,4059,Logistine regresija,0,0,0.164227138312745,0.997441327740888,lr_42_cv
4067,4067,Logistine regresija,0,0,0.100657545515572,0.997441327740888,lr_42_cv
4068,4068,Logistine regresija,0,0,0.000901340433898914,0.997441327740888,lr_42_cv
4084,4084,Logistine regresija,0,0,0.00129105050000611,0.997441327740888,lr_42_cv
4086,4086,Logistine regresija,0,0,0.0139529539205818,0.997441327740888,lr_42_cv
4101,4101,Logistine regresija,0,0,0.277575861458614,0.997441327740888,lr_42_cv
4103,4103,Logistine regresija,0,0,0.0278664779073233,0.997441327740888,lr_42_cv
4104,4104,Logistine regresija,0,0,0.0254590499680757,0.997441327740888,lr_42_cv
4119,4119,Logistine regresija,0,0,0.000466715780712013,0.997441327740888,lr_42_cv
4123,4123,Logistine regresija,0,0,0.0215626883051465,0.997441327740888,lr_42_cv
4125,4125,Logistine regresija,0,0,0.000838260941889123,0.997441327740888,lr_42_cv
4132,4132,Logistine regresija,0,0,0.0282354994951349,0.997441327740888,lr_42_cv
4136,4136,Logistine regresija,0,0,0.00927667234974164,0.997441327740888,lr_42_cv
4140,4140,Logistine regresija,0,0,0.570616000492874,0.997441327740888,lr_42_cv
4142,4142,Logistine regresija,0,0,0.159036076984851,0.997441327740888,lr_42_cv
4147,4147,Logistine regresija,0,0,0.149648397393045,0.997441327740888,lr_42_cv
4150,4150,Logistine regresija,0,0,0.118464255755563,0.997441327740888,lr_42_cv
4152,4152,Logistine regresija,0,0,0.567825633231429,0.997441327740888,lr_42_cv
4158,4158,Logistine regresija,0,0,0.206312180462531,0.997441327740888,lr_42_cv
4164,4164,Logistine regresija,0,0,0.0980625850722861,0.997441327740888,lr_42_cv
4166,4166,Logistine regresija,0,0,0.150244079918522,0.997441327740888,lr_42_cv
4168,4168,Logistine regresija,0,0,0.0834859672210789,0.997441327740888,lr_42_cv
4169,4169,Logistine regresija,0,0,0.315976318601794,0.997441327740888,lr_42_cv
4172,4172,Logistine regresija,0,0,0.240575809786663,0.997441327740888,lr_42_cv
4177,4177,Logistine regresija,0,0,0.0827312244568865,0.997441327740888,lr_42_cv
4192,4192,Logistine regresija,0,0,0.0758958220170985,0.997441327740888,lr_42_cv
4195,4195,Logistine regresija,0,0,0.303828149574761,0.997441327740888,lr_42_cv
4197,4197,Logistine regresija,0,0,0.0433232763982306,0.997441327740888,lr_42_cv
4201,4201,Logistine regresija,0,0,0.0882409897956467,0.997441327740888,lr_42_cv
4207,4207,Logistine regresija,0,0,0.0935539094005386,0.997441327740888,lr_42_cv
4212,4212,Logistine regresija,0,0,0.152420058667155,0.997441327740888,lr_42_cv
4213,4213,Logistine regresija,0,0,0.0334430051704786,0.997441327740888,lr_42_cv
4219,4219,Logistine regresija,0,0,0.205945897515002,0.997441327740888,lr_42_cv
4223,4223,Logistine regresija,0,0,0.489514186796099,0.997441327740888,lr_42_cv
4227,4227,Logistine regresija,0,0,0.35614171725866,0.997441327740888,lr_42_cv
4231,4231,Logistine regresija,0,0,0.249435772578086,0.997441327740888,lr_42_cv
4232,4232,Logistine regresija,0,0,0.398245475293122,0.997441327740888,lr_42_cv
4236,4236,Logistine regresija,0,0,8.92296864849746e-07,0.997441327740888,lr_42_cv
4246,4246,Logistine regresija,0,0,0.996728791527066,0.997441327740888,lr_42_cv
4249,4249,Logistine regresija,0,0,0.1510199102008,0.997441327740888,lr_42_cv
4253,4253,Logistine regresija,0,0,0.224621626926591,0.997441327740888,lr_42_cv
4256,4256,Logistine regresija,0,0,0.0767450505839113,0.997441327740888,lr_42_cv
4264,4264,Logistine regresija,0,0,0.000152158789548834,0.997441327740888,lr_42_cv
4265,4265,Logistine regresija,0,0,0.110852050888669,0.997441327740888,lr_42_cv
4266,4266,Logistine regresija,0,0,0.0366216395892459,0.997441327740888,lr_42_cv
4269,4269,Logistine regresija,0,0,0.0911374192804134,0.997441327740888,lr_42_cv
4271,4271,Logistine regresija,0,0,0.283346117666876,0.997441327740888,lr_42_cv
4273,4273,Logistine regresija,0,0,0.310799909736777,0.997441327740888,lr_42_cv
4277,4277,Logistine regresija,0,0,0.0413700168111399,0.997441327740888,lr_42_cv
4282,4282,Logistine regresija,0,0,0.00773824780778234,0.997441327740888,lr_42_cv
4289,4289,Logistine regresija,0,0,0.855294264822202,0.997441327740888,lr_42_cv
4291,4291,Logistine regresija,0,0,0.00919696138884246,0.997441327740888,lr_42_cv
4292,4292,Logistine regresija,0,0,0.343413315418677,0.997441327740888,lr_42_cv
4294,4294,Logistine regresija,0,0,0.166682229450567,0.997441327740888,lr_42_cv
4297,4297,Logistine regresija,0,0,0.0131636553238582,0.997441327740888,lr_42_cv
4303,4303,Logistine regresija,0,0,0.303157087287507,0.997441327740888,lr_42_cv
4311,4311,Logistine regresija,0,0,0.125327675120859,0.997441327740888,lr_42_cv
4314,4314,Logistine regresija,0,0,0.0599176430133853,0.997441327740888,lr_42_cv
4315,4315,Logistine regresija,0,0,0.311031986184529,0.997441327740888,lr_42_cv
4327,4327,Logistine regresija,0,0,0.00910179274086778,0.997441327740888,lr_42_cv
4333,4333,Logistine regresija,0,0,0.000974922306458607,0.997441327740888,lr_42_cv
4338,4338,Logistine regresija,0,0,0.174004139616111,0.997441327740888,lr_42_cv
4348,4348,Logistine regresija,0,0,0.184038792023391,0.997441327740888,lr_42_cv
4353,4353,Logistine regresija,0,0,0.717617583418609,0.997441327740888,lr_42_cv
4354,4354,Logistine regresija,0,0,3.41752061413435e-05,0.997441327740888,lr_42_cv
4368,4368,Logistine regresija,0,0,0.313510366213137,0.997441327740888,lr_42_cv
4371,4371,Logistine regresija,0,0,0.0546961930182451,0.997441327740888,lr_42_cv
4372,4372,Logistine regresija,0,0,0.409615755425187,0.997441327740888,lr_42_cv
4373,4373,Logistine regresija,0,0,0.0506412136193654,0.997441327740888,lr_42_cv
4377,4377,Logistine regresija,0,0,0.315633753429748,0.997441327740888,lr_42_cv
4382,4382,Logistine regresija,0,0,0.136943662957398,0.997441327740888,lr_42_cv
4392,4392,Logistine regresija,0,0,0.583369681150225,0.997441327740888,lr_42_cv
4393,4393,Logistine regresija,0,0,0.870701077195908,0.997441327740888,lr_42_cv
4400,4400,Logistine regresija,0,0,0.402701657197955,0.997441327740888,lr_42_cv
4402,4402,Logistine regresija,0,0,0.235801038537887,0.997441327740888,lr_42_cv
4412,4412,Logistine regresija,0,0,0.127258630289295,0.997441327740888,lr_42_cv
4419,4419,Logistine regresija,0,0,0.015976290726557,0.997441327740888,lr_42_cv
4424,4424,Logistine regresija,0,0,0.196616898078837,0.997441327740888,lr_42_cv
4426,4426,Logistine regresija,0,0,0.147904407641108,0.997441327740888,lr_42_cv
4430,4430,Logistine regresija,0,0,0.417008407988279,0.997441327740888,lr_42_cv
4436,4436,Logistine regresija,0,0,0.355492857956695,0.997441327740888,lr_42_cv
4451,4451,Logistine regresija,0,0,0.0317104547427594,0.997441327740888,lr_42_cv
4453,4453,Logistine regresija,0,0,0.1584602724635,0.997441327740888,lr_42_cv
4460,4460,Logistine regresija,0,0,0.196506566207865,0.997441327740888,lr_42_cv
4463,4463,Logistine regresija,0,1,0.999999999999807,0.997441327740888,lr_42_cv
4476,4476,Logistine regresija,0,0,0.306973061739338,0.997441327740888,lr_42_cv
4481,4481,Logistine regresija,0,0,0.203503635643363,0.997441327740888,lr_42_cv
4497,4497,Logistine regresija,0,0,3.80294872544674e-05,0.997441327740888,lr_42_cv
4508,4508,Logistine regresija,0,0,0.000776395043270484,0.997441327740888,lr_42_cv
4520,4520,Logistine regresija,0,0,0.00826834714799969,0.997441327740888,lr_42_cv
4526,4526,Logistine regresija,0,0,0.16128911913078,0.997441327740888,lr_42_cv
4535,4535,Logistine regresija,0,0,0.000788225695579461,0.997441327740888,lr_42_cv
4539,4539,Logistine regresija,0,0,0.0359132328164562,0.997441327740888,lr_42_cv
4545,4545,Logistine regresija,0,0,0.0108941633559293,0.997441327740888,lr_42_cv
4546,4546,Logistine regresija,0,0,0.126106757964583,0.997441327740888,lr_42_cv
4555,4555,Logistine regresija,0,0,0.297095716097712,0.997441327740888,lr_42_cv
4566,4566,Logistine regresija,0,0,0.11273241128768,0.997441327740888,lr_42_cv
4567,4567,Logistine regresija,0,0,0.0284532231516907,0.997441327740888,lr_42_cv
4568,4568,Logistine regresija,0,0,0.00108093285968533,0.997441327740888,lr_42_cv
4569,4569,Logistine regresija,0,0,0.143202582315918,0.997441327740888,lr_42_cv
4588,4588,Logistine regresija,0,0,0.000987683880472855,0.997441327740888,lr_42_cv
4589,4589,Logistine regresija,0,0,0.021388489734174,0.997441327740888,lr_42_cv
4591,4591,Logistine regresija,0,0,0.00331117339148071,0.997441327740888,lr_42_cv
4600,4600,Logistine regresija,0,0,0.0473343269990717,0.997441327740888,lr_42_cv
2,2,SVM,1,1,2.43694087388798,1.20508044469959,svm_42_cv
4,4,SVM,1,0,1.10532382682716,1.20508044469959,svm_42_cv
10,10,SVM,1,0,0.60181888179528,1.20508044469959,svm_42_cv
12,12,SVM,1,0,1.0346226638161,1.20508044469959,svm_42_cv
13,13,SVM,1,1,2.03649512359328,1.20508044469959,svm_42_cv
17,17,SVM,1,1,4.12227714833689,1.20508044469959,svm_42_cv
22,22,SVM,1,1,2.3787065615413,1.20508044469959,svm_42_cv
24,24,SVM,1,0,-0.323082329795921,1.20508044469959,svm_42_cv
25,25,SVM,1,1,1.83792920345505,1.20508044469959,svm_42_cv
26,24,SVM,1,0,-0.323082329795921,1.20508044469959,svm_42_cv
32,32,SVM,1,1,1.38260028922623,1.20508044469959,svm_42_cv
33,33,SVM,1,0,-0.389138416967091,1.20508044469959,svm_42_cv
48,48,SVM,1,1,3.97340326768737,1.20508044469959,svm_42_cv
51,51,SVM,1,1,3.23344986313624,1.20508044469959,svm_42_cv
54,54,SVM,1,1,3.22402391322343,1.20508044469959,svm_42_cv
67,67,SVM,1,0,0.892348043069992,1.20508044469959,svm_42_cv
68,68,SVM,1,1,3.08572610181811,1.20508044469959,svm_42_cv
70,70,SVM,1,0,1.0618450984318,1.20508044469959,svm_42_cv
72,72,SVM,1,1,1.29389664840565,1.20508044469959,svm_42_cv
73,73,SVM,1,1,2.40985871610017,1.20508044469959,svm_42_cv
76,76,SVM,1,0,-0.830568030313548,1.20508044469959,svm_42_cv
79,79,SVM,1,0,-0.397384913392256,1.20508044469959,svm_42_cv
89,89,SVM,1,0,0.67250086164607,1.20508044469959,svm_42_cv
92,92,SVM,1,1,3.00951065187788,1.20508044469959,svm_42_cv
93,93,SVM,1,1,3.00794853858373,1.20508044469959,svm_42_cv
97,97,SVM,1,0,0.95631256249268,1.20508044469959,svm_42_cv
101,101,SVM,1,1,1.32530347407495,1.20508044469959,svm_42_cv
103,101,SVM,1,1,1.32530347407495,1.20508044469959,svm_42_cv
105,101,SVM,1,1,1.32530347407495,1.20508044469959,svm_42_cv
107,107,SVM,1,0,1.1726607992408,1.20508044469959,svm_42_cv
109,109,SVM,1,0,0.688363074954232,1.20508044469959,svm_42_cv
125,125,SVM,1,1,1.91193094669316,1.20508044469959,svm_42_cv
133,133,SVM,1,1,2.24546574446443,1.20508044469959,svm_42_cv
148,148,SVM,1,0,-0.404211636591676,1.20508044469959,svm_42_cv
159,159,SVM,1,1,1.92895337758436,1.20508044469959,svm_42_cv
163,163,SVM,1,0,0.665454450453334,1.20508044469959,svm_42_cv
167,167,SVM,1,0,0.934316983680158,1.20508044469959,svm_42_cv
170,170,SVM,1,0,1.03079838253832,1.20508044469959,svm_42_cv
176,176,SVM,1,0,-0.614748900094079,1.20508044469959,svm_42_cv
177,177,SVM,1,1,2.11433739745162,1.20508044469959,svm_42_cv
180,180,SVM,1,1,2.77619666363954,1.20508044469959,svm_42_cv
184,184,SVM,1,0,-1.27227493356165,1.20508044469959,svm_42_cv
187,187,SVM,1,0,0.223856834287758,1.20508044469959,svm_42_cv
192,192,SVM,1,1,1.59750738012447,1.20508044469959,svm_42_cv
193,193,SVM,1,1,1.82932229714807,1.20508044469959,svm_42_cv
199,199,SVM,1,0,0.730841646213451,1.20508044469959,svm_42_cv
207,207,SVM,1,1,1.91791888948478,1.20508044469959,svm_42_cv
208,208,SVM,1,1,1.34696831861027,1.20508044469959,svm_42_cv
209,209,SVM,1,1,2.3621730036879,1.20508044469959,svm_42_cv
211,211,SVM,1,1,1.58520450609868,1.20508044469959,svm_42_cv
214,214,SVM,1,0,0.822774172683187,1.20508044469959,svm_42_cv
222,222,SVM,1,1,2.37892201136325,1.20508044469959,svm_42_cv
229,229,SVM,1,0,0.926152840581321,1.20508044469959,svm_42_cv
234,234,SVM,1,0,0.488217322528366,1.20508044469959,svm_42_cv
238,238,SVM,1,1,2.68938079923458,1.20508044469959,svm_42_cv
245,245,SVM,1,1,1.64292232357748,1.20508044469959,svm_42_cv
250,250,SVM,1,0,-4.0224440301718,1.20508044469959,svm_42_cv
252,252,SVM,1,1,2.68780417598123,1.20508044469959,svm_42_cv
258,258,SVM,1,1,2.08959778936832,1.20508044469959,svm_42_cv
260,260,SVM,1,1,2.08753730291668,1.20508044469959,svm_42_cv
262,262,SVM,1,0,0.670096279322766,1.20508044469959,svm_42_cv
271,271,SVM,1,1,1.83732471367836,1.20508044469959,svm_42_cv
290,290,SVM,1,0,-0.0290801050833651,1.20508044469959,svm_42_cv
294,294,SVM,1,0,-0.409406409301075,1.20508044469959,svm_42_cv
302,302,SVM,1,0,1.00388487578854,1.20508044469959,svm_42_cv
303,303,SVM,1,1,4.5859266694452,1.20508044469959,svm_42_cv
317,317,SVM,1,0,1.07236715919194,1.20508044469959,svm_42_cv
321,321,SVM,1,0,-0.590356293744135,1.20508044469959,svm_42_cv
324,321,SVM,1,0,-0.590356293744135,1.20508044469959,svm_42_cv
329,329,SVM,1,1,3.16925030641641,1.20508044469959,svm_42_cv
337,337,SVM,1,0,1.03908099189073,1.20508044469959,svm_42_cv
340,340,SVM,1,1,1.75722434539138,1.20508044469959,svm_42_cv
345,345,SVM,1,0,-0.510266082647085,1.20508044469959,svm_42_cv
346,337,SVM,1,0,1.03908099189073,1.20508044469959,svm_42_cv
349,337,SVM,1,0,1.03908099189073,1.20508044469959,svm_42_cv
351,351,SVM,1,0,-2.7639327287587,1.20508044469959,svm_42_cv
357,357,SVM,1,1,1.60428854314484,1.20508044469959,svm_42_cv
359,359,SVM,1,0,0.992216090556143,1.20508044469959,svm_42_cv
361,361,SVM,1,1,2.02267144740645,1.20508044469959,svm_42_cv
364,364,SVM,1,0,-1.58034379050074,1.20508044469959,svm_42_cv
370,359,SVM,1,0,0.992216090556143,1.20508044469959,svm_42_cv
372,372,SVM,1,0,-0.576369293176545,1.20508044469959,svm_42_cv
379,317,SVM,1,0,1.07236715919194,1.20508044469959,svm_42_cv
383,383,SVM,1,0,0.383114458547972,1.20508044469959,svm_42_cv
392,392,SVM,1,0,1.09561439880808,1.20508044469959,svm_42_cv
397,397,SVM,1,1,1.74644357254565,1.20508044469959,svm_42_cv
398,398,SVM,1,0,1.12344372525543,1.20508044469959,svm_42_cv
402,402,SVM,1,0,0.274362699300585,1.20508044469959,svm_42_cv
405,405,SVM,1,1,2.90705270780356,1.20508044469959,svm_42_cv
408,408,SVM,1,1,3.25594750257768,1.20508044469959,svm_42_cv
409,409,SVM,1,0,0.419495376821718,1.20508044469959,svm_42_cv
414,414,SVM,1,1,2.13568457482372,1.20508044469959,svm_42_cv
417,417,SVM,1,1,2.47876686654086,1.20508044469959,svm_42_cv
418,418,SVM,1,1,2.32605026424073,1.20508044469959,svm_42_cv
428,428,SVM,1,1,1.65600633338282,1.20508044469959,svm_42_cv
436,436,SVM,1,0,0.524805301979654,1.20508044469959,svm_42_cv
437,437,SVM,1,0,0.141158055568609,1.20508044469959,svm_42_cv
442,442,SVM,1,1,2.34749783854886,1.20508044469959,svm_42_cv
450,450,SVM,1,1,1.29976302402701,1.20508044469959,svm_42_cv
453,453,SVM,1,0,0.671817181235051,1.20508044469959,svm_42_cv
465,465,SVM,1,1,2.54057861769405,1.20508044469959,svm_42_cv
482,482,SVM,1,1,1.33454566058037,1.20508044469959,svm_42_cv
484,484,SVM,1,1,1.58047868592866,1.20508044469959,svm_42_cv
486,486,SVM,1,1,1.51015162233402,1.20508044469959,svm_42_cv
487,487,SVM,1,1,2.93268834070147,1.20508044469959,svm_42_cv
490,490,SVM,1,1,2.62248583307252,1.20508044469959,svm_42_cv
491,491,SVM,1,1,4.74640386876433,1.20508044469959,svm_42_cv
492,486,SVM,1,1,1.51015162233402,1.20508044469959,svm_42_cv
496,496,SVM,1,0,-1.57385293492517,1.20508044469959,svm_42_cv
498,498,SVM,1,1,3.68545001058304,1.20508044469959,svm_42_cv
512,512,SVM,1,1,1.45409177402939,1.20508044469959,svm_42_cv
516,516,SVM,1,1,1.56690648619211,1.20508044469959,svm_42_cv
531,531,SVM,1,1,2.17951444157349,1.20508044469959,svm_42_cv
544,544,SVM,1,0,1.01932344262191,1.20508044469959,svm_42_cv
550,550,SVM,1,0,-0.12972072086506,1.20508044469959,svm_42_cv
553,553,SVM,1,0,-0.5074714762878,1.20508044469959,svm_42_cv
556,556,SVM,1,1,1.41131091174598,1.20508044469959,svm_42_cv
565,565,SVM,1,1,1.30859183660587,1.20508044469959,svm_42_cv
567,567,SVM,1,0,0.412313227705446,1.20508044469959,svm_42_cv
578,567,SVM,1,0,0.412313227705446,1.20508044469959,svm_42_cv
593,593,SVM,1,1,1.34938747380049,1.20508044469959,svm_42_cv
596,596,SVM,1,0,-0.355468518638575,1.20508044469959,svm_42_cv
602,602,SVM,1,0,-1.45180881805501,1.20508044469959,svm_42_cv
607,607,SVM,1,1,2.49131838722489,1.20508044469959,svm_42_cv
610,610,SVM,1,0,1.00469815449387,1.20508044469959,svm_42_cv
613,610,SVM,1,0,1.00469815449387,1.20508044469959,svm_42_cv
615,615,SVM,1,1,3.06686486339843,1.20508044469959,svm_42_cv
617,596,SVM,1,0,-0.355468518638575,1.20508044469959,svm_42_cv
634,634,SVM,1,1,1.42694660651457,1.20508044469959,svm_42_cv
635,635,SVM,1,1,1.48994396448568,1.20508044469959,svm_42_cv
644,644,SVM,1,1,2.47252940745728,1.20508044469959,svm_42_cv
647,647,SVM,1,1,1.64441933187052,1.20508044469959,svm_42_cv
652,652,SVM,1,0,0.801147136260812,1.20508044469959,svm_42_cv
656,656,SVM,1,1,4.07148742325074,1.20508044469959,svm_42_cv
659,659,SVM,1,0,0.178440971618801,1.20508044469959,svm_42_cv
661,661,SVM,1,0,-1.65025355722382,1.20508044469959,svm_42_cv
670,670,SVM,1,1,2.91735659593819,1.20508044469959,svm_42_cv
675,675,SVM,1,0,-1.51180211278258,1.20508044469959,svm_42_cv
683,683,SVM,1,1,1.60136403545243,1.20508044469959,svm_42_cv
686,686,SVM,1,1,3.82616764223343,1.20508044469959,svm_42_cv
687,687,SVM,1,1,3.77125119366904,1.20508044469959,svm_42_cv
692,670,SVM,1,1,2.91735659593819,1.20508044469959,svm_42_cv
693,693,SVM,1,0,1.14427979071086,1.20508044469959,svm_42_cv
695,695,SVM,1,1,2.50465250962438,1.20508044469959,svm_42_cv
698,695,SVM,1,1,2.50465250962438,1.20508044469959,svm_42_cv
701,701,SVM,1,0,1.04807521732877,1.20508044469959,svm_42_cv
717,717,SVM,1,1,4.38243606819071,1.20508044469959,svm_42_cv
718,718,SVM,1,1,1.2707868693721,1.20508044469959,svm_42_cv
720,720,SVM,1,0,1.0872133465767,1.20508044469959,svm_42_cv
722,695,SVM,1,1,2.50465250962438,1.20508044469959,svm_42_cv
723,723,SVM,1,1,3.8270269555346,1.20508044469959,svm_42_cv
726,726,SVM,1,1,3.53358116335878,1.20508044469959,svm_42_cv
729,729,SVM,1,1,2.56903527650194,1.20508044469959,svm_42_cv
732,732,SVM,1,1,3.32099043151921,1.20508044469959,svm_42_cv
735,735,SVM,1,1,2.17258874643672,1.20508044469959,svm_42_cv
736,736,SVM,1,1,2.53372520861713,1.20508044469959,svm_42_cv
737,737,SVM,1,0,0.123831979017005,1.20508044469959,svm_42_cv
748,748,SVM,1,0,-0.463814194526998,1.20508044469959,svm_42_cv
749,749,SVM,1,0,1.17171417582138,1.20508044469959,svm_42_cv
751,751,SVM,1,0,1.00075713246071,1.20508044469959,svm_42_cv
752,752,SVM,1,1,3.06012703795691,1.20508044469959,svm_42_cv
754,754,SVM,1,1,1.32557189916077,1.20508044469959,svm_42_cv
755,755,SVM,1,1,1.26789646499705,1.20508044469959,svm_42_cv
764,764,SVM,1,0,0.563046118398742,1.20508044469959,svm_42_cv
769,769,SVM,1,1,3.05470075668331,1.20508044469959,svm_42_cv
782,782,SVM,1,1,1.22552588850971,1.20508044469959,svm_42_cv
783,783,SVM,1,1,1.36390149729237,1.20508044469959,svm_42_cv
787,787,SVM,1,1,1.23045324687647,1.20508044469959,svm_42_cv
788,787,SVM,1,1,1.23045324687647,1.20508044469959,svm_42_cv
797,797,SVM,1,1,4.46647267329333,1.20508044469959,svm_42_cv
799,799,SVM,1,1,2.04185326506956,1.20508044469959,svm_42_cv
800,800,SVM,1,1,2.3839980706583,1.20508044469959,svm_42_cv
803,803,SVM,1,0,0.850718103604938,1.20508044469959,svm_42_cv
813,813,SVM,1,1,1.22633841621793,1.20508044469959,svm_42_cv
815,815,SVM,1,1,1.38138091255997,1.20508044469959,svm_42_cv
824,824,SVM,1,1,1.80038580932313,1.20508044469959,svm_42_cv
827,827,SVM,1,0,0.983059775378004,1.20508044469959,svm_42_cv
834,834,SVM,1,1,1.33775781515053,1.20508044469959,svm_42_cv
838,838,SVM,1,0,0.890124705141853,1.20508044469959,svm_42_cv
842,842,SVM,1,1,1.51988825363631,1.20508044469959,svm_42_cv
846,846,SVM,1,0,0.923398998876393,1.20508044469959,svm_42_cv
847,847,SVM,1,1,3.42903536128264,1.20508044469959,svm_42_cv
853,853,SVM,1,0,1.07965154591961,1.20508044469959,svm_42_cv
859,859,SVM,1,1,1.58301906922704,1.20508044469959,svm_42_cv
862,862,SVM,1,0,0.388510533271138,1.20508044469959,svm_42_cv
870,870,SVM,1,0,0.881047478981526,1.20508044469959,svm_42_cv
872,872,SVM,1,1,3.20184672715905,1.20508044469959,svm_42_cv
879,879,SVM,1,1,2.61836278282052,1.20508044469959,svm_42_cv
881,881,SVM,1,1,1.79372986818457,1.20508044469959,svm_42_cv
891,891,SVM,1,1,1.59350628892213,1.20508044469959,svm_42_cv
903,903,SVM,1,0,0.291034595263724,1.20508044469959,svm_42_cv
909,909,SVM,1,1,1.9040322007198,1.20508044469959,svm_42_cv
911,911,SVM,1,1,1.24779057997211,1.20508044469959,svm_42_cv
923,923,SVM,1,1,2.92923805590681,1.20508044469959,svm_42_cv
927,927,SVM,1,1,2.03519805476246,1.20508044469959,svm_42_cv
934,934,SVM,1,0,1.01705775549693,1.20508044469959,svm_42_cv
935,935,SVM,1,0,0.776965127161162,1.20508044469959,svm_42_cv
937,937,SVM,1,0,0.894757389428766,1.20508044469959,svm_42_cv
965,965,SVM,1,0,0.347564760543432,1.20508044469959,svm_42_cv
966,966,SVM,1,0,0.883113453354105,1.20508044469959,svm_42_cv
975,975,SVM,1,1,2.78723532246539,1.20508044469959,svm_42_cv
982,982,SVM,1,0,1.12045342104421,1.20508044469959,svm_42_cv
989,989,SVM,1,1,3.89231059150552,1.20508044469959,svm_42_cv
993,993,SVM,1,1,1.30654527352767,1.20508044469959,svm_42_cv
1010,1010,SVM,1,0,0.476870764671076,1.20508044469959,svm_42_cv
1025,695,SVM,1,1,2.50465250962438,1.20508044469959,svm_42_cv
1033,1033,SVM,1,1,3.10340588788936,1.20508044469959,svm_42_cv
1037,1037,SVM,1,1,1.72972543000341,1.20508044469959,svm_42_cv
1054,1054,SVM,1,1,3.25435068916658,1.20508044469959,svm_42_cv
1066,1066,SVM,1,1,1.49009902605342,1.20508044469959,svm_42_cv
1073,1073,SVM,1,1,1.38918823227494,1.20508044469959,svm_42_cv
1074,1074,SVM,1,1,2.71968040285746,1.20508044469959,svm_42_cv
1079,1079,SVM,1,1,2.71434497630102,1.20508044469959,svm_42_cv
1095,1095,SVM,1,1,1.53036617431525,1.20508044469959,svm_42_cv
1098,1098,SVM,1,1,3.11608326023976,1.20508044469959,svm_42_cv
1100,1100,SVM,1,0,-0.143305521551436,1.20508044469959,svm_42_cv
1105,1105,SVM,1,1,2.53535198565458,1.20508044469959,svm_42_cv
1107,1107,SVM,1,0,0.171202894587212,1.20508044469959,svm_42_cv
1108,1108,SVM,1,1,5.15447690821055,1.20508044469959,svm_42_cv
1113,891,SVM,1,1,1.59350628892213,1.20508044469959,svm_42_cv
1119,1119,SVM,1,0,1.00012242516343,1.20508044469959,svm_42_cv
1120,1120,SVM,1,0,0.596689157992944,1.20508044469959,svm_42_cv
1131,1131,SVM,1,1,1.97584406437053,1.20508044469959,svm_42_cv
1132,1132,SVM,1,1,2.03510464724394,1.20508044469959,svm_42_cv
1133,1095,SVM,1,1,1.53036617431525,1.20508044469959,svm_42_cv
1135,1135,SVM,1,1,2.07945989002027,1.20508044469959,svm_42_cv
1142,1142,SVM,1,1,1.39369833553142,1.20508044469959,svm_42_cv
1143,1143,SVM,1,0,0.135939262596766,1.20508044469959,svm_42_cv
1144,1144,SVM,1,1,2.49994301497901,1.20508044469959,svm_42_cv
1146,1146,SVM,1,0,-0.369707287524246,1.20508044469959,svm_42_cv
1178,1178,SVM,1,0,-0.963472360764574,1.20508044469959,svm_42_cv
1181,1181,SVM,1,0,1.04348515793187,1.20508044469959,svm_42_cv
1184,1184,SVM,1,1,2.41649432884868,1.20508044469959,svm_42_cv
1189,1189,SVM,1,0,0.755895667323557,1.20508044469959,svm_42_cv
1193,1193,SVM,1,1,2.82368185903991,1.20508044469959,svm_42_cv
1202,695,SVM,1,1,2.50465250962438,1.20508044469959,svm_42_cv
1206,1206,SVM,1,0,0.916045792185028,1.20508044469959,svm_42_cv
1210,1210,SVM,1,1,3.30168190130933,1.20508044469959,svm_42_cv
1213,1213,SVM,1,1,1.89309940405547,1.20508044469959,svm_42_cv
1217,1217,SVM,1,1,1.35053892875261,1.20508044469959,svm_42_cv
1218,1218,SVM,1,1,4.02082463944873,1.20508044469959,svm_42_cv
1227,1227,SVM,1,0,0.962207524124145,1.20508044469959,svm_42_cv
1229,1229,SVM,1,1,3.09742633753157,1.20508044469959,svm_42_cv
1230,1227,SVM,1,0,0.962207524124145,1.20508044469959,svm_42_cv
1231,1231,SVM,1,0,0.597019271233122,1.20508044469959,svm_42_cv
1239,1239,SVM,1,0,0.339474492134671,1.20508044469959,svm_42_cv
1241,1241,SVM,1,1,2.41078579174254,1.20508044469959,svm_42_cv
1242,1241,SVM,1,1,2.41078579174254,1.20508044469959,svm_42_cv
1246,1246,SVM,1,0,-0.591226908392259,1.20508044469959,svm_42_cv
1249,1249,SVM,1,1,2.6774883035664,1.20508044469959,svm_42_cv
1250,1250,SVM,1,1,2.98628108778313,1.20508044469959,svm_42_cv
1251,1249,SVM,1,1,2.6774883035664,1.20508044469959,svm_42_cv
1254,1254,SVM,1,1,1.92018936919216,1.20508044469959,svm_42_cv
1266,695,SVM,1,1,2.50465250962438,1.20508044469959,svm_42_cv
1268,695,SVM,1,1,2.50465250962438,1.20508044469959,svm_42_cv
1269,1269,SVM,1,1,2.8971742973726,1.20508044469959,svm_42_cv
1272,1272,SVM,1,1,3.0534651206356,1.20508044469959,svm_42_cv
1281,1281,SVM,1,0,0.272515147410715,1.20508044469959,svm_42_cv
1283,1272,SVM,1,1,3.0534651206356,1.20508044469959,svm_42_cv
1286,1286,SVM,1,1,3.8490783192186,1.20508044469959,svm_42_cv
1288,1288,SVM,1,1,1.59268067743999,1.20508044469959,svm_42_cv
1291,1291,SVM,1,1,1.62685872303219,1.20508044469959,svm_42_cv
1294,1294,SVM,1,0,-0.478016741821323,1.20508044469959,svm_42_cv
1295,1295,SVM,1,1,2.3352207557371,1.20508044469959,svm_42_cv
1301,1301,SVM,1,1,2.27341485627291,1.20508044469959,svm_42_cv
1306,1306,SVM,1,1,1.54488850389943,1.20508044469959,svm_42_cv
1311,1311,SVM,1,1,1.67504097051194,1.20508044469959,svm_42_cv
1314,1314,SVM,1,1,2.88945315316129,1.20508044469959,svm_42_cv
1320,1320,SVM,1,1,3.18342650506908,1.20508044469959,svm_42_cv
1337,1337,SVM,1,1,3.03025222903427,1.20508044469959,svm_42_cv
1338,1338,SVM,1,1,2.31931470482632,1.20508044469959,svm_42_cv
1342,1342,SVM,1,0,0.784316864129512,1.20508044469959,svm_42_cv
1343,1343,SVM,1,1,1.44872271532889,1.20508044469959,svm_42_cv
1356,842,SVM,1,1,1.51988825363631,1.20508044469959,svm_42_cv
1359,842,SVM,1,1,1.51988825363631,1.20508044469959,svm_42_cv
1361,1361,SVM,1,1,1.69866286075845,1.20508044469959,svm_42_cv
1369,1369,SVM,1,1,4.09338130824673,1.20508044469959,svm_42_cv
1371,1371,SVM,1,1,2.31915206725869,1.20508044469959,svm_42_cv
1375,1375,SVM,1,1,3.18452253837142,1.20508044469959,svm_42_cv
1377,1377,SVM,1,1,2.65289107975557,1.20508044469959,svm_42_cv
1382,1382,SVM,1,0,-0.257322552089225,1.20508044469959,svm_42_cv
1389,1389,SVM,1,0,-0.534843541565022,1.20508044469959,svm_42_cv
1397,1397,SVM,1,1,1.68671722519595,1.20508044469959,svm_42_cv
1399,1399,SVM,1,0,0.422547066618169,1.20508044469959,svm_42_cv
1409,1409,SVM,1,0,1.00753051767339,1.20508044469959,svm_42_cv
1419,1419,SVM,1,1,1.7549857508757,1.20508044469959,svm_42_cv
1422,1422,SVM,1,0,-0.452800742106339,1.20508044469959,svm_42_cv
1427,1427,SVM,1,0,0.941001935941753,1.20508044469959,svm_42_cv
1428,1361,SVM,1,1,1.69866286075845,1.20508044469959,svm_42_cv
1436,1436,SVM,1,0,0.122614542141698,1.20508044469959,svm_42_cv
1440,1440,SVM,1,0,1.1948460859257,1.20508044469959,svm_42_cv
1441,1441,SVM,1,0,0.633383536268417,1.20508044469959,svm_42_cv
1444,1444,SVM,1,1,3.15785305693988,1.20508044469959,svm_42_cv
1446,1446,SVM,1,0,0.243493761259323,1.20508044469959,svm_42_cv
1453,1453,SVM,1,0,1.0884000783932,1.20508044469959,svm_42_cv
1456,1456,SVM,1,0,-0.365460264771489,1.20508044469959,svm_42_cv
1459,1459,SVM,1,1,2.09779197225157,1.20508044469959,svm_42_cv
1463,1463,SVM,1,0,1.11482831977443,1.20508044469959,svm_42_cv
1467,1467,SVM,1,1,1.33521288716963,1.20508044469959,svm_42_cv
1469,1469,SVM,1,1,1.35110588122515,1.20508044469959,svm_42_cv
1477,1477,SVM,1,1,1.3165701313373,1.20508044469959,svm_42_cv
1495,1495,SVM,1,1,3.90450799279307,1.20508044469959,svm_42_cv
1497,1497,SVM,1,1,1.52035220942717,1.20508044469959,svm_42_cv
1499,1499,SVM,1,1,3.15617955306511,1.20508044469959,svm_42_cv
1500,1500,SVM,1,1,4.66538132426402,1.20508044469959,svm_42_cv
1501,1501,SVM,1,1,4.7673101993139,1.20508044469959,svm_42_cv
1509,1509,SVM,1,1,2.71235228651737,1.20508044469959,svm_42_cv
1511,1511,SVM,1,0,-0.44172174380801,1.20508044469959,svm_42_cv
1512,1512,SVM,1,1,1.29894290650337,1.20508044469959,svm_42_cv
1513,1513,SVM,1,1,1.95631127829195,1.20508044469959,svm_42_cv
1514,1514,SVM,1,1,2.0799304823169,1.20508044469959,svm_42_cv
1517,1517,SVM,1,0,0.563514406831369,1.20508044469959,svm_42_cv
1520,1520,SVM,1,0,0.12251082287847,1.20508044469959,svm_42_cv
1524,1520,SVM,1,0,0.12251082287847,1.20508044469959,svm_42_cv
1528,1528,SVM,1,1,4.12300162360713,1.20508044469959,svm_42_cv
1529,1529,SVM,1,1,2.71978112803404,1.20508044469959,svm_42_cv
1534,1534,SVM,1,1,3.66469747641155,1.20508044469959,svm_42_cv
1546,1546,SVM,1,1,2.60408634528355,1.20508044469959,svm_42_cv
1553,1553,SVM,1,1,2.08911021836043,1.20508044469959,svm_42_cv
1556,1556,SVM,1,0,-0.771628980275216,1.20508044469959,svm_42_cv
1559,1559,SVM,1,0,1.0552205587684,1.20508044469959,svm_42_cv
1561,1561,SVM,1,1,3.58269313814814,1.20508044469959,svm_42_cv
1563,1563,SVM,1,1,1.6129165914867,1.20508044469959,svm_42_cv
1565,1565,SVM,1,1,2.3786139235229,1.20508044469959,svm_42_cv
1566,1566,SVM,1,0,-1.23608562354901,1.20508044469959,svm_42_cv
1567,1567,SVM,1,0,0.765976841234472,1.20508044469959,svm_42_cv
1579,1579,SVM,1,0,0.269404554971767,1.20508044469959,svm_42_cv
1580,1580,SVM,1,0,0.985944423718494,1.20508044469959,svm_42_cv
1582,1582,SVM,1,1,2.02043959679052,1.20508044469959,svm_42_cv
1583,1561,SVM,1,1,3.58269313814814,1.20508044469959,svm_42_cv
1593,1593,SVM,1,1,2.66350553693026,1.20508044469959,svm_42_cv
1594,1594,SVM,1,0,0.411232285917743,1.20508044469959,svm_42_cv
1596,1596,SVM,1,0,1.19562016238105,1.20508044469959,svm_42_cv
1597,1597,SVM,1,1,2.41049951930271,1.20508044469959,svm_42_cv
1608,1608,SVM,1,1,1.77750267760052,1.20508044469959,svm_42_cv
1617,1617,SVM,1,0,-1.2232586804819,1.20508044469959,svm_42_cv
1621,1621,SVM,1,0,-1.08198072996678,1.20508044469959,svm_42_cv
1623,1623,SVM,1,0,-1.11092586304653,1.20508044469959,svm_42_cv
1636,1636,SVM,1,0,-0.923942785739487,1.20508044469959,svm_42_cv
1643,1643,SVM,1,1,2.60714799839009,1.20508044469959,svm_42_cv
1668,1668,SVM,1,0,0.222395690558017,1.20508044469959,svm_42_cv
1692,1692,SVM,1,1,2.25531348880857,1.20508044469959,svm_42_cv
1702,1702,SVM,1,1,3.26975460253556,1.20508044469959,svm_42_cv
1708,1708,SVM,1,1,3.27041020339345,1.20508044469959,svm_42_cv
1710,1710,SVM,1,0,-0.992090113225229,1.20508044469959,svm_42_cv
1711,1711,SVM,1,0,-0.45286346187925,1.20508044469959,svm_42_cv
1717,1717,SVM,1,0,-0.706162217947326,1.20508044469959,svm_42_cv
1718,1718,SVM,1,1,3.36989877118869,1.20508044469959,svm_42_cv
1722,1722,SVM,1,0,-0.92658533973211,1.20508044469959,svm_42_cv
1745,1745,SVM,1,0,0.599242325142087,1.20508044469959,svm_42_cv
1748,1748,SVM,1,0,0.923499933646655,1.20508044469959,svm_42_cv
1751,1751,SVM,1,0,-0.807662951295489,1.20508044469959,svm_42_cv
1752,1752,SVM,1,0,-0.585285560566817,1.20508044469959,svm_42_cv
1753,1753,SVM,1,0,-0.614903247217698,1.20508044469959,svm_42_cv
1754,1754,SVM,1,1,3.20738734301311,1.20508044469959,svm_42_cv
1756,1756,SVM,1,1,3.71451059592441,1.20508044469959,svm_42_cv
1757,1757,SVM,1,1,2.20768607616649,1.20508044469959,svm_42_cv
1758,1758,SVM,1,1,1.61383750659676,1.20508044469959,svm_42_cv
1759,1759,SVM,1,0,0.995337646098316,1.20508044469959,svm_42_cv
1765,1765,SVM,1,1,1.53769921770319,1.20508044469959,svm_42_cv
1768,1768,SVM,1,0,-0.504627269159517,1.20508044469959,svm_42_cv
1770,1770,SVM,1,1,2.19915656257654,1.20508044469959,svm_42_cv
1772,1772,SVM,1,1,2.67823272140971,1.20508044469959,svm_42_cv
1792,1792,SVM,1,0,1.04689134927078,1.20508044469959,svm_42_cv
1803,1803,SVM,1,1,2.49295476838904,1.20508044469959,svm_42_cv
1805,799,SVM,1,1,2.04185326506956,1.20508044469959,svm_42_cv
1809,1809,SVM,1,1,3.78984237350567,1.20508044469959,svm_42_cv
1810,1810,SVM,1,1,2.57195770086886,1.20508044469959,svm_42_cv
1816,1816,SVM,0,0,-4.00374977446929,1.20508044469959,svm_42_cv
1818,1818,SVM,0,0,-1.72858334498256,1.20508044469959,svm_42_cv
1829,1829,SVM,0,0,-1.25614302466848,1.20508044469959,svm_42_cv
1830,1830,SVM,0,0,-3.92990698562558,1.20508044469959,svm_42_cv
1832,1832,SVM,0,0,-1.69603871332978,1.20508044469959,svm_42_cv
1836,1836,SVM,0,0,-2.60796176460999,1.20508044469959,svm_42_cv
1839,1839,SVM,0,0,-1.18998668805845,1.20508044469959,svm_42_cv
1841,1841,SVM,0,0,-4.21408493157178,1.20508044469959,svm_42_cv
1843,1843,SVM,0,0,-0.439907449679914,1.20508044469959,svm_42_cv
1851,1851,SVM,0,0,-1.26616114926166,1.20508044469959,svm_42_cv
1859,1859,SVM,0,0,-0.631255317753068,1.20508044469959,svm_42_cv
1860,1860,SVM,0,0,-1.75317888679382,1.20508044469959,svm_42_cv
1866,1866,SVM,0,0,-1.20079927160787,1.20508044469959,svm_42_cv
1868,1868,SVM,0,0,-0.395718880682892,1.20508044469959,svm_42_cv
1876,1876,SVM,0,0,-1.73153524105473,1.20508044469959,svm_42_cv
1878,1878,SVM,0,0,-1.02934894772719,1.20508044469959,svm_42_cv
1880,1880,SVM,0,0,-1.75698121885,1.20508044469959,svm_42_cv
1881,1881,SVM,0,0,-3.59068256553524,1.20508044469959,svm_42_cv
1894,1894,SVM,0,0,-2.63401442853406,1.20508044469959,svm_42_cv
1897,1897,SVM,0,0,-5.56881896079659,1.20508044469959,svm_42_cv
1899,1859,SVM,0,0,-0.631255317753068,1.20508044469959,svm_42_cv
1901,1901,SVM,0,0,-3.69669140783761,1.20508044469959,svm_42_cv
1902,1859,SVM,0,0,-0.631255317753068,1.20508044469959,svm_42_cv
1913,1859,SVM,0,0,-0.631255317753068,1.20508044469959,svm_42_cv
1917,1917,SVM,0,0,-1.4926081518911,1.20508044469959,svm_42_cv
1920,1920,SVM,0,0,-4.14021897535351,1.20508044469959,svm_42_cv
1951,1951,SVM,0,0,-1.02602794818252,1.20508044469959,svm_42_cv
1953,1953,SVM,0,0,-0.826325535784359,1.20508044469959,svm_42_cv
1955,1955,SVM,0,0,-2.62890942724699,1.20508044469959,svm_42_cv
1962,1962,SVM,0,0,-1.56767498989312,1.20508044469959,svm_42_cv
1967,1967,SVM,0,0,-1.34924028150148,1.20508044469959,svm_42_cv
1971,1971,SVM,0,0,-2.45838939765881,1.20508044469959,svm_42_cv
1972,1972,SVM,0,0,-1.17050384059222,1.20508044469959,svm_42_cv
1973,1973,SVM,0,0,-0.966571770705593,1.20508044469959,svm_42_cv
1977,1977,SVM,0,0,-2.79254761018136,1.20508044469959,svm_42_cv
1982,1982,SVM,0,0,-2.88582698481656,1.20508044469959,svm_42_cv
1985,148,SVM,0,0,-0.404211636591676,1.20508044469959,svm_42_cv
1987,1987,SVM,0,0,-5.75224487967808,1.20508044469959,svm_42_cv
1993,1993,SVM,0,0,-2.7850784374962,1.20508044469959,svm_42_cv
1997,1997,SVM,0,0,-3.76352845888638,1.20508044469959,svm_42_cv
2000,2000,SVM,0,0,-2.18501015786816,1.20508044469959,svm_42_cv
2001,2001,SVM,0,0,-1.90579257313446,1.20508044469959,svm_42_cv
2002,2002,SVM,0,0,-1.15127103325509,1.20508044469959,svm_42_cv
2003,2003,SVM,0,0,-1.21435279078104,1.20508044469959,svm_42_cv
2010,2010,SVM,0,0,-3.6626396197909,1.20508044469959,svm_42_cv
2020,2020,SVM,0,0,-1.14191578753929,1.20508044469959,svm_42_cv
2021,2021,SVM,0,0,-0.756612471982626,1.20508044469959,svm_42_cv
2024,2024,SVM,0,0,-1.51464689619524,1.20508044469959,svm_42_cv
2026,2026,SVM,0,0,-1.24232776479254,1.20508044469959,svm_42_cv
2028,2028,SVM,0,0,-1.12701169481509,1.20508044469959,svm_42_cv
2031,2031,SVM,0,0,-4.7491300395677,1.20508044469959,svm_42_cv
2034,2034,SVM,0,0,-3.75056472014881,1.20508044469959,svm_42_cv
2037,2037,SVM,0,0,-2.55690332813151,1.20508044469959,svm_42_cv
2043,2043,SVM,0,0,-2.10519495271349,1.20508044469959,svm_42_cv
2045,2045,SVM,0,0,-3.46924255548659,1.20508044469959,svm_42_cv
2054,2054,SVM,0,0,-0.924393634986732,1.20508044469959,svm_42_cv
2057,2057,SVM,0,0,-4.40392259223801,1.20508044469959,svm_42_cv
2059,2059,SVM,0,0,-3.21116561932519,1.20508044469959,svm_42_cv
2065,2065,SVM,0,0,-0.773732947912226,1.20508044469959,svm_42_cv
2071,2071,SVM,0,0,-1.11951869500826,1.20508044469959,svm_42_cv
2073,2073,SVM,0,0,-5.90951626438812,1.20508044469959,svm_42_cv
2089,2089,SVM,0,0,-0.593132541297262,1.20508044469959,svm_42_cv
2091,2091,SVM,0,0,-0.861409677370034,1.20508044469959,svm_42_cv
2096,2096,SVM,0,0,-2.65543043762213,1.20508044469959,svm_42_cv
2117,2117,SVM,0,0,-1.53423494208995,1.20508044469959,svm_42_cv
2122,2122,SVM,0,1,2.23267295373757,1.20508044469959,svm_42_cv
2124,2124,SVM,0,0,-3.80252245763555,1.20508044469959,svm_42_cv
2126,2126,SVM,0,0,-1.23511780850063,1.20508044469959,svm_42_cv
2128,2128,SVM,0,0,-1.44246317295865,1.20508044469959,svm_42_cv
2136,2136,SVM,0,0,-1.28076300905738,1.20508044469959,svm_42_cv
2138,2138,SVM,0,0,-2.55489214536722,1.20508044469959,svm_42_cv
2140,2140,SVM,0,0,-4.58834846200088,1.20508044469959,svm_42_cv
2145,2145,SVM,0,0,-1.22066481864911,1.20508044469959,svm_42_cv
2147,2147,SVM,0,0,0.0753004782230219,1.20508044469959,svm_42_cv
2151,2151,SVM,0,0,-1.1742329001123,1.20508044469959,svm_42_cv
2153,2153,SVM,0,0,-1.96584016433203,1.20508044469959,svm_42_cv
2154,2154,SVM,0,0,-1.37787447289513,1.20508044469959,svm_42_cv
2161,2161,SVM,0,0,-4.47403711226431,1.20508044469959,svm_42_cv
2165,2165,SVM,0,0,-2.38437840104682,1.20508044469959,svm_42_cv
2170,2170,SVM,0,0,-1.33832236207927,1.20508044469959,svm_42_cv
2175,2175,SVM,0,0,-2.00164231462108,1.20508044469959,svm_42_cv
2192,2192,SVM,0,0,-3.49132714861282,1.20508044469959,svm_42_cv
2199,2199,SVM,0,0,-4.41916759064408,1.20508044469959,svm_42_cv
2200,2200,SVM,0,0,-4.45510767665736,1.20508044469959,svm_42_cv
2209,2031,SVM,0,0,-4.7491300395677,1.20508044469959,svm_42_cv
2219,2219,SVM,0,0,-0.683791810689525,1.20508044469959,svm_42_cv
2223,2223,SVM,0,0,-1.59746366529765,1.20508044469959,svm_42_cv
2225,2225,SVM,0,0,-1.18712379153092,1.20508044469959,svm_42_cv
2227,2227,SVM,0,0,-2.69569732496367,1.20508044469959,svm_42_cv
2255,2255,SVM,0,0,-2.40597501700035,1.20508044469959,svm_42_cv
2258,2258,SVM,0,0,-2.03519869438296,1.20508044469959,svm_42_cv
2262,2262,SVM,0,0,-1.03145401024529,1.20508044469959,svm_42_cv
2265,2265,SVM,0,0,-2.62579522721673,1.20508044469959,svm_42_cv
2266,2266,SVM,0,0,-1.89978127219284,1.20508044469959,svm_42_cv
2269,2269,SVM,0,0,-1.75513085100054,1.20508044469959,svm_42_cv
2274,2265,SVM,0,0,-2.62579522721673,1.20508044469959,svm_42_cv
2278,2278,SVM,0,0,0.418006123251184,1.20508044469959,svm_42_cv
2279,2279,SVM,0,0,-2.04041947655164,1.20508044469959,svm_42_cv
2288,2288,SVM,0,0,-1.24872832072863,1.20508044469959,svm_42_cv
2291,2291,SVM,0,0,-3.35621417801587,1.20508044469959,svm_42_cv
2293,2293,SVM,0,0,-0.939129413992053,1.20508044469959,svm_42_cv
2294,2294,SVM,0,0,-1.08077596111946,1.20508044469959,svm_42_cv
2298,2298,SVM,0,0,-2.76358349633155,1.20508044469959,svm_42_cv
2318,2318,SVM,0,0,-3.41319811516825,1.20508044469959,svm_42_cv
2321,2321,SVM,0,0,-0.891226349196383,1.20508044469959,svm_42_cv
2324,2324,SVM,0,0,-1.49368219157135,1.20508044469959,svm_42_cv
2326,2326,SVM,0,0,-0.922327569267826,1.20508044469959,svm_42_cv
2329,2329,SVM,0,0,-1.28876962277899,1.20508044469959,svm_42_cv
2331,2331,SVM,0,0,-2.73533920664338,1.20508044469959,svm_42_cv
2340,2340,SVM,0,0,-1.59922138966418,1.20508044469959,svm_42_cv
2346,2346,SVM,0,0,-1.72111452119053,1.20508044469959,svm_42_cv
2347,2347,SVM,0,0,-1.29130853962832,1.20508044469959,svm_42_cv
2348,2348,SVM,0,0,-2.52542809914596,1.20508044469959,svm_42_cv
2353,2353,SVM,0,0,-1.58493450292511,1.20508044469959,svm_42_cv
2387,2387,SVM,0,0,-1.59707123343628,1.20508044469959,svm_42_cv
2389,2389,SVM,0,0,-1.73407762580789,1.20508044469959,svm_42_cv
2394,2394,SVM,0,0,-3.19470789507161,1.20508044469959,svm_42_cv
2400,2400,SVM,0,0,-3.26470247414021,1.20508044469959,svm_42_cv
2401,2401,SVM,0,0,-1.31870400043327,1.20508044469959,svm_42_cv
2405,2405,SVM,0,0,-1.99246502904742,1.20508044469959,svm_42_cv
2406,2406,SVM,0,0,-3.31050093025809,1.20508044469959,svm_42_cv
2410,2410,SVM,0,0,-2.31026248667481,1.20508044469959,svm_42_cv
2411,2411,SVM,0,0,-1.37730355220421,1.20508044469959,svm_42_cv
2414,2414,SVM,0,0,-2.84037870003846,1.20508044469959,svm_42_cv
2418,2418,SVM,0,0,-3.7917379369245,1.20508044469959,svm_42_cv
2425,2425,SVM,0,0,-1.63312795317753,1.20508044469959,svm_42_cv
2426,2426,SVM,0,0,-2.02534756374239,1.20508044469959,svm_42_cv
2428,2428,SVM,0,0,-1.32699957552168,1.20508044469959,svm_42_cv
2431,2431,SVM,0,0,-1.48150405926317,1.20508044469959,svm_42_cv
2432,2432,SVM,0,0,-1.36958671625322,1.20508044469959,svm_42_cv
2435,2435,SVM,0,0,-2.53879542580318,1.20508044469959,svm_42_cv
2436,2436,SVM,0,0,-1.04507899356255,1.20508044469959,svm_42_cv
2438,2438,SVM,0,0,-1.44066494663886,1.20508044469959,svm_42_cv
2443,2443,SVM,0,0,-1.67683087913634,1.20508044469959,svm_42_cv
2446,2446,SVM,0,0,-0.893366202738382,1.20508044469959,svm_42_cv
2454,2454,SVM,0,0,-1.44062178691781,1.20508044469959,svm_42_cv
2460,2460,SVM,0,0,-1.69481825662145,1.20508044469959,svm_42_cv
2466,2466,SVM,0,0,-4.11611623075325,1.20508044469959,svm_42_cv
2475,2475,SVM,0,0,-1.55438245581085,1.20508044469959,svm_42_cv
2483,2278,SVM,0,0,0.418006123251184,1.20508044469959,svm_42_cv
2485,2278,SVM,0,0,0.418006123251184,1.20508044469959,svm_42_cv
2486,2279,SVM,0,0,-2.04041947655164,1.20508044469959,svm_42_cv
2490,2293,SVM,0,0,-0.939129413992053,1.20508044469959,svm_42_cv
2493,2065,SVM,0,0,-0.773732947912226,1.20508044469959,svm_42_cv
2503,2503,SVM,0,0,-4.42317895038905,1.20508044469959,svm_42_cv
2505,2505,SVM,0,0,-1.1377391367057,1.20508044469959,svm_42_cv
2506,2506,SVM,0,0,-1.73619461089727,1.20508044469959,svm_42_cv
2507,2507,SVM,0,0,-2.12083399605378,1.20508044469959,svm_42_cv
2508,2508,SVM,0,0,-1.20941532049392,1.20508044469959,svm_42_cv
2526,2526,SVM,0,0,-0.91341187160203,1.20508044469959,svm_42_cv
2536,2536,SVM,0,1,2.39496031001655,1.20508044469959,svm_42_cv
2537,2537,SVM,0,0,-1.07373784315329,1.20508044469959,svm_42_cv
2539,2539,SVM,0,0,0.267184453582078,1.20508044469959,svm_42_cv
2540,2540,SVM,0,0,-0.283736013118604,1.20508044469959,svm_42_cv
2543,2543,SVM,0,0,-2.66053361565097,1.20508044469959,svm_42_cv
2545,2545,SVM,0,0,-0.396477314592684,1.20508044469959,svm_42_cv
2550,2550,SVM,0,0,-1.23473316178522,1.20508044469959,svm_42_cv
2552,2552,SVM,0,0,-2.38036484447671,1.20508044469959,svm_42_cv
2553,2553,SVM,0,0,-3.19171840897937,1.20508044469959,svm_42_cv
2554,2554,SVM,0,0,-0.808406694246851,1.20508044469959,svm_42_cv
2555,2555,SVM,0,0,-0.858110146594843,1.20508044469959,svm_42_cv
2559,2559,SVM,0,0,-2.07657210550922,1.20508044469959,svm_42_cv
2560,2560,SVM,0,0,-1.63000002865861,1.20508044469959,svm_42_cv
2577,2577,SVM,0,0,-0.997293795284814,1.20508044469959,svm_42_cv
2580,2278,SVM,0,0,0.418006123251184,1.20508044469959,svm_42_cv
2585,2585,SVM,0,0,-1.31474888663835,1.20508044469959,svm_42_cv
2588,2588,SVM,0,0,-4.21563175671067,1.20508044469959,svm_42_cv
2591,2591,SVM,0,0,-4.74955662737541,1.20508044469959,svm_42_cv
2593,2593,SVM,0,0,-1.86212427298632,1.20508044469959,svm_42_cv
2598,2598,SVM,0,0,-4.33279874734791,1.20508044469959,svm_42_cv
2609,2609,SVM,0,0,-1.85982138325716,1.20508044469959,svm_42_cv
2611,2611,SVM,0,0,-1.12225970979571,1.20508044469959,svm_42_cv
2613,2613,SVM,0,0,0.298393867190346,1.20508044469959,svm_42_cv
2618,2618,SVM,0,0,-3.19949402563107,1.20508044469959,svm_42_cv
2624,2624,SVM,0,0,-2.3004059155609,1.20508044469959,svm_42_cv
2627,2627,SVM,0,0,-1.54909659905903,1.20508044469959,svm_42_cv
2638,2638,SVM,0,0,-1.70313347904485,1.20508044469959,svm_42_cv
2640,2640,SVM,0,0,-0.795477080268153,1.20508044469959,svm_42_cv
2644,2644,SVM,0,0,-0.570271577140127,1.20508044469959,svm_42_cv
2646,2646,SVM,0,0,-2.018019574487,1.20508044469959,svm_42_cv
2649,2649,SVM,0,0,-4.82192505286191,1.20508044469959,svm_42_cv
2650,2650,SVM,0,0,-1.47328521484377,1.20508044469959,svm_42_cv
2658,2658,SVM,0,0,-3.67058749819491,1.20508044469959,svm_42_cv
2665,2665,SVM,0,0,-4.10115413261771,1.20508044469959,svm_42_cv
2670,2670,SVM,0,0,-3.52215756322395,1.20508044469959,svm_42_cv
2672,2672,SVM,0,0,-2.74254685440912,1.20508044469959,svm_42_cv
2679,2679,SVM,0,0,-1.6785952701733,1.20508044469959,svm_42_cv
2681,2681,SVM,0,0,-3.15508673506554,1.20508044469959,svm_42_cv
2690,2690,SVM,0,0,-3.43794259694057,1.20508044469959,svm_42_cv
2691,2691,SVM,0,0,-0.878034717979907,1.20508044469959,svm_42_cv
2693,2693,SVM,0,0,-0.876338567100181,1.20508044469959,svm_42_cv
2698,2698,SVM,0,0,-1.92431451973343,1.20508044469959,svm_42_cv
2701,2701,SVM,0,0,-1.94982746168419,1.20508044469959,svm_42_cv
2708,2708,SVM,0,0,0.691337359095122,1.20508044469959,svm_42_cv
2715,2715,SVM,0,0,-1.21856252605084,1.20508044469959,svm_42_cv
2727,2727,SVM,0,0,-2.08486752818886,1.20508044469959,svm_42_cv
2728,2727,SVM,0,0,-2.08486752818886,1.20508044469959,svm_42_cv
2729,2727,SVM,0,0,-2.08486752818886,1.20508044469959,svm_42_cv
2730,2727,SVM,0,0,-2.08486752818886,1.20508044469959,svm_42_cv
2731,2731,SVM,0,0,-1.76640279228972,1.20508044469959,svm_42_cv
2732,2732,SVM,0,0,-2.06289501730983,1.20508044469959,svm_42_cv
2733,2733,SVM,0,0,-2.9807808876675,1.20508044469959,svm_42_cv
2734,2734,SVM,0,0,-1.41191642925216,1.20508044469959,svm_42_cv
2736,2736,SVM,0,0,-1.93651181491308,1.20508044469959,svm_42_cv
2738,2738,SVM,0,0,-1.29446305276605,1.20508044469959,svm_42_cv
2750,2750,SVM,0,0,-1.98212879336604,1.20508044469959,svm_42_cv
2753,2508,SVM,0,0,-1.20941532049392,1.20508044469959,svm_42_cv
2760,2760,SVM,0,0,-3.51412301449298,1.20508044469959,svm_42_cv
2761,2761,SVM,0,0,-3.22540474724959,1.20508044469959,svm_42_cv
2764,2764,SVM,0,0,-1.15263158343061,1.20508044469959,svm_42_cv
2766,2003,SVM,0,0,-1.21435279078104,1.20508044469959,svm_42_cv
2779,2779,SVM,0,0,-0.95025144203793,1.20508044469959,svm_42_cv
2796,2796,SVM,0,0,-1.43335653098629,1.20508044469959,svm_42_cv
2798,2798,SVM,0,0,-1.00044799579394,1.20508044469959,svm_42_cv
2800,2800,SVM,0,0,-1.19215631120892,1.20508044469959,svm_42_cv
2802,2278,SVM,0,0,0.418006123251184,1.20508044469959,svm_42_cv
2805,2805,SVM,0,0,-0.46538358105587,1.20508044469959,svm_42_cv
2816,2816,SVM,0,0,-2.50099212702556,1.20508044469959,svm_42_cv
2820,2820,SVM,0,0,-2.38796131243547,1.20508044469959,svm_42_cv
2824,2824,SVM,0,0,-3.06158147075827,1.20508044469959,svm_42_cv
2829,2829,SVM,0,0,-0.217035580629792,1.20508044469959,svm_42_cv
2833,2833,SVM,0,0,-3.12158995674083,1.20508044469959,svm_42_cv
2837,2837,SVM,0,0,-1.4553618555394,1.20508044469959,svm_42_cv
2847,2847,SVM,0,0,-2.45011492528854,1.20508044469959,svm_42_cv
2850,2850,SVM,0,0,-2.09231565481587,1.20508044469959,svm_42_cv
2851,2851,SVM,0,0,-1.61812612755793,1.20508044469959,svm_42_cv
2856,2856,SVM,0,0,-0.670097438537917,1.20508044469959,svm_42_cv
2861,2861,SVM,0,0,-2.96164312668611,1.20508044469959,svm_42_cv
2873,2873,SVM,0,0,-2.45256600457056,1.20508044469959,svm_42_cv
2878,2878,SVM,0,0,-3.08356152237976,1.20508044469959,svm_42_cv
2883,2883,SVM,0,0,-1.02580678532178,1.20508044469959,svm_42_cv
2890,2890,SVM,0,0,-3.78689799877888,1.20508044469959,svm_42_cv
2891,2891,SVM,0,0,-2.245291147549,1.20508044469959,svm_42_cv
2892,2892,SVM,0,0,-2.51097484428995,1.20508044469959,svm_42_cv
2897,2897,SVM,0,0,-1.9314279684463,1.20508044469959,svm_42_cv
2905,2905,SVM,0,0,-0.493450134871716,1.20508044469959,svm_42_cv
2907,2907,SVM,0,0,-0.35383707533902,1.20508044469959,svm_42_cv
2912,2912,SVM,0,0,-2.20946793401175,1.20508044469959,svm_42_cv
2923,2923,SVM,0,0,-3.16066510285255,1.20508044469959,svm_42_cv
2927,2927,SVM,0,0,-1.40687776299014,1.20508044469959,svm_42_cv
2931,2931,SVM,0,0,-1.74877398668808,1.20508044469959,svm_42_cv
2936,2936,SVM,0,0,-2.29199885883193,1.20508044469959,svm_42_cv
2938,2938,SVM,0,0,-1.26325906949131,1.20508044469959,svm_42_cv
2949,2949,SVM,0,0,-3.59664358602807,1.20508044469959,svm_42_cv
2956,2956,SVM,0,0,-1.06158813739116,1.20508044469959,svm_42_cv
2960,2960,SVM,0,0,-1.42876343073048,1.20508044469959,svm_42_cv
2970,2970,SVM,0,0,-3.83789117724862,1.20508044469959,svm_42_cv
2987,2987,SVM,0,0,-3.34304657694613,1.20508044469959,svm_42_cv
2993,2993,SVM,0,0,-2.30124358990326,1.20508044469959,svm_42_cv
3002,3002,SVM,0,0,-1.49614150090304,1.20508044469959,svm_42_cv
3005,2278,SVM,0,0,0.418006123251184,1.20508044469959,svm_42_cv
3010,3010,SVM,0,0,-1.99876915966653,1.20508044469959,svm_42_cv
3011,3011,SVM,0,0,-1.44574074411318,1.20508044469959,svm_42_cv
3022,3022,SVM,0,0,-3.06655152566517,1.20508044469959,svm_42_cv
3025,3025,SVM,0,0,-1.78299440234363,1.20508044469959,svm_42_cv
3029,3029,SVM,0,0,-1.23291844262944,1.20508044469959,svm_42_cv
3031,3031,SVM,0,0,-2.7926836589489,1.20508044469959,svm_42_cv
3032,3032,SVM,0,0,-0.650562495852351,1.20508044469959,svm_42_cv
3034,2907,SVM,0,0,-0.35383707533902,1.20508044469959,svm_42_cv
3037,3037,SVM,0,0,0.071907835968226,1.20508044469959,svm_42_cv
3042,3042,SVM,0,0,-1.35623543220944,1.20508044469959,svm_42_cv
3061,3061,SVM,0,0,-0.791819604524739,1.20508044469959,svm_42_cv
3068,3068,SVM,0,0,-2.34764659637025,1.20508044469959,svm_42_cv
3069,3069,SVM,0,0,-1.62944948503139,1.20508044469959,svm_42_cv
3085,3085,SVM,0,0,-3.48050268696144,1.20508044469959,svm_42_cv
3097,3097,SVM,0,0,-2.71772454972997,1.20508044469959,svm_42_cv
3112,2165,SVM,0,0,-2.38437840104682,1.20508044469959,svm_42_cv
3115,3115,SVM,0,0,-4.76383377368654,1.20508044469959,svm_42_cv
3152,3152,SVM,0,0,-3.05531054050245,1.20508044469959,svm_42_cv
3164,3164,SVM,0,0,-0.920299018260087,1.20508044469959,svm_42_cv
3167,2031,SVM,0,0,-4.7491300395677,1.20508044469959,svm_42_cv
3170,3170,SVM,0,0,-0.705642731896417,1.20508044469959,svm_42_cv
3172,3172,SVM,0,0,-2.93077504592475,1.20508044469959,svm_42_cv
3174,3174,SVM,0,0,-2.92692087049543,1.20508044469959,svm_42_cv
3176,3176,SVM,0,0,-1.29920820461447,1.20508044469959,svm_42_cv
3183,3183,SVM,0,0,-0.656591239216579,1.20508044469959,svm_42_cv
3185,3185,SVM,0,0,-1.44504208982407,1.20508044469959,svm_42_cv
3192,3192,SVM,0,0,-2.03253362752587,1.20508044469959,svm_42_cv
3199,3029,SVM,0,0,-1.23291844262944,1.20508044469959,svm_42_cv
3202,3202,SVM,0,0,-2.57067813911956,1.20508044469959,svm_42_cv
3205,3205,SVM,0,0,-1.20130176360258,1.20508044469959,svm_42_cv
3215,3215,SVM,0,0,-1.64634514555414,1.20508044469959,svm_42_cv
3217,3217,SVM,0,0,-2.0295982519314,1.20508044469959,svm_42_cv
3225,2278,SVM,0,0,0.418006123251184,1.20508044469959,svm_42_cv
3236,3236,SVM,0,0,-1.00783176205465,1.20508044469959,svm_42_cv
3242,3242,SVM,0,0,-0.16215841256527,1.20508044469959,svm_42_cv
3249,3249,SVM,0,0,-0.635274307245095,1.20508044469959,svm_42_cv
3250,3250,SVM,0,0,-0.615883818535469,1.20508044469959,svm_42_cv
3252,3252,SVM,0,0,-1.02118495730737,1.20508044469959,svm_42_cv
3255,3255,SVM,0,0,-3.71142243594275,1.20508044469959,svm_42_cv
3260,3260,SVM,0,0,-0.885955674049287,1.20508044469959,svm_42_cv
3281,3281,SVM,0,0,-4.56170634100452,1.20508044469959,svm_42_cv
3282,3282,SVM,0,0,-1.96168205230139,1.20508044469959,svm_42_cv
3285,3285,SVM,0,0,-1.42030519835588,1.20508044469959,svm_42_cv
3291,3291,SVM,0,0,-1.37906545816047,1.20508044469959,svm_42_cv
3296,3296,SVM,0,0,-2.04045517684639,1.20508044469959,svm_42_cv
3299,3299,SVM,0,0,-0.0760673999977254,1.20508044469959,svm_42_cv
3302,3302,SVM,0,0,-1.67874850574241,1.20508044469959,svm_42_cv
3303,3303,SVM,0,0,-1.06215141098678,1.20508044469959,svm_42_cv
3305,3305,SVM,0,0,-2.36959751197407,1.20508044469959,svm_42_cv
3312,3312,SVM,0,0,-0.691324264522235,1.20508044469959,svm_42_cv
3313,3313,SVM,0,0,0.265477974724149,1.20508044469959,svm_42_cv
3315,3315,SVM,0,0,-1.76103433293658,1.20508044469959,svm_42_cv
3317,3317,SVM,0,0,-1.03367598739304,1.20508044469959,svm_42_cv
3318,3318,SVM,0,0,-3.87087737836397,1.20508044469959,svm_42_cv
3327,3327,SVM,0,0,-4.30160083885245,1.20508044469959,svm_42_cv
3329,3329,SVM,0,0,-1.25018476528766,1.20508044469959,svm_42_cv
3339,3339,SVM,0,0,-1.30795889262786,1.20508044469959,svm_42_cv
3345,3345,SVM,0,0,-2.25986243485308,1.20508044469959,svm_42_cv
3349,3349,SVM,0,0,-0.620222557967716,1.20508044469959,svm_42_cv
3350,3349,SVM,0,0,-0.620222557967716,1.20508044469959,svm_42_cv
3351,3351,SVM,0,0,-1.73286683871734,1.20508044469959,svm_42_cv
3356,3356,SVM,0,0,-2.099961527135,1.20508044469959,svm_42_cv
3362,3362,SVM,0,0,-1.16813179527194,1.20508044469959,svm_42_cv
3366,3366,SVM,0,0,-1.51402514970306,1.20508044469959,svm_42_cv
3380,3380,SVM,0,0,-1.48574935860905,1.20508044469959,svm_42_cv
3385,3385,SVM,0,0,-0.945683442660533,1.20508044469959,svm_42_cv
3393,3393,SVM,0,0,-1.35144663684691,1.20508044469959,svm_42_cv
3401,3401,SVM,0,0,-1.30430881918645,1.20508044469959,svm_42_cv
3402,3402,SVM,0,0,-1.07370356433571,1.20508044469959,svm_42_cv
3408,3408,SVM,0,0,-0.947671624070937,1.20508044469959,svm_42_cv
3413,3413,SVM,0,0,-1.65115912122414,1.20508044469959,svm_42_cv
3416,3416,SVM,0,0,-1.31541874623926,1.20508044469959,svm_42_cv
3423,3423,SVM,0,0,-1.35863449602683,1.20508044469959,svm_42_cv
3424,3424,SVM,0,0,-1.86245963757241,1.20508044469959,svm_42_cv
3430,3430,SVM,0,0,-1.08377336488547,1.20508044469959,svm_42_cv
3434,3434,SVM,0,0,-4.15486969098974,1.20508044469959,svm_42_cv
3437,2278,SVM,0,0,0.418006123251184,1.20508044469959,svm_42_cv
3450,3450,SVM,0,0,-1.00499319613618,1.20508044469959,svm_42_cv
3453,3453,SVM,0,0,-1.59732575381741,1.20508044469959,svm_42_cv
3455,3455,SVM,0,0,0.640566051624968,1.20508044469959,svm_42_cv
3457,3457,SVM,0,0,-0.23142117500701,1.20508044469959,svm_42_cv
3458,3458,SVM,0,0,-3.05626471892393,1.20508044469959,svm_42_cv
3463,3463,SVM,0,0,-2.68762265747643,1.20508044469959,svm_42_cv
3464,3464,SVM,0,0,-3.06114902772178,1.20508044469959,svm_42_cv
3474,3474,SVM,0,0,-0.66005091039773,1.20508044469959,svm_42_cv
3475,3475,SVM,0,0,-5.37989268360069,1.20508044469959,svm_42_cv
3477,3477,SVM,0,0,-3.4583860794563,1.20508044469959,svm_42_cv
3479,3479,SVM,0,0,-1.22788302121922,1.20508044469959,svm_42_cv
3480,3480,SVM,0,0,-1.55189708324296,1.20508044469959,svm_42_cv
3481,3481,SVM,0,0,-3.264578548635,1.20508044469959,svm_42_cv
3488,3488,SVM,0,0,-0.194532441255388,1.20508044469959,svm_42_cv
3491,3491,SVM,0,0,-5.09899277858278,1.20508044469959,svm_42_cv
3518,3518,SVM,0,0,-1.34514989974615,1.20508044469959,svm_42_cv
3521,3521,SVM,0,0,-2.71279296446263,1.20508044469959,svm_42_cv
3527,3527,SVM,0,0,-0.847455006305009,1.20508044469959,svm_42_cv
3535,3535,SVM,0,0,-1.05448513093481,1.20508044469959,svm_42_cv
3549,3549,SVM,0,0,-1.65710624560473,1.20508044469959,svm_42_cv
3551,3551,SVM,0,0,-0.48694261037499,1.20508044469959,svm_42_cv
3557,3557,SVM,0,0,-1.56872670674238,1.20508044469959,svm_42_cv
3559,3559,SVM,0,0,-1.47316291644819,1.20508044469959,svm_42_cv
3565,3565,SVM,0,0,-1.12715481570027,1.20508044469959,svm_42_cv
3567,2278,SVM,0,0,0.418006123251184,1.20508044469959,svm_42_cv
3568,3568,SVM,0,0,-2.74913903861176,1.20508044469959,svm_42_cv
3574,3574,SVM,0,0,-1.78488230923399,1.20508044469959,svm_42_cv
3575,3575,SVM,0,0,-2.41361487823837,1.20508044469959,svm_42_cv
3580,3580,SVM,0,0,-4.40331537709045,1.20508044469959,svm_42_cv
3637,2031,SVM,0,0,-4.7491300395677,1.20508044469959,svm_42_cv
3638,2591,SVM,0,0,-4.74955662737541,1.20508044469959,svm_42_cv
3667,2003,SVM,0,0,-1.21435279078104,1.20508044469959,svm_42_cv
3679,3679,SVM,0,0,-2.12246932734686,1.20508044469959,svm_42_cv
3690,3690,SVM,0,0,-1.24623502528572,1.20508044469959,svm_42_cv
3696,3696,SVM,0,0,-2.28073143234597,1.20508044469959,svm_42_cv
3699,3699,SVM,0,0,-1.22337185083931,1.20508044469959,svm_42_cv
3702,3702,SVM,0,0,-1.63296689070497,1.20508044469959,svm_42_cv
3703,3703,SVM,0,0,-1.74916191733864,1.20508044469959,svm_42_cv
3721,3721,SVM,0,0,-2.33161688669241,1.20508044469959,svm_42_cv
3730,3730,SVM,0,0,-2.40385246781413,1.20508044469959,svm_42_cv
3743,3743,SVM,0,0,-1.39541821795684,1.20508044469959,svm_42_cv
3744,3744,SVM,0,0,-1.61076552410224,1.20508044469959,svm_42_cv
3751,3751,SVM,0,0,-3.13972907864057,1.20508044469959,svm_42_cv
3757,3757,SVM,0,0,-0.879004124445126,1.20508044469959,svm_42_cv
3762,3762,SVM,0,0,-2.89368438076597,1.20508044469959,svm_42_cv
3765,2278,SVM,0,0,0.418006123251184,1.20508044469959,svm_42_cv
3770,3770,SVM,0,0,-2.10073810621227,1.20508044469959,svm_42_cv
3772,3772,SVM,0,0,-2.08890200361991,1.20508044469959,svm_42_cv
3775,3775,SVM,0,0,-1.46936343050451,1.20508044469959,svm_42_cv
3776,3776,SVM,0,0,-2.33941797880704,1.20508044469959,svm_42_cv
3777,3777,SVM,0,0,-0.579179075052233,1.20508044469959,svm_42_cv
3778,3778,SVM,0,0,-1.81422302352793,1.20508044469959,svm_42_cv
3779,3779,SVM,0,0,-1.86321932052943,1.20508044469959,svm_42_cv
3783,3783,SVM,0,0,-0.990123007459662,1.20508044469959,svm_42_cv
3785,3785,SVM,0,0,-2.93735023443601,1.20508044469959,svm_42_cv
3790,3790,SVM,0,0,-2.19727096481868,1.20508044469959,svm_42_cv
3792,3792,SVM,0,0,-2.45906554819543,1.20508044469959,svm_42_cv
3793,3793,SVM,0,0,-4.25284485720636,1.20508044469959,svm_42_cv
3807,3807,SVM,0,0,-2.53047410766206,1.20508044469959,svm_42_cv
3811,3811,SVM,0,0,1.03343881210007,1.20508044469959,svm_42_cv
3816,3816,SVM,0,0,-1.96146256753032,1.20508044469959,svm_42_cv
3818,3818,SVM,0,0,-1.32643625080225,1.20508044469959,svm_42_cv
3822,3822,SVM,0,0,-0.664068232794064,1.20508044469959,svm_42_cv
3825,3825,SVM,0,0,-5.93704853934105,1.20508044469959,svm_42_cv
3828,3828,SVM,0,0,-1.81451604613718,1.20508044469959,svm_42_cv
3832,3832,SVM,0,0,-1.06532757811959,1.20508044469959,svm_42_cv
3841,3841,SVM,0,0,-2.28579264182235,1.20508044469959,svm_42_cv
3847,3847,SVM,0,0,-1.00237014264535,1.20508044469959,svm_42_cv
3850,3850,SVM,0,0,-1.63850041489451,1.20508044469959,svm_42_cv
3851,3851,SVM,0,0,-1.25023616690512,1.20508044469959,svm_42_cv
3858,3858,SVM,0,0,-3.52767592675559,1.20508044469959,svm_42_cv
3874,3874,SVM,0,0,-3.48605136767908,1.20508044469959,svm_42_cv
3885,3885,SVM,0,0,-0.245689613958869,1.20508044469959,svm_42_cv
3888,3888,SVM,0,0,-1.08699448410398,1.20508044469959,svm_42_cv
3895,3895,SVM,0,0,-1.47606331530287,1.20508044469959,svm_42_cv
3900,3900,SVM,0,0,-1.15251197170238,1.20508044469959,svm_42_cv
3905,3905,SVM,0,0,-1.15485751699122,1.20508044469959,svm_42_cv
3906,2278,SVM,0,0,0.418006123251184,1.20508044469959,svm_42_cv
3907,3907,SVM,0,0,-2.96357578511649,1.20508044469959,svm_42_cv
3919,3919,SVM,0,0,-1.84085065381995,1.20508044469959,svm_42_cv
3924,3924,SVM,0,0,-1.26893829996559,1.20508044469959,svm_42_cv
3933,3933,SVM,0,0,-2.33731418248821,1.20508044469959,svm_42_cv
3941,3941,SVM,0,0,-3.06936033616259,1.20508044469959,svm_42_cv
3943,3943,SVM,0,0,0.709605658658031,1.20508044469959,svm_42_cv
3948,3948,SVM,0,0,-1.26511973604549,1.20508044469959,svm_42_cv
3955,3955,SVM,0,0,-1.11393205239288,1.20508044469959,svm_42_cv
3957,3957,SVM,0,0,-1.87922898393456,1.20508044469959,svm_42_cv
3960,3960,SVM,0,0,-2.05407901541591,1.20508044469959,svm_42_cv
3962,3962,SVM,0,0,-1.38957441044782,1.20508044469959,svm_42_cv
3968,3968,SVM,0,0,-1.56093328579457,1.20508044469959,svm_42_cv
3978,3978,SVM,0,0,-2.23512194524836,1.20508044469959,svm_42_cv
3979,3979,SVM,0,0,-0.106567389389236,1.20508044469959,svm_42_cv
3983,3983,SVM,0,0,-0.576429972611071,1.20508044469959,svm_42_cv
3990,3990,SVM,0,0,-4.14687592989974,1.20508044469959,svm_42_cv
3997,3997,SVM,0,0,-0.548568532036508,1.20508044469959,svm_42_cv
3999,3999,SVM,0,0,-2.25433177022723,1.20508044469959,svm_42_cv
4016,4016,SVM,0,0,-3.45537757561667,1.20508044469959,svm_42_cv
4022,4022,SVM,0,0,-4.09571627771142,1.20508044469959,svm_42_cv
4027,4027,SVM,0,0,-2.29718293658534,1.20508044469959,svm_42_cv
4039,4039,SVM,0,0,-1.02469200094392,1.20508044469959,svm_42_cv
4046,4046,SVM,0,0,-1.29767987313662,1.20508044469959,svm_42_cv
4047,4047,SVM,0,0,-1.89601190462077,1.20508044469959,svm_42_cv
4050,4050,SVM,0,0,-1.95284356231797,1.20508044469959,svm_42_cv
4051,4051,SVM,0,0,-2.16806328399633,1.20508044469959,svm_42_cv
4057,4057,SVM,0,0,-1.73572121472355,1.20508044469959,svm_42_cv
4059,4059,SVM,0,0,-1.26613940756184,1.20508044469959,svm_42_cv
4067,4067,SVM,0,0,-2.2821593633674,1.20508044469959,svm_42_cv
4068,4068,SVM,0,0,-3.07195458406663,1.20508044469959,svm_42_cv
4084,4084,SVM,0,0,-2.9260082604231,1.20508044469959,svm_42_cv
4086,4086,SVM,0,0,-3.30887780093053,1.20508044469959,svm_42_cv
4101,4101,SVM,0,0,-0.652838066741971,1.20508044469959,svm_42_cv
4103,4103,SVM,0,0,-1.99006598186054,1.20508044469959,svm_42_cv
4104,4104,SVM,0,0,-2.0725189488735,1.20508044469959,svm_42_cv
4119,4119,SVM,0,0,-4.02273108237578,1.20508044469959,svm_42_cv
4123,4123,SVM,0,0,-1.47120367454121,1.20508044469959,svm_42_cv
4125,4125,SVM,0,0,-3.77863630461519,1.20508044469959,svm_42_cv
4132,4132,SVM,0,0,-2.28860689584543,1.20508044469959,svm_42_cv
4136,4136,SVM,0,0,-2.79476395388517,1.20508044469959,svm_42_cv
4140,4140,SVM,0,0,-0.824546766525951,1.20508044469959,svm_42_cv
4142,4142,SVM,0,0,-1.20051286344474,1.20508044469959,svm_42_cv
4147,4147,SVM,0,0,-2.97693719500129,1.20508044469959,svm_42_cv
4150,4150,SVM,0,0,-1.5153156821959,1.20508044469959,svm_42_cv
4152,4152,SVM,0,0,-0.252659850602731,1.20508044469959,svm_42_cv
4158,4158,SVM,0,0,-0.652896347932328,1.20508044469959,svm_42_cv
4164,4164,SVM,0,0,-1.67442872348586,1.20508044469959,svm_42_cv
4166,4166,SVM,0,0,-1.3112553829409,1.20508044469959,svm_42_cv
4168,4168,SVM,0,0,-1.8712783673923,1.20508044469959,svm_42_cv
4169,4169,SVM,0,0,-0.737369970221923,1.20508044469959,svm_42_cv
4172,4172,SVM,0,0,-0.690877984136444,1.20508044469959,svm_42_cv
4177,4177,SVM,0,0,-1.54148721422978,1.20508044469959,svm_42_cv
4192,4192,SVM,0,0,-1.36616074796645,1.20508044469959,svm_42_cv
4195,4195,SVM,0,0,-1.06415428705626,1.20508044469959,svm_42_cv
4197,4197,SVM,0,0,-2.08385662118682,1.20508044469959,svm_42_cv
4201,4201,SVM,0,0,-1.67953302241297,1.20508044469959,svm_42_cv
4207,4207,SVM,0,1,1.23021572374291,1.20508044469959,svm_42_cv
4212,4212,SVM,0,0,-1.39209831509799,1.20508044469959,svm_42_cv
4213,4213,SVM,0,0,-2.71163479476294,1.20508044469959,svm_42_cv
4219,4219,SVM,0,0,-0.789484420846522,1.20508044469959,svm_42_cv
4223,4223,SVM,0,0,-0.866974842391774,1.20508044469959,svm_42_cv
4227,4227,SVM,0,0,-0.333566591381168,1.20508044469959,svm_42_cv
4231,4231,SVM,0,0,-0.263593735407245,1.20508044469959,svm_42_cv
4232,4232,SVM,0,0,-0.517733090056521,1.20508044469959,svm_42_cv
4236,4236,SVM,0,0,-2.01284075093774,1.20508044469959,svm_42_cv
4246,4246,SVM,0,0,0.265428269436764,1.20508044469959,svm_42_cv
4249,4249,SVM,0,0,-1.05569963323363,1.20508044469959,svm_42_cv
4253,4253,SVM,0,0,-1.97337276750998,1.20508044469959,svm_42_cv
4256,4256,SVM,0,0,-1.22897336965364,1.20508044469959,svm_42_cv
4264,4264,SVM,0,0,-3.09503241453146,1.20508044469959,svm_42_cv
4265,4265,SVM,0,0,-1.0504742812609,1.20508044469959,svm_42_cv
4266,4266,SVM,0,0,-1.0512299138406,1.20508044469959,svm_42_cv
4269,4269,SVM,0,0,-1.04649003717777,1.20508044469959,svm_42_cv
4271,4271,SVM,0,0,-1.24380115579788,1.20508044469959,svm_42_cv
4273,4273,SVM,0,0,-0.961064217066344,1.20508044469959,svm_42_cv
4277,4277,SVM,0,0,-0.780910078036383,1.20508044469959,svm_42_cv
4282,4282,SVM,0,0,-2.41239230104078,1.20508044469959,svm_42_cv
4289,4289,SVM,0,0,0.937348800454302,1.20508044469959,svm_42_cv
4291,4291,SVM,0,0,-1.83626937211859,1.20508044469959,svm_42_cv
4292,4292,SVM,0,0,-0.88295016375185,1.20508044469959,svm_42_cv
4294,4294,SVM,0,0,-0.938372922641248,1.20508044469959,svm_42_cv
4297,4297,SVM,0,0,-2.68965816434864,1.20508044469959,svm_42_cv
4303,4303,SVM,0,0,-0.780743759146433,1.20508044469959,svm_42_cv
4311,4311,SVM,0,0,-0.987637166811204,1.20508044469959,svm_42_cv
4314,4314,SVM,0,0,-1.90346631139779,1.20508044469959,svm_42_cv
4315,4315,SVM,0,0,-1.07424738940152,1.20508044469959,svm_42_cv
4327,4327,SVM,0,0,-1.18068133985772,1.20508044469959,svm_42_cv
4333,4333,SVM,0,0,-3.10828050575423,1.20508044469959,svm_42_cv
4338,4338,SVM,0,0,-0.95840362441153,1.20508044469959,svm_42_cv
4348,4348,SVM,0,0,-0.707764617622515,1.20508044469959,svm_42_cv
4353,4353,SVM,0,0,0.735694705059895,1.20508044469959,svm_42_cv
4354,4354,SVM,0,0,-3.12496371205046,1.20508044469959,svm_42_cv
4368,4368,SVM,0,0,-0.582511326512624,1.20508044469959,svm_42_cv
4371,4371,SVM,0,0,-1.93477878003436,1.20508044469959,svm_42_cv
4372,4372,SVM,0,0,-0.323606899016392,1.20508044469959,svm_42_cv
4373,4373,SVM,0,0,-1.43074284677429,1.20508044469959,svm_42_cv
4377,4377,SVM,0,0,-2.08235816788526,1.20508044469959,svm_42_cv
4382,4382,SVM,0,0,-1.30953280492329,1.20508044469959,svm_42_cv
4392,4392,SVM,0,0,0.416463018262186,1.20508044469959,svm_42_cv
4393,4393,SVM,0,0,1.12938785229391,1.20508044469959,svm_42_cv
4400,4400,SVM,0,0,-1.04251975106695,1.20508044469959,svm_42_cv
4402,4402,SVM,0,0,-0.44103361482305,1.20508044469959,svm_42_cv
4412,4412,SVM,0,0,-1.41114025998778,1.20508044469959,svm_42_cv
4419,4419,SVM,0,0,-2.28591831320927,1.20508044469959,svm_42_cv
4424,4424,SVM,0,0,-0.716380068997994,1.20508044469959,svm_42_cv
4426,4426,SVM,0,0,-1.08356714150776,1.20508044469959,svm_42_cv
4430,4430,SVM,0,0,-0.346079360850078,1.20508044469959,svm_42_cv
4436,4436,SVM,0,0,-0.849454237431429,1.20508044469959,svm_42_cv
4451,4451,SVM,0,0,-2.03347575700438,1.20508044469959,svm_42_cv
4453,4453,SVM,0,0,-0.525144198076449,1.20508044469959,svm_42_cv
4460,4460,SVM,0,0,-0.764143666774708,1.20508044469959,svm_42_cv
4463,4463,SVM,0,0,-0.614903249584702,1.20508044469959,svm_42_cv
4476,4476,SVM,0,0,-2.06184712517327,1.20508044469959,svm_42_cv
4481,4481,SVM,0,0,-0.906798261818601,1.20508044469959,svm_42_cv
4497,4497,SVM,0,0,-4.67101493995957,1.20508044469959,svm_42_cv
4508,4508,SVM,0,0,-4.29472292540594,1.20508044469959,svm_42_cv
4520,4520,SVM,0,0,-2.39736082536822,1.20508044469959,svm_42_cv
4526,4526,SVM,0,0,-1.19745237147275,1.20508044469959,svm_42_cv
4535,4535,SVM,0,0,-2.33248316980142,1.20508044469959,svm_42_cv
4539,4539,SVM,0,0,-1.40328416095682,1.20508044469959,svm_42_cv
4545,4545,SVM,0,0,-3.43522747494835,1.20508044469959,svm_42_cv
4546,4546,SVM,0,0,-1.22528933286172,1.20508044469959,svm_42_cv
4555,4555,SVM,0,0,-0.784356077058543,1.20508044469959,svm_42_cv
4566,4566,SVM,0,0,-1.37901006900816,1.20508044469959,svm_42_cv
4567,4567,SVM,0,0,-1.77175589071691,1.20508044469959,svm_42_cv
4568,4568,SVM,0,0,-2.67296894604334,1.20508044469959,svm_42_cv
4569,4569,SVM,0,0,-1.20076667879939,1.20508044469959,svm_42_cv
4588,4588,SVM,0,0,-3.06150469111637,1.20508044469959,svm_42_cv
4589,4589,SVM,0,0,-2.28921906828879,1.20508044469959,svm_42_cv
4591,4591,SVM,0,0,-3.56911335626224,1.20508044469959,svm_42_cv
4600,4600,SVM,0,0,-2.31631253168311,1.20508044469959,svm_42_cv
2,2,Atsitiktinis miskas,1,1,0.984777777777778,0.793238299549427,rf_42_cv
4,4,Atsitiktinis miskas,1,1,0.926316354016354,0.793238299549427,rf_42_cv
10,10,Atsitiktinis miskas,1,0,0.667718569749655,0.793238299549427,rf_42_cv
12,12,Atsitiktinis miskas,1,1,0.994589769343336,0.793238299549427,rf_42_cv
13,13,Atsitiktinis miskas,1,0,0.678414284388632,0.793238299549427,rf_42_cv
17,17,Atsitiktinis miskas,1,1,0.942274399042692,0.793238299549427,rf_42_cv
22,22,Atsitiktinis miskas,1,1,0.908244750687757,0.793238299549427,rf_42_cv
24,24,Atsitiktinis miskas,1,1,0.937562944480359,0.793238299549427,rf_42_cv
25,25,Atsitiktinis miskas,1,1,0.938,0.793238299549427,rf_42_cv
26,24,Atsitiktinis miskas,1,1,0.937562944480359,0.793238299549427,rf_42_cv
32,32,Atsitiktinis miskas,1,0,0.768977318977319,0.793238299549427,rf_42_cv
33,33,Atsitiktinis miskas,1,0,0.174760091506396,0.793238299549427,rf_42_cv
48,48,Atsitiktinis miskas,1,1,1,0.793238299549427,rf_42_cv
51,51,Atsitiktinis miskas,1,1,0.981324561403509,0.793238299549427,rf_42_cv
54,54,Atsitiktinis miskas,1,1,0.977784878863826,0.793238299549427,rf_42_cv
67,67,Atsitiktinis miskas,1,0,0.545195429849354,0.793238299549427,rf_42_cv
68,68,Atsitiktinis miskas,1,1,0.976166666666667,0.793238299549427,rf_42_cv
70,70,Atsitiktinis miskas,1,1,0.965863636363636,0.793238299549427,rf_42_cv
72,72,Atsitiktinis miskas,1,1,0.975908027142286,0.793238299549427,rf_42_cv
73,73,Atsitiktinis miskas,1,1,0.968989621489621,0.793238299549427,rf_42_cv
76,76,Atsitiktinis miskas,1,0,0.70390364970348,0.793238299549427,rf_42_cv
79,79,Atsitiktinis miskas,1,0,0.178956794803099,0.793238299549427,rf_42_cv
89,89,Atsitiktinis miskas,1,0,0.384494470454251,0.793238299549427,rf_42_cv
92,92,Atsitiktinis miskas,1,1,0.999166666666667,0.793238299549427,rf_42_cv
93,93,Atsitiktinis miskas,1,1,0.999166666666667,0.793238299549427,rf_42_cv
97,97,Atsitiktinis miskas,1,1,0.925279623477298,0.793238299549427,rf_42_cv
101,101,Atsitiktinis miskas,1,0,0.731412661412661,0.793238299549427,rf_42_cv
103,101,Atsitiktinis miskas,1,0,0.731412661412661,0.793238299549427,rf_42_cv
105,101,Atsitiktinis miskas,1,0,0.731412661412661,0.793238299549427,rf_42_cv
107,107,Atsitiktinis miskas,1,0,0.756021367521367,0.793238299549427,rf_42_cv
109,109,Atsitiktinis miskas,1,0,0.663332023230273,0.793238299549427,rf_42_cv
125,125,Atsitiktinis miskas,1,1,0.862705513784461,0.793238299549427,rf_42_cv
133,133,Atsitiktinis miskas,1,1,0.929550505050505,0.793238299549427,rf_42_cv
148,148,Atsitiktinis miskas,1,0,0.769012291539253,0.793238299549427,rf_42_cv
159,159,Atsitiktinis miskas,1,0,0.695583129868927,0.793238299549427,rf_42_cv
163,163,Atsitiktinis miskas,1,0,0.720965722240722,0.793238299549427,rf_42_cv
167,167,Atsitiktinis miskas,1,1,0.990430598267498,0.793238299549427,rf_42_cv
170,170,Atsitiktinis miskas,1,1,0.85940059127864,0.793238299549427,rf_42_cv
176,176,Atsitiktinis miskas,1,0,0.0881265141425012,0.793238299549427,rf_42_cv
177,177,Atsitiktinis miskas,1,1,0.990634920634921,0.793238299549427,rf_42_cv
180,180,Atsitiktinis miskas,1,1,1,0.793238299549427,rf_42_cv
184,184,Atsitiktinis miskas,1,0,0.0752966862846403,0.793238299549427,rf_42_cv
187,187,Atsitiktinis miskas,1,1,0.834883723045011,0.793238299549427,rf_42_cv
192,192,Atsitiktinis miskas,1,1,0.797174728992176,0.793238299549427,rf_42_cv
193,193,Atsitiktinis miskas,1,1,0.969722222222223,0.793238299549427,rf_42_cv
199,199,Atsitiktinis miskas,1,0,0.773824797550028,0.793238299549427,rf_42_cv
207,207,Atsitiktinis miskas,1,1,0.959103350697004,0.793238299549427,rf_42_cv
208,208,Atsitiktinis miskas,1,1,0.877987644441777,0.793238299549427,rf_42_cv
209,209,Atsitiktinis miskas,1,1,0.961944444444445,0.793238299549427,rf_42_cv
211,211,Atsitiktinis miskas,1,0,0.753275353733945,0.793238299549427,rf_42_cv
214,214,Atsitiktinis miskas,1,0,0.625389863194514,0.793238299549427,rf_42_cv
222,222,Atsitiktinis miskas,1,1,0.977649572649573,0.793238299549427,rf_42_cv
229,229,Atsitiktinis miskas,1,1,0.843113525331775,0.793238299549427,rf_42_cv
234,234,Atsitiktinis miskas,1,1,0.966253527336861,0.793238299549427,rf_42_cv
238,238,Atsitiktinis miskas,1,1,0.972804843304843,0.793238299549427,rf_42_cv
245,245,Atsitiktinis miskas,1,1,0.915400698132386,0.793238299549427,rf_42_cv
250,250,Atsitiktinis miskas,1,0,0.00851587301587301,0.793238299549427,rf_42_cv
252,252,Atsitiktinis miskas,1,1,0.990444444444445,0.793238299549427,rf_42_cv
258,258,Atsitiktinis miskas,1,1,0.986877525252525,0.793238299549427,rf_42_cv
260,260,Atsitiktinis miskas,1,1,0.988210858585858,0.793238299549427,rf_42_cv
262,262,Atsitiktinis miskas,1,0,0.642621693121693,0.793238299549427,rf_42_cv
271,271,Atsitiktinis miskas,1,1,0.850057040973143,0.793238299549427,rf_42_cv
290,290,Atsitiktinis miskas,1,1,0.885944324194324,0.793238299549427,rf_42_cv
294,294,Atsitiktinis miskas,1,0,0.308410903652465,0.793238299549427,rf_42_cv
302,302,Atsitiktinis miskas,1,1,0.96972619047619,0.793238299549427,rf_42_cv
303,303,Atsitiktinis miskas,1,1,0.999249762583096,0.793238299549427,rf_42_cv
317,317,Atsitiktinis miskas,1,1,0.992554155147244,0.793238299549427,rf_42_cv
321,321,Atsitiktinis miskas,1,0,0.579504981105203,0.793238299549427,rf_42_cv
324,321,Atsitiktinis miskas,1,0,0.579504981105203,0.793238299549427,rf_42_cv
329,329,Atsitiktinis miskas,1,0,0.724946886446886,0.793238299549427,rf_42_cv
337,337,Atsitiktinis miskas,1,1,0.859498410099096,0.793238299549427,rf_42_cv
340,340,Atsitiktinis miskas,1,1,0.999791666666667,0.793238299549427,rf_42_cv
345,345,Atsitiktinis miskas,1,0,0.66275,0.793238299549427,rf_42_cv
346,337,Atsitiktinis miskas,1,1,0.859498410099096,0.793238299549427,rf_42_cv
349,337,Atsitiktinis miskas,1,1,0.859498410099096,0.793238299549427,rf_42_cv
351,351,Atsitiktinis miskas,1,0,0.0215279275218489,0.793238299549427,rf_42_cv
357,357,Atsitiktinis miskas,1,0,0.668358496565055,0.793238299549427,rf_42_cv
359,359,Atsitiktinis miskas,1,1,0.795567652792111,0.793238299549427,rf_42_cv
361,361,Atsitiktinis miskas,1,0,0.694986038946092,0.793238299549427,rf_42_cv
364,364,Atsitiktinis miskas,1,0,0.035697677015734,0.793238299549427,rf_42_cv
370,359,Atsitiktinis miskas,1,1,0.795567652792111,0.793238299549427,rf_42_cv
372,372,Atsitiktinis miskas,1,1,0.916787222037222,0.793238299549427,rf_42_cv
379,317,Atsitiktinis miskas,1,1,0.992554155147244,0.793238299549427,rf_42_cv
383,383,Atsitiktinis miskas,1,0,0.768634580352059,0.793238299549427,rf_42_cv
392,392,Atsitiktinis miskas,1,1,0.966201250675709,0.793238299549427,rf_42_cv
397,397,Atsitiktinis miskas,1,1,0.961989785068732,0.793238299549427,rf_42_cv
398,398,Atsitiktinis miskas,1,1,0.989722222222222,0.793238299549427,rf_42_cv
402,402,Atsitiktinis miskas,1,0,0.675708950166344,0.793238299549427,rf_42_cv
405,405,Atsitiktinis miskas,1,1,0.996,0.793238299549427,rf_42_cv
408,408,Atsitiktinis miskas,1,1,0.836077856736952,0.793238299549427,rf_42_cv
409,409,Atsitiktinis miskas,1,0,0.789937358547884,0.793238299549427,rf_42_cv
414,414,Atsitiktinis miskas,1,1,0.981577086656034,0.793238299549427,rf_42_cv
417,417,Atsitiktinis miskas,1,1,0.964410419989367,0.793238299549427,rf_42_cv
418,418,Atsitiktinis miskas,1,1,0.958160721908608,0.793238299549427,rf_42_cv
428,428,Atsitiktinis miskas,1,1,0.927081687959737,0.793238299549427,rf_42_cv
436,436,Atsitiktinis miskas,1,0,0.773044848592136,0.793238299549427,rf_42_cv
437,437,Atsitiktinis miskas,1,0,0.671502608502609,0.793238299549427,rf_42_cv
442,442,Atsitiktinis miskas,1,1,0.978888888888889,0.793238299549427,rf_42_cv
450,450,Atsitiktinis miskas,1,1,0.873591455490579,0.793238299549427,rf_42_cv
453,453,Atsitiktinis miskas,1,0,0.427541278800415,0.793238299549427,rf_42_cv
465,465,Atsitiktinis miskas,1,1,0.978769841269841,0.793238299549427,rf_42_cv
482,482,Atsitiktinis miskas,1,1,0.901604909710173,0.793238299549427,rf_42_cv
484,484,Atsitiktinis miskas,1,1,0.99693567251462,0.793238299549427,rf_42_cv
486,486,Atsitiktinis miskas,1,1,0.99693567251462,0.793238299549427,rf_42_cv
487,487,Atsitiktinis miskas,1,1,0.929549289891396,0.793238299549427,rf_42_cv
490,490,Atsitiktinis miskas,1,1,0.88234999297851,0.793238299549427,rf_42_cv
491,491,Atsitiktinis miskas,1,1,0.985555555555556,0.793238299549427,rf_42_cv
492,486,Atsitiktinis miskas,1,1,0.99693567251462,0.793238299549427,rf_42_cv
496,496,Atsitiktinis miskas,1,0,0.134860547467454,0.793238299549427,rf_42_cv
498,498,Atsitiktinis miskas,1,1,0.998888888888889,0.793238299549427,rf_42_cv
512,512,Atsitiktinis miskas,1,1,0.984539682539682,0.793238299549427,rf_42_cv
516,516,Atsitiktinis miskas,1,1,0.96625,0.793238299549427,rf_42_cv
531,531,Atsitiktinis miskas,1,1,0.954767188751168,0.793238299549427,rf_42_cv
544,544,Atsitiktinis miskas,1,0,0.775629509379509,0.793238299549427,rf_42_cv
550,550,Atsitiktinis miskas,1,0,0.603188038867451,0.793238299549427,rf_42_cv
553,553,Atsitiktinis miskas,1,0,0.551816300395784,0.793238299549427,rf_42_cv
556,556,Atsitiktinis miskas,1,1,0.931221001221001,0.793238299549427,rf_42_cv
565,565,Atsitiktinis miskas,1,1,0.923711611456176,0.793238299549427,rf_42_cv
567,567,Atsitiktinis miskas,1,0,0.650839786458972,0.793238299549427,rf_42_cv
578,567,Atsitiktinis miskas,1,0,0.650839786458972,0.793238299549427,rf_42_cv
593,593,Atsitiktinis miskas,1,1,0.83903231028231,0.793238299549427,rf_42_cv
596,596,Atsitiktinis miskas,1,0,0.304775421596956,0.793238299549427,rf_42_cv
602,602,Atsitiktinis miskas,1,0,0.484828435549184,0.793238299549427,rf_42_cv
607,607,Atsitiktinis miskas,1,1,0.92926278659612,0.793238299549427,rf_42_cv
610,610,Atsitiktinis miskas,1,1,0.969388888888889,0.793238299549427,rf_42_cv
613,610,Atsitiktinis miskas,1,1,0.969388888888889,0.793238299549427,rf_42_cv
615,615,Atsitiktinis miskas,1,1,0.906238630387814,0.793238299549427,rf_42_cv
617,596,Atsitiktinis miskas,1,0,0.304775421596956,0.793238299549427,rf_42_cv
634,634,Atsitiktinis miskas,1,1,0.968305555555556,0.793238299549427,rf_42_cv
635,635,Atsitiktinis miskas,1,1,0.987618869872437,0.793238299549427,rf_42_cv
644,644,Atsitiktinis miskas,1,0,0.761526081311264,0.793238299549427,rf_42_cv
647,647,Atsitiktinis miskas,1,1,0.948001408859059,0.793238299549427,rf_42_cv
652,652,Atsitiktinis miskas,1,1,0.972928041648837,0.793238299549427,rf_42_cv
656,656,Atsitiktinis miskas,1,1,0.975611111111111,0.793238299549427,rf_42_cv
659,659,Atsitiktinis miskas,1,0,0.695989199509718,0.793238299549427,rf_42_cv
661,661,Atsitiktinis miskas,1,0,0.108614899562425,0.793238299549427,rf_42_cv
670,670,Atsitiktinis miskas,1,1,0.869970058671974,0.793238299549427,rf_42_cv
675,675,Atsitiktinis miskas,1,0,0.509701818042191,0.793238299549427,rf_42_cv
683,683,Atsitiktinis miskas,1,1,0.910098765432099,0.793238299549427,rf_42_cv
686,686,Atsitiktinis miskas,1,1,0.999166666666667,0.793238299549427,rf_42_cv
687,687,Atsitiktinis miskas,1,1,0.997777777777778,0.793238299549427,rf_42_cv
692,670,Atsitiktinis miskas,1,1,0.869970058671974,0.793238299549427,rf_42_cv
693,693,Atsitiktinis miskas,1,1,0.910686293686893,0.793238299549427,rf_42_cv
695,695,Atsitiktinis miskas,1,1,0.992801587301587,0.793238299549427,rf_42_cv
698,695,Atsitiktinis miskas,1,1,0.992801587301587,0.793238299549427,rf_42_cv
701,701,Atsitiktinis miskas,1,0,0.42967810000406,0.793238299549427,rf_42_cv
717,717,Atsitiktinis miskas,1,1,0.991111111111111,0.793238299549427,rf_42_cv
718,718,Atsitiktinis miskas,1,1,0.986293814997263,0.793238299549427,rf_42_cv
720,720,Atsitiktinis miskas,1,1,0.961365689865689,0.793238299549427,rf_42_cv
722,695,Atsitiktinis miskas,1,1,0.992801587301587,0.793238299549427,rf_42_cv
723,723,Atsitiktinis miskas,1,1,0.997777777777778,0.793238299549427,rf_42_cv
726,726,Atsitiktinis miskas,1,1,0.972404090091321,0.793238299549427,rf_42_cv
729,729,Atsitiktinis miskas,1,1,0.955203703703704,0.793238299549427,rf_42_cv
732,732,Atsitiktinis miskas,1,1,0.97295217005217,0.793238299549427,rf_42_cv
735,735,Atsitiktinis miskas,1,1,0.933207725023514,0.793238299549427,rf_42_cv
736,736,Atsitiktinis miskas,1,1,0.793327137287664,0.793238299549427,rf_42_cv
737,737,Atsitiktinis miskas,1,0,0.719578968302652,0.793238299549427,rf_42_cv
748,748,Atsitiktinis miskas,1,1,0.828336466863926,0.793238299549427,rf_42_cv
749,749,Atsitiktinis miskas,1,1,0.880295321637427,0.793238299549427,rf_42_cv
751,751,Atsitiktinis miskas,1,0,0.680038950350945,0.793238299549427,rf_42_cv
752,752,Atsitiktinis miskas,1,1,0.994911255411256,0.793238299549427,rf_42_cv
754,754,Atsitiktinis miskas,1,1,0.954777777777778,0.793238299549427,rf_42_cv
755,755,Atsitiktinis miskas,1,1,0.915527777777778,0.793238299549427,rf_42_cv
764,764,Atsitiktinis miskas,1,0,0.776375121216556,0.793238299549427,rf_42_cv
769,769,Atsitiktinis miskas,1,1,0.995722222222223,0.793238299549427,rf_42_cv
782,782,Atsitiktinis miskas,1,1,0.988944444444445,0.793238299549427,rf_42_cv
783,783,Atsitiktinis miskas,1,1,0.83903231028231,0.793238299549427,rf_42_cv
787,787,Atsitiktinis miskas,1,1,0.987833333333333,0.793238299549427,rf_42_cv
788,787,Atsitiktinis miskas,1,1,0.987833333333333,0.793238299549427,rf_42_cv
797,797,Atsitiktinis miskas,1,1,0.989722222222222,0.793238299549427,rf_42_cv
799,799,Atsitiktinis miskas,1,1,0.927668209876544,0.793238299549427,rf_42_cv
800,800,Atsitiktinis miskas,1,1,0.985333333333334,0.793238299549427,rf_42_cv
803,803,Atsitiktinis miskas,1,0,0.661644096312216,0.793238299549427,rf_42_cv
813,813,Atsitiktinis miskas,1,0,0.651879922355305,0.793238299549427,rf_42_cv
815,815,Atsitiktinis miskas,1,1,0.816258713974504,0.793238299549427,rf_42_cv
824,824,Atsitiktinis miskas,1,1,0.879508486679174,0.793238299549427,rf_42_cv
827,827,Atsitiktinis miskas,1,1,0.878084109976453,0.793238299549427,rf_42_cv
834,834,Atsitiktinis miskas,1,1,0.943271105190043,0.793238299549427,rf_42_cv
838,838,Atsitiktinis miskas,1,1,0.927052717196256,0.793238299549427,rf_42_cv
842,842,Atsitiktinis miskas,1,1,0.99693567251462,0.793238299549427,rf_42_cv
846,846,Atsitiktinis miskas,1,0,0.561145378200808,0.793238299549427,rf_42_cv
847,847,Atsitiktinis miskas,1,1,0.996388888888889,0.793238299549427,rf_42_cv
853,853,Atsitiktinis miskas,1,1,0.92166928780647,0.793238299549427,rf_42_cv
859,859,Atsitiktinis miskas,1,1,0.99693567251462,0.793238299549427,rf_42_cv
862,862,Atsitiktinis miskas,1,1,0.977320987654321,0.793238299549427,rf_42_cv
870,870,Atsitiktinis miskas,1,0,0.480688842203548,0.793238299549427,rf_42_cv
872,872,Atsitiktinis miskas,1,1,0.998888888888889,0.793238299549427,rf_42_cv
879,879,Atsitiktinis miskas,1,1,0.998055555555556,0.793238299549427,rf_42_cv
881,881,Atsitiktinis miskas,1,1,0.993222222222223,0.793238299549427,rf_42_cv
891,891,Atsitiktinis miskas,1,1,0.803942615196174,0.793238299549427,rf_42_cv
903,903,Atsitiktinis miskas,1,0,0.691841818836022,0.793238299549427,rf_42_cv
909,909,Atsitiktinis miskas,1,1,0.820493085523046,0.793238299549427,rf_42_cv
911,911,Atsitiktinis miskas,1,1,0.933272175536881,0.793238299549427,rf_42_cv
923,923,Atsitiktinis miskas,1,1,0.955954599537471,0.793238299549427,rf_42_cv
927,927,Atsitiktinis miskas,1,1,0.922673219373219,0.793238299549427,rf_42_cv
934,934,Atsitiktinis miskas,1,1,0.940846044169552,0.793238299549427,rf_42_cv
935,935,Atsitiktinis miskas,1,1,0.814933208271315,0.793238299549427,rf_42_cv
937,937,Atsitiktinis miskas,1,1,0.950232287555794,0.793238299549427,rf_42_cv
965,965,Atsitiktinis miskas,1,1,0.886482828746761,0.793238299549427,rf_42_cv
966,966,Atsitiktinis miskas,1,0,0.698006141917365,0.793238299549427,rf_42_cv
975,975,Atsitiktinis miskas,1,1,0.957915749827514,0.793238299549427,rf_42_cv
982,982,Atsitiktinis miskas,1,1,0.966837301587302,0.793238299549427,rf_42_cv
989,989,Atsitiktinis miskas,1,1,0.985277777777778,0.793238299549427,rf_42_cv
993,993,Atsitiktinis miskas,1,1,0.904154352422645,0.793238299549427,rf_42_cv
1010,1010,Atsitiktinis miskas,1,1,0.938203388186748,0.793238299549427,rf_42_cv
1025,695,Atsitiktinis miskas,1,1,0.992801587301587,0.793238299549427,rf_42_cv
1033,1033,Atsitiktinis miskas,1,1,0.993944444444445,0.793238299549427,rf_42_cv
1037,1037,Atsitiktinis miskas,1,1,0.805855533964282,0.793238299549427,rf_42_cv
1054,1054,Atsitiktinis miskas,1,1,0.996111111111111,0.793238299549427,rf_42_cv
1066,1066,Atsitiktinis miskas,1,1,0.894376611263533,0.793238299549427,rf_42_cv
1073,1073,Atsitiktinis miskas,1,1,0.799417688375861,0.793238299549427,rf_42_cv
1074,1074,Atsitiktinis miskas,1,1,0.978027065527066,0.793238299549427,rf_42_cv
1079,1079,Atsitiktinis miskas,1,1,0.97247150997151,0.793238299549427,rf_42_cv
1095,1095,Atsitiktinis miskas,1,1,0.992546783625731,0.793238299549427,rf_42_cv
1098,1098,Atsitiktinis miskas,1,1,0.941831545266328,0.793238299549427,rf_42_cv
1100,1100,Atsitiktinis miskas,1,0,0.613036099769585,0.793238299549427,rf_42_cv
1105,1105,Atsitiktinis miskas,1,0,0.704187945709685,0.793238299549427,rf_42_cv
1107,1107,Atsitiktinis miskas,1,0,0.780694384150946,0.793238299549427,rf_42_cv
1108,1108,Atsitiktinis miskas,1,1,0.937095238095238,0.793238299549427,rf_42_cv
1113,891,Atsitiktinis miskas,1,1,0.803942615196174,0.793238299549427,rf_42_cv
1119,1119,Atsitiktinis miskas,1,1,0.927296296296297,0.793238299549427,rf_42_cv
1120,1120,Atsitiktinis miskas,1,0,0.770657019995255,0.793238299549427,rf_42_cv
1131,1131,Atsitiktinis miskas,1,1,0.92450690982193,0.793238299549427,rf_42_cv
1132,1132,Atsitiktinis miskas,1,1,0.927840243155263,0.793238299549427,rf_42_cv
1133,1095,Atsitiktinis miskas,1,1,0.992546783625731,0.793238299549427,rf_42_cv
1135,1135,Atsitiktinis miskas,1,1,0.87377602952603,0.793238299549427,rf_42_cv
1142,1142,Atsitiktinis miskas,1,1,0.888062957552478,0.793238299549427,rf_42_cv
1143,1143,Atsitiktinis miskas,1,0,0.683292143939461,0.793238299549427,rf_42_cv
1144,1144,Atsitiktinis miskas,1,1,0.996,0.793238299549427,rf_42_cv
1146,1146,Atsitiktinis miskas,1,0,0.70469565598736,0.793238299549427,rf_42_cv
1178,1178,Atsitiktinis miskas,1,0,0.602468289192748,0.793238299549427,rf_42_cv
1181,1181,Atsitiktinis miskas,1,1,0.972,0.793238299549427,rf_42_cv
1184,1184,Atsitiktinis miskas,1,1,0.914111111111111,0.793238299549427,rf_42_cv
1189,1189,Atsitiktinis miskas,1,1,0.918466162160535,0.793238299549427,rf_42_cv
1193,1193,Atsitiktinis miskas,1,1,0.996722222222222,0.793238299549427,rf_42_cv
1202,695,Atsitiktinis miskas,1,1,0.992801587301587,0.793238299549427,rf_42_cv
1206,1206,Atsitiktinis miskas,1,1,0.8956348003848,0.793238299549427,rf_42_cv
1210,1210,Atsitiktinis miskas,1,1,0.798491064491064,0.793238299549427,rf_42_cv
1213,1213,Atsitiktinis miskas,1,1,0.894734182827836,0.793238299549427,rf_42_cv
1217,1217,Atsitiktinis miskas,1,1,0.869259315757803,0.793238299549427,rf_42_cv
1218,1218,Atsitiktinis miskas,1,1,0.998055555555556,0.793238299549427,rf_42_cv
1227,1227,Atsitiktinis miskas,1,1,0.888958329796565,0.793238299549427,rf_42_cv
1229,1229,Atsitiktinis miskas,1,1,0.998055555555556,0.793238299549427,rf_42_cv
1230,1227,Atsitiktinis miskas,1,1,0.888958329796565,0.793238299549427,rf_42_cv
1231,1231,Atsitiktinis miskas,1,1,0.95712391922024,0.793238299549427,rf_42_cv
1239,1239,Atsitiktinis miskas,1,0,0.355957473644729,0.793238299549427,rf_42_cv
1241,1241,Atsitiktinis miskas,1,1,0.982858093126386,0.793238299549427,rf_42_cv
1242,1241,Atsitiktinis miskas,1,1,0.982858093126386,0.793238299549427,rf_42_cv
1246,1246,Atsitiktinis miskas,1,0,0.591682983682984,0.793238299549427,rf_42_cv
1249,1249,Atsitiktinis miskas,1,1,0.964984892787524,0.793238299549427,rf_42_cv
1250,1250,Atsitiktinis miskas,1,1,0.958799707602339,0.793238299549427,rf_42_cv
1251,1249,Atsitiktinis miskas,1,1,0.964984892787524,0.793238299549427,rf_42_cv
1254,1254,Atsitiktinis miskas,1,1,0.886275288932293,0.793238299549427,rf_42_cv
1266,695,Atsitiktinis miskas,1,1,0.992801587301587,0.793238299549427,rf_42_cv
1268,695,Atsitiktinis miskas,1,1,0.992801587301587,0.793238299549427,rf_42_cv
1269,1269,Atsitiktinis miskas,1,1,0.933160818713451,0.793238299549427,rf_42_cv
1272,1272,Atsitiktinis miskas,1,1,0.995722222222223,0.793238299549427,rf_42_cv
1281,1281,Atsitiktinis miskas,1,0,0.47366745981439,0.793238299549427,rf_42_cv
1283,1272,Atsitiktinis miskas,1,1,0.995722222222223,0.793238299549427,rf_42_cv
1286,1286,Atsitiktinis miskas,1,1,0.899923114924663,0.793238299549427,rf_42_cv
1288,1288,Atsitiktinis miskas,1,1,0.989734487734488,0.793238299549427,rf_42_cv
1291,1291,Atsitiktinis miskas,1,1,0.89807179058758,0.793238299549427,rf_42_cv
1294,1294,Atsitiktinis miskas,1,0,0.702460351787841,0.793238299549427,rf_42_cv
1295,1295,Atsitiktinis miskas,1,1,0.944431415468001,0.793238299549427,rf_42_cv
1301,1301,Atsitiktinis miskas,1,1,0.980057923876889,0.793238299549427,rf_42_cv
1306,1306,Atsitiktinis miskas,1,1,0.985555555555556,0.793238299549427,rf_42_cv
1311,1311,Atsitiktinis miskas,1,0,0.791552998010799,0.793238299549427,rf_42_cv
1314,1314,Atsitiktinis miskas,1,1,0.998333333333333,0.793238299549427,rf_42_cv
1320,1320,Atsitiktinis miskas,1,1,0.9945,0.793238299549427,rf_42_cv
1337,1337,Atsitiktinis miskas,1,1,0.844874402286167,0.793238299549427,rf_42_cv
1338,1338,Atsitiktinis miskas,1,1,0.97013961038961,0.793238299549427,rf_42_cv
1342,1342,Atsitiktinis miskas,1,1,0.884246314660949,0.793238299549427,rf_42_cv
1343,1343,Atsitiktinis miskas,1,0,0.706080041285143,0.793238299549427,rf_42_cv
1356,842,Atsitiktinis miskas,1,1,0.99693567251462,0.793238299549427,rf_42_cv
1359,842,Atsitiktinis miskas,1,1,0.99693567251462,0.793238299549427,rf_42_cv
1361,1361,Atsitiktinis miskas,1,1,0.993547619047619,0.793238299549427,rf_42_cv
1369,1369,Atsitiktinis miskas,1,1,0.916251501246162,0.793238299549427,rf_42_cv
1371,1371,Atsitiktinis miskas,1,1,0.992487846205159,0.793238299549427,rf_42_cv
1375,1375,Atsitiktinis miskas,1,1,0.961010683760684,0.793238299549427,rf_42_cv
1377,1377,Atsitiktinis miskas,1,1,0.910541212054531,0.793238299549427,rf_42_cv
1382,1382,Atsitiktinis miskas,1,0,0.264841961917895,0.793238299549427,rf_42_cv
1389,1389,Atsitiktinis miskas,1,0,0.518485030666766,0.793238299549427,rf_42_cv
1397,1397,Atsitiktinis miskas,1,1,0.922738176414022,0.793238299549427,rf_42_cv
1399,1399,Atsitiktinis miskas,1,0,0.370724436648139,0.793238299549427,rf_42_cv
1409,1409,Atsitiktinis miskas,1,1,0.8289694613207,0.793238299549427,rf_42_cv
1419,1419,Atsitiktinis miskas,1,1,0.947479000763059,0.793238299549427,rf_42_cv
1422,1422,Atsitiktinis miskas,1,0,0.624117831648714,0.793238299549427,rf_42_cv
1427,1427,Atsitiktinis miskas,1,1,0.963639376218323,0.793238299549427,rf_42_cv
1428,1361,Atsitiktinis miskas,1,1,0.993547619047619,0.793238299549427,rf_42_cv
1436,1436,Atsitiktinis miskas,1,1,0.812406846421552,0.793238299549427,rf_42_cv
1440,1440,Atsitiktinis miskas,1,1,0.886525926462539,0.793238299549427,rf_42_cv
1441,1441,Atsitiktinis miskas,1,1,0.888756774090108,0.793238299549427,rf_42_cv
1444,1444,Atsitiktinis miskas,1,1,0.984833333333333,0.793238299549427,rf_42_cv
1446,1446,Atsitiktinis miskas,1,0,0.502455192675196,0.793238299549427,rf_42_cv
1453,1453,Atsitiktinis miskas,1,0,0.774832121971595,0.793238299549427,rf_42_cv
1456,1456,Atsitiktinis miskas,1,0,0.662050258221311,0.793238299549427,rf_42_cv
1459,1459,Atsitiktinis miskas,1,1,0.87762886528676,0.793238299549427,rf_42_cv
1463,1463,Atsitiktinis miskas,1,0,0.481909352012554,0.793238299549427,rf_42_cv
1467,1467,Atsitiktinis miskas,1,1,0.977063492063493,0.793238299549427,rf_42_cv
1469,1469,Atsitiktinis miskas,1,1,0.955484126984127,0.793238299549427,rf_42_cv
1477,1477,Atsitiktinis miskas,1,1,0.934509542899232,0.793238299549427,rf_42_cv
1495,1495,Atsitiktinis miskas,1,1,0.982777777777778,0.793238299549427,rf_42_cv
1497,1497,Atsitiktinis miskas,1,1,0.831269841269841,0.793238299549427,rf_42_cv
1499,1499,Atsitiktinis miskas,1,1,0.958547619047619,0.793238299549427,rf_42_cv
1500,1500,Atsitiktinis miskas,1,1,0.988677248677249,0.793238299549427,rf_42_cv
1501,1501,Atsitiktinis miskas,1,1,0.965086516945212,0.793238299549427,rf_42_cv
1509,1509,Atsitiktinis miskas,1,1,0.979649961149961,0.793238299549427,rf_42_cv
1511,1511,Atsitiktinis miskas,1,0,0.592226451193829,0.793238299549427,rf_42_cv
1512,1512,Atsitiktinis miskas,1,1,0.898237582226282,0.793238299549427,rf_42_cv
1513,1513,Atsitiktinis miskas,1,0,0.758508532355982,0.793238299549427,rf_42_cv
1514,1514,Atsitiktinis miskas,1,0,0.786767359890425,0.793238299549427,rf_42_cv
1517,1517,Atsitiktinis miskas,1,1,0.934281799699215,0.793238299549427,rf_42_cv
1520,1520,Atsitiktinis miskas,1,1,0.898070542454369,0.793238299549427,rf_42_cv
1524,1520,Atsitiktinis miskas,1,1,0.898070542454369,0.793238299549427,rf_42_cv
1528,1528,Atsitiktinis miskas,1,1,0.9885,0.793238299549427,rf_42_cv
1529,1529,Atsitiktinis miskas,1,1,0.974693732193732,0.793238299549427,rf_42_cv
1534,1534,Atsitiktinis miskas,1,1,0.994166666666667,0.793238299549427,rf_42_cv
1546,1546,Atsitiktinis miskas,1,1,0.947446608946608,0.793238299549427,rf_42_cv
1553,1553,Atsitiktinis miskas,1,1,0.927840243155263,0.793238299549427,rf_42_cv
1556,1556,Atsitiktinis miskas,1,0,0.76288098991938,0.793238299549427,rf_42_cv
1559,1559,Atsitiktinis miskas,1,0,0.759805916305916,0.793238299549427,rf_42_cv
1561,1561,Atsitiktinis miskas,1,1,0.90542724867725,0.793238299549427,rf_42_cv
1563,1563,Atsitiktinis miskas,1,0,0.587893624900327,0.793238299549427,rf_42_cv
1565,1565,Atsitiktinis miskas,1,1,0.908858177854923,0.793238299549427,rf_42_cv
1566,1566,Atsitiktinis miskas,1,0,0.320205962040581,0.793238299549427,rf_42_cv
1567,1567,Atsitiktinis miskas,1,1,0.808236915366609,0.793238299549427,rf_42_cv
1579,1579,Atsitiktinis miskas,1,0,0.714501526251526,0.793238299549427,rf_42_cv
1580,1580,Atsitiktinis miskas,1,1,0.820827637518426,0.793238299549427,rf_42_cv
1582,1582,Atsitiktinis miskas,1,1,0.958722961445201,0.793238299549427,rf_42_cv
1583,1561,Atsitiktinis miskas,1,1,0.90542724867725,0.793238299549427,rf_42_cv
1593,1593,Atsitiktinis miskas,1,1,0.910541212054531,0.793238299549427,rf_42_cv
1594,1594,Atsitiktinis miskas,1,1,0.823066949254449,0.793238299549427,rf_42_cv
1596,1596,Atsitiktinis miskas,1,1,0.930607843137255,0.793238299549427,rf_42_cv
1597,1597,Atsitiktinis miskas,1,1,0.840497440105283,0.793238299549427,rf_42_cv
1608,1608,Atsitiktinis miskas,1,1,0.862689882846033,0.793238299549427,rf_42_cv
1617,1617,Atsitiktinis miskas,1,0,0.535058987196411,0.793238299549427,rf_42_cv
1621,1621,Atsitiktinis miskas,1,0,0.242958366669145,0.793238299549427,rf_42_cv
1623,1623,Atsitiktinis miskas,1,0,0.185603053174538,0.793238299549427,rf_42_cv
1636,1636,Atsitiktinis miskas,1,0,0.678592250501733,0.793238299549427,rf_42_cv
1643,1643,Atsitiktinis miskas,1,1,0.975745709123758,0.793238299549427,rf_42_cv
1668,1668,Atsitiktinis miskas,1,0,0.391123459795979,0.793238299549427,rf_42_cv
1692,1692,Atsitiktinis miskas,1,1,0.979705128205128,0.793238299549427,rf_42_cv
1702,1702,Atsitiktinis miskas,1,1,0.993333333333333,0.793238299549427,rf_42_cv
1708,1708,Atsitiktinis miskas,1,1,0.993333333333333,0.793238299549427,rf_42_cv
1710,1710,Atsitiktinis miskas,1,0,0.311171109143785,0.793238299549427,rf_42_cv
1711,1711,Atsitiktinis miskas,1,0,0.297174183478105,0.793238299549427,rf_42_cv
1717,1717,Atsitiktinis miskas,1,0,0.353167967198808,0.793238299549427,rf_42_cv
1718,1718,Atsitiktinis miskas,1,1,0.989444444444445,0.793238299549427,rf_42_cv
1722,1722,Atsitiktinis miskas,1,0,0.552123136607177,0.793238299549427,rf_42_cv
1745,1745,Atsitiktinis miskas,1,0,0.576561771402424,0.793238299549427,rf_42_cv
1748,1748,Atsitiktinis miskas,1,0,0.750712467625853,0.793238299549427,rf_42_cv
1751,1751,Atsitiktinis miskas,1,0,0.0567135146375103,0.793238299549427,rf_42_cv
1752,1752,Atsitiktinis miskas,1,0,0.57314650352209,0.793238299549427,rf_42_cv
1753,1753,Atsitiktinis miskas,1,1,0.83823623796191,0.793238299549427,rf_42_cv
1754,1754,Atsitiktinis miskas,1,1,0.995,0.793238299549427,rf_42_cv
1756,1756,Atsitiktinis miskas,1,1,0.980833333333334,0.793238299549427,rf_42_cv
1757,1757,Atsitiktinis miskas,1,1,0.9057215007215,0.793238299549427,rf_42_cv
1758,1758,Atsitiktinis miskas,1,1,0.927507215007214,0.793238299549427,rf_42_cv
1759,1759,Atsitiktinis miskas,1,1,0.875906777508983,0.793238299549427,rf_42_cv
1765,1765,Atsitiktinis miskas,1,1,0.913978542510122,0.793238299549427,rf_42_cv
1768,1768,Atsitiktinis miskas,1,1,0.836586466863927,0.793238299549427,rf_42_cv
1770,1770,Atsitiktinis miskas,1,1,0.920047512649063,0.793238299549427,rf_42_cv
1772,1772,Atsitiktinis miskas,1,1,0.993555555555556,0.793238299549427,rf_42_cv
1792,1792,Atsitiktinis miskas,1,1,0.879789341377577,0.793238299549427,rf_42_cv
1803,1803,Atsitiktinis miskas,1,1,0.804921244072445,0.793238299549427,rf_42_cv
1805,799,Atsitiktinis miskas,1,1,0.927668209876544,0.793238299549427,rf_42_cv
1809,1809,Atsitiktinis miskas,1,1,0.974591641139887,0.793238299549427,rf_42_cv
1810,1810,Atsitiktinis miskas,1,1,0.96934126984127,0.793238299549427,rf_42_cv
1816,1816,Atsitiktinis miskas,0,0,0.0338963481560256,0.793238299549427,rf_42_cv
1818,1818,Atsitiktinis miskas,0,0,0.0233980785296575,0.793238299549427,rf_42_cv
1829,1829,Atsitiktinis miskas,0,0,0.0581701296187871,0.793238299549427,rf_42_cv
1830,1830,Atsitiktinis miskas,0,0,0.156571523505734,0.793238299549427,rf_42_cv
1832,1832,Atsitiktinis miskas,0,0,0.346743867353886,0.793238299549427,rf_42_cv
1836,1836,Atsitiktinis miskas,0,0,0.0336724879125716,0.793238299549427,rf_42_cv
1839,1839,Atsitiktinis miskas,0,0,0.000572270922622308,0.793238299549427,rf_42_cv
1841,1841,Atsitiktinis miskas,0,0,0.00447838109602816,0.793238299549427,rf_42_cv
1843,1843,Atsitiktinis miskas,0,0,0.0426968838786125,0.793238299549427,rf_42_cv
1851,1851,Atsitiktinis miskas,0,0,0.357115096490484,0.793238299549427,rf_42_cv
1859,1859,Atsitiktinis miskas,0,0,0.0734652108561784,0.793238299549427,rf_42_cv
1860,1860,Atsitiktinis miskas,0,0,0.00743320754121332,0.793238299549427,rf_42_cv
1866,1866,Atsitiktinis miskas,0,0,0.00638888888888889,0.793238299549427,rf_42_cv
1868,1868,Atsitiktinis miskas,0,0,0.0651111111111111,0.793238299549427,rf_42_cv
1876,1876,Atsitiktinis miskas,0,0,0.0387167155040919,0.793238299549427,rf_42_cv
1878,1878,Atsitiktinis miskas,0,0,0.0267791344458011,0.793238299549427,rf_42_cv
1880,1880,Atsitiktinis miskas,0,0,0.0297420974087641,0.793238299549427,rf_42_cv
1881,1881,Atsitiktinis miskas,0,0,0.00370436507936508,0.793238299549427,rf_42_cv
1894,1894,Atsitiktinis miskas,0,0,0.0291746031746032,0.793238299549427,rf_42_cv
1897,1897,Atsitiktinis miskas,0,0,0.0532676767676767,0.793238299549427,rf_42_cv
1899,1859,Atsitiktinis miskas,0,0,0.0734652108561784,0.793238299549427,rf_42_cv
1901,1901,Atsitiktinis miskas,0,0,0.0102222222222222,0.793238299549427,rf_42_cv
1902,1859,Atsitiktinis miskas,0,0,0.0734652108561784,0.793238299549427,rf_42_cv
1913,1859,Atsitiktinis miskas,0,0,0.0734652108561784,0.793238299549427,rf_42_cv
1917,1917,Atsitiktinis miskas,0,0,0.0396111111111112,0.793238299549427,rf_42_cv
1920,1920,Atsitiktinis miskas,0,0,0.0170634920634921,0.793238299549427,rf_42_cv
1951,1951,Atsitiktinis miskas,0,0,0.01375,0.793238299549427,rf_42_cv
1953,1953,Atsitiktinis miskas,0,0,0.0611518060702406,0.793238299549427,rf_42_cv
1955,1955,Atsitiktinis miskas,0,0,0.0221605149670218,0.793238299549427,rf_42_cv
1962,1962,Atsitiktinis miskas,0,0,0.0330712033816424,0.793238299549427,rf_42_cv
1967,1967,Atsitiktinis miskas,0,0,0.0142975471832216,0.793238299549427,rf_42_cv
1971,1971,Atsitiktinis miskas,0,0,0.171666743066588,0.793238299549427,rf_42_cv
1972,1972,Atsitiktinis miskas,0,0,0.00880392156862745,0.793238299549427,rf_42_cv
1973,1973,Atsitiktinis miskas,0,0,0.0236296296296296,0.793238299549427,rf_42_cv
1977,1977,Atsitiktinis miskas,0,0,0.138738164185079,0.793238299549427,rf_42_cv
1982,1982,Atsitiktinis miskas,0,0,0.0402646321686569,0.793238299549427,rf_42_cv
1985,148,Atsitiktinis miskas,0,0,0.769012291539253,0.793238299549427,rf_42_cv
1987,1987,Atsitiktinis miskas,0,0,0.0436362448828417,0.793238299549427,rf_42_cv
1993,1993,Atsitiktinis miskas,0,0,0.166001107795225,0.793238299549427,rf_42_cv
1997,1997,Atsitiktinis miskas,0,0,0.0110740740740741,0.793238299549427,rf_42_cv
2000,2000,Atsitiktinis miskas,0,0,0.0877169059011164,0.793238299549427,rf_42_cv
2001,2001,Atsitiktinis miskas,0,0,0.00186749935379048,0.793238299549427,rf_42_cv
2002,2002,Atsitiktinis miskas,0,0,0.379973522429376,0.793238299549427,rf_42_cv
2003,2003,Atsitiktinis miskas,0,0,0.00606431989963452,0.793238299549427,rf_42_cv
2010,2010,Atsitiktinis miskas,0,0,0.0160454545454545,0.793238299549427,rf_42_cv
2020,2020,Atsitiktinis miskas,0,0,0.116355181855182,0.793238299549427,rf_42_cv
2021,2021,Atsitiktinis miskas,0,0,0.522889971139971,0.793238299549427,rf_42_cv
2024,2024,Atsitiktinis miskas,0,0,0.0615771989353478,0.793238299549427,rf_42_cv
2026,2026,Atsitiktinis miskas,0,0,0.024405179615706,0.793238299549427,rf_42_cv
2028,2028,Atsitiktinis miskas,0,0,0.0907333309392133,0.793238299549427,rf_42_cv
2031,2031,Atsitiktinis miskas,0,0,0.000828476088206329,0.793238299549427,rf_42_cv
2034,2034,Atsitiktinis miskas,0,0,0.00124242424242424,0.793238299549427,rf_42_cv
2037,2037,Atsitiktinis miskas,0,0,0.0227946425647575,0.793238299549427,rf_42_cv
2043,2043,Atsitiktinis miskas,0,0,0.0480840455840456,0.793238299549427,rf_42_cv
2045,2045,Atsitiktinis miskas,0,0,0.0152222222222222,0.793238299549427,rf_42_cv
2054,2054,Atsitiktinis miskas,0,0,0.150244680909858,0.793238299549427,rf_42_cv
2057,2057,Atsitiktinis miskas,0,0,0.00981792717086835,0.793238299549427,rf_42_cv
2059,2059,Atsitiktinis miskas,0,0,0.00222222222222222,0.793238299549427,rf_42_cv
2065,2065,Atsitiktinis miskas,0,0,0.0153060129858335,0.793238299549427,rf_42_cv
2071,2071,Atsitiktinis miskas,0,0,0.0393374958374958,0.793238299549427,rf_42_cv
2073,2073,Atsitiktinis miskas,0,0,0.0125,0.793238299549427,rf_42_cv
2089,2089,Atsitiktinis miskas,0,0,0.077002386266081,0.793238299549427,rf_42_cv
2091,2091,Atsitiktinis miskas,0,0,0.0657027400703872,0.793238299549427,rf_42_cv
2096,2096,Atsitiktinis miskas,0,0,0.117780303030303,0.793238299549427,rf_42_cv
2117,2117,Atsitiktinis miskas,0,0,0.0125,0.793238299549427,rf_42_cv
2122,2122,Atsitiktinis miskas,0,0,0.693709523809523,0.793238299549427,rf_42_cv
2124,2124,Atsitiktinis miskas,0,0,0.0131666666666667,0.793238299549427,rf_42_cv
2126,2126,Atsitiktinis miskas,0,0,0.0937175725815015,0.793238299549427,rf_42_cv
2128,2128,Atsitiktinis miskas,0,0,0.0141143963115376,0.793238299549427,rf_42_cv
2136,2136,Atsitiktinis miskas,0,0,0.0251969064074327,0.793238299549427,rf_42_cv
2138,2138,Atsitiktinis miskas,0,0,0.00494603806029007,0.793238299549427,rf_42_cv
2140,2140,Atsitiktinis miskas,0,0,0.00619741588820536,0.793238299549427,rf_42_cv
2145,2145,Atsitiktinis miskas,0,0,0.00617001575838856,0.793238299549427,rf_42_cv
2147,2147,Atsitiktinis miskas,0,0,0.263166984068945,0.793238299549427,rf_42_cv
2151,2151,Atsitiktinis miskas,0,0,0.0290793830462382,0.793238299549427,rf_42_cv
2153,2153,Atsitiktinis miskas,0,0,0.083421713759949,0.793238299549427,rf_42_cv
2154,2154,Atsitiktinis miskas,0,0,0.0662424242424242,0.793238299549427,rf_42_cv
2161,2161,Atsitiktinis miskas,0,0,0.0141605843380037,0.793238299549427,rf_42_cv
2165,2165,Atsitiktinis miskas,0,0,0.0186170736602557,0.793238299549427,rf_42_cv
2170,2170,Atsitiktinis miskas,0,0,0.0121626984126984,0.793238299549427,rf_42_cv
2175,2175,Atsitiktinis miskas,0,0,0.109944444444444,0.793238299549427,rf_42_cv
2192,2192,Atsitiktinis miskas,0,0,0.137030565242603,0.793238299549427,rf_42_cv
2199,2199,Atsitiktinis miskas,0,0,0,0.793238299549427,rf_42_cv
2200,2200,Atsitiktinis miskas,0,0,0,0.793238299549427,rf_42_cv
2209,2031,Atsitiktinis miskas,0,0,0.000828476088206329,0.793238299549427,rf_42_cv
2219,2219,Atsitiktinis miskas,0,0,0.110836414789201,0.793238299549427,rf_42_cv
2223,2223,Atsitiktinis miskas,0,0,0.0519007441360383,0.793238299549427,rf_42_cv
2225,2225,Atsitiktinis miskas,0,0,0.322565980718487,0.793238299549427,rf_42_cv
2227,2227,Atsitiktinis miskas,0,0,0.0946388888888889,0.793238299549427,rf_42_cv
2255,2255,Atsitiktinis miskas,0,0,0.0837830687830688,0.793238299549427,rf_42_cv
2258,2258,Atsitiktinis miskas,0,0,0.00606741243505949,0.793238299549427,rf_42_cv
2262,2262,Atsitiktinis miskas,0,0,0.119722222222222,0.793238299549427,rf_42_cv
2265,2265,Atsitiktinis miskas,0,0,0.0171927133538976,0.793238299549427,rf_42_cv
2266,2266,Atsitiktinis miskas,0,0,0.0669266661042715,0.793238299549427,rf_42_cv
2269,2269,Atsitiktinis miskas,0,0,0.00225,0.793238299549427,rf_42_cv
2274,2265,Atsitiktinis miskas,0,0,0.0171927133538976,0.793238299549427,rf_42_cv
2278,2278,Atsitiktinis miskas,0,0,0.515764666536852,0.793238299549427,rf_42_cv
2279,2279,Atsitiktinis miskas,0,0,0.0280260912136973,0.793238299549427,rf_42_cv
2288,2288,Atsitiktinis miskas,0,0,0.0319746240601503,0.793238299549427,rf_42_cv
2291,2291,Atsitiktinis miskas,0,0,0.0233442265795207,0.793238299549427,rf_42_cv
2293,2293,Atsitiktinis miskas,0,0,0.176622543228397,0.793238299549427,rf_42_cv
2294,2294,Atsitiktinis miskas,0,0,0.195920875420875,0.793238299549427,rf_42_cv
2298,2298,Atsitiktinis miskas,0,0,0.0223174603174603,0.793238299549427,rf_42_cv
2318,2318,Atsitiktinis miskas,0,0,0.0763597513597513,0.793238299549427,rf_42_cv
2321,2321,Atsitiktinis miskas,0,0,0.111728315446986,0.793238299549427,rf_42_cv
2324,2324,Atsitiktinis miskas,0,0,0.0953934757079124,0.793238299549427,rf_42_cv
2326,2326,Atsitiktinis miskas,0,0,0.321386678962001,0.793238299549427,rf_42_cv
2329,2329,Atsitiktinis miskas,0,0,0.00222222222222222,0.793238299549427,rf_42_cv
2331,2331,Atsitiktinis miskas,0,0,0.000179788916080043,0.793238299549427,rf_42_cv
2340,2340,Atsitiktinis miskas,0,0,0.127155237719849,0.793238299549427,rf_42_cv
2346,2346,Atsitiktinis miskas,0,0,0.132707016493502,0.793238299549427,rf_42_cv
2347,2347,Atsitiktinis miskas,0,0,0.0630422833868566,0.793238299549427,rf_42_cv
2348,2348,Atsitiktinis miskas,0,0,0.0243166206762698,0.793238299549427,rf_42_cv
2353,2353,Atsitiktinis miskas,0,0,0.207324819133925,0.793238299549427,rf_42_cv
2387,2387,Atsitiktinis miskas,0,0,0.360941952437541,0.793238299549427,rf_42_cv
2389,2389,Atsitiktinis miskas,0,0,0.0993530920434614,0.793238299549427,rf_42_cv
2394,2394,Atsitiktinis miskas,0,0,0.0226464646464646,0.793238299549427,rf_42_cv
2400,2400,Atsitiktinis miskas,0,0,0.00555555555555555,0.793238299549427,rf_42_cv
2401,2401,Atsitiktinis miskas,0,0,0.098888888888889,0.793238299549427,rf_42_cv
2405,2405,Atsitiktinis miskas,0,0,0.00914285714285714,0.793238299549427,rf_42_cv
2406,2406,Atsitiktinis miskas,0,0,0.225921991034935,0.793238299549427,rf_42_cv
2410,2410,Atsitiktinis miskas,0,0,0.0264116614397011,0.793238299549427,rf_42_cv
2411,2411,Atsitiktinis miskas,0,0,0.124370814417626,0.793238299549427,rf_42_cv
2414,2414,Atsitiktinis miskas,0,0,0.00994444444444445,0.793238299549427,rf_42_cv
2418,2418,Atsitiktinis miskas,0,0,0.00222222222222222,0.793238299549427,rf_42_cv
2425,2425,Atsitiktinis miskas,0,0,0.00444444444444445,0.793238299549427,rf_42_cv
2426,2426,Atsitiktinis miskas,0,0,0.00472222222222223,0.793238299549427,rf_42_cv
2428,2428,Atsitiktinis miskas,0,0,0.207462398414697,0.793238299549427,rf_42_cv
2431,2431,Atsitiktinis miskas,0,0,0.394075556574958,0.793238299549427,rf_42_cv
2432,2432,Atsitiktinis miskas,0,0,0.0577962962962963,0.793238299549427,rf_42_cv
2435,2435,Atsitiktinis miskas,0,0,0.117257967036773,0.793238299549427,rf_42_cv
2436,2436,Atsitiktinis miskas,0,0,0.0503973622638165,0.793238299549427,rf_42_cv
2438,2438,Atsitiktinis miskas,0,0,0.068217533609274,0.793238299549427,rf_42_cv
2443,2443,Atsitiktinis miskas,0,0,0.0136181711278222,0.793238299549427,rf_42_cv
2446,2446,Atsitiktinis miskas,0,0,0.0217777777777778,0.793238299549427,rf_42_cv
2454,2454,Atsitiktinis miskas,0,0,0.194201049195994,0.793238299549427,rf_42_cv
2460,2460,Atsitiktinis miskas,0,0,0.0594174836601307,0.793238299549427,rf_42_cv
2466,2466,Atsitiktinis miskas,0,0,0.0031135798512262,0.793238299549427,rf_42_cv
2475,2475,Atsitiktinis miskas,0,0,0.06156279178338,0.793238299549427,rf_42_cv
2483,2278,Atsitiktinis miskas,0,0,0.515764666536852,0.793238299549427,rf_42_cv
2485,2278,Atsitiktinis miskas,0,0,0.515764666536852,0.793238299549427,rf_42_cv
2486,2279,Atsitiktinis miskas,0,0,0.0280260912136973,0.793238299549427,rf_42_cv
2490,2293,Atsitiktinis miskas,0,0,0.176622543228397,0.793238299549427,rf_42_cv
2493,2065,Atsitiktinis miskas,0,0,0.0153060129858335,0.793238299549427,rf_42_cv
2503,2503,Atsitiktinis miskas,0,0,0.00777777777777778,0.793238299549427,rf_42_cv
2505,2505,Atsitiktinis miskas,0,0,0.308953695670801,0.793238299549427,rf_42_cv
2506,2506,Atsitiktinis miskas,0,0,0.0254447212993725,0.793238299549427,rf_42_cv
2507,2507,Atsitiktinis miskas,0,0,0.072572679843499,0.793238299549427,rf_42_cv
2508,2508,Atsitiktinis miskas,0,0,0.0801452991452991,0.793238299549427,rf_42_cv
2526,2526,Atsitiktinis miskas,0,0,0.16111263582282,0.793238299549427,rf_42_cv
2536,2536,Atsitiktinis miskas,0,0,0.20074206999207,0.793238299549427,rf_42_cv
2537,2537,Atsitiktinis miskas,0,0,0.0179717929722773,0.793238299549427,rf_42_cv
2539,2539,Atsitiktinis miskas,0,0,0.343575210121263,0.793238299549427,rf_42_cv
2540,2540,Atsitiktinis miskas,0,0,0.159558423415441,0.793238299549427,rf_42_cv
2543,2543,Atsitiktinis miskas,0,0,0.172031148016442,0.793238299549427,rf_42_cv
2545,2545,Atsitiktinis miskas,0,0,0.307714285714286,0.793238299549427,rf_42_cv
2550,2550,Atsitiktinis miskas,0,0,0.0682480029762886,0.793238299549427,rf_42_cv
2552,2552,Atsitiktinis miskas,0,0,0.0519959193485944,0.793238299549427,rf_42_cv
2553,2553,Atsitiktinis miskas,0,0,0.0853059660927308,0.793238299549427,rf_42_cv
2554,2554,Atsitiktinis miskas,0,0,0.0174722222222222,0.793238299549427,rf_42_cv
2555,2555,Atsitiktinis miskas,0,0,0.125962263154164,0.793238299549427,rf_42_cv
2559,2559,Atsitiktinis miskas,0,0,0.0467502043647065,0.793238299549427,rf_42_cv
2560,2560,Atsitiktinis miskas,0,0,0.0609773386953256,0.793238299549427,rf_42_cv
2577,2577,Atsitiktinis miskas,0,0,0.646655717416497,0.793238299549427,rf_42_cv
2580,2278,Atsitiktinis miskas,0,0,0.515764666536852,0.793238299549427,rf_42_cv
2585,2585,Atsitiktinis miskas,0,0,0.0531391663891664,0.793238299549427,rf_42_cv
2588,2588,Atsitiktinis miskas,0,0,0,0.793238299549427,rf_42_cv
2591,2591,Atsitiktinis miskas,0,0,0.00105357955333362,0.793238299549427,rf_42_cv
2593,2593,Atsitiktinis miskas,0,0,0.0138730158730159,0.793238299549427,rf_42_cv
2598,2598,Atsitiktinis miskas,0,0,0.00638888888888889,0.793238299549427,rf_42_cv
2609,2609,Atsitiktinis miskas,0,0,0.114914540138224,0.793238299549427,rf_42_cv
2611,2611,Atsitiktinis miskas,0,0,0.0697017893990657,0.793238299549427,rf_42_cv
2613,2613,Atsitiktinis miskas,0,0,0.295566954507099,0.793238299549427,rf_42_cv
2618,2618,Atsitiktinis miskas,0,0,0.0301851851851852,0.793238299549427,rf_42_cv
2624,2624,Atsitiktinis miskas,0,0,0.0035448922694863,0.793238299549427,rf_42_cv
2627,2627,Atsitiktinis miskas,0,0,0.066552368632034,0.793238299549427,rf_42_cv
2638,2638,Atsitiktinis miskas,0,0,0.116066137566137,0.793238299549427,rf_42_cv
2640,2640,Atsitiktinis miskas,0,0,0.049537037037037,0.793238299549427,rf_42_cv
2644,2644,Atsitiktinis miskas,0,0,0.0829561866273651,0.793238299549427,rf_42_cv
2646,2646,Atsitiktinis miskas,0,0,0.177163488982952,0.793238299549427,rf_42_cv
2649,2649,Atsitiktinis miskas,0,0,0.0020959595959596,0.793238299549427,rf_42_cv
2650,2650,Atsitiktinis miskas,0,0,0.218843092579935,0.793238299549427,rf_42_cv
2658,2658,Atsitiktinis miskas,0,0,0.00333333333333333,0.793238299549427,rf_42_cv
2665,2665,Atsitiktinis miskas,0,0,0.0601173358232182,0.793238299549427,rf_42_cv
2670,2670,Atsitiktinis miskas,0,0,0.0270039682539683,0.793238299549427,rf_42_cv
2672,2672,Atsitiktinis miskas,0,0,0.00646372908137614,0.793238299549427,rf_42_cv
2679,2679,Atsitiktinis miskas,0,0,0.0806662386943604,0.793238299549427,rf_42_cv
2681,2681,Atsitiktinis miskas,0,0,0.0500555555555556,0.793238299549427,rf_42_cv
2690,2690,Atsitiktinis miskas,0,0,0.0332777777777778,0.793238299549427,rf_42_cv
2691,2691,Atsitiktinis miskas,0,0,0.156679215096672,0.793238299549427,rf_42_cv
2693,2693,Atsitiktinis miskas,0,0,0.107598630508425,0.793238299549427,rf_42_cv
2698,2698,Atsitiktinis miskas,0,0,0.0257812174737575,0.793238299549427,rf_42_cv
2701,2701,Atsitiktinis miskas,0,0,0.153512746017612,0.793238299549427,rf_42_cv
2708,2708,Atsitiktinis miskas,0,0,0.550508214981899,0.793238299549427,rf_42_cv
2715,2715,Atsitiktinis miskas,0,0,0.0270151743681156,0.793238299549427,rf_42_cv
2727,2727,Atsitiktinis miskas,0,0,0.0579873288019815,0.793238299549427,rf_42_cv
2728,2727,Atsitiktinis miskas,0,0,0.0579873288019815,0.793238299549427,rf_42_cv
2729,2727,Atsitiktinis miskas,0,0,0.0579873288019815,0.793238299549427,rf_42_cv
2730,2727,Atsitiktinis miskas,0,0,0.0579873288019815,0.793238299549427,rf_42_cv
2731,2731,Atsitiktinis miskas,0,0,0.0171212121212121,0.793238299549427,rf_42_cv
2732,2732,Atsitiktinis miskas,0,0,0.0233458011651778,0.793238299549427,rf_42_cv
2733,2733,Atsitiktinis miskas,0,0,0.0309880952380953,0.793238299549427,rf_42_cv
2734,2734,Atsitiktinis miskas,0,0,0.106835775335775,0.793238299549427,rf_42_cv
2736,2736,Atsitiktinis miskas,0,0,0.00621560846560847,0.793238299549427,rf_42_cv
2738,2738,Atsitiktinis miskas,0,0,0.253451083516873,0.793238299549427,rf_42_cv
2750,2750,Atsitiktinis miskas,0,0,0.0519588929588929,0.793238299549427,rf_42_cv
2753,2508,Atsitiktinis miskas,0,0,0.0801452991452991,0.793238299549427,rf_42_cv
2760,2760,Atsitiktinis miskas,0,0,0.0940477005073779,0.793238299549427,rf_42_cv
2761,2761,Atsitiktinis miskas,0,0,0.0119444444444445,0.793238299549427,rf_42_cv
2764,2764,Atsitiktinis miskas,0,0,0.0736666666666667,0.793238299549427,rf_42_cv
2766,2003,Atsitiktinis miskas,0,0,0.00606431989963452,0.793238299549427,rf_42_cv
2779,2779,Atsitiktinis miskas,0,0,0.0176483868983632,0.793238299549427,rf_42_cv
2796,2796,Atsitiktinis miskas,0,0,0.0404477335906613,0.793238299549427,rf_42_cv
2798,2798,Atsitiktinis miskas,0,0,0.0413780764819041,0.793238299549427,rf_42_cv
2800,2800,Atsitiktinis miskas,0,0,0.026930004990455,0.793238299549427,rf_42_cv
2802,2278,Atsitiktinis miskas,0,0,0.515764666536852,0.793238299549427,rf_42_cv
2805,2805,Atsitiktinis miskas,0,0,0.0626580759007108,0.793238299549427,rf_42_cv
2816,2816,Atsitiktinis miskas,0,0,0.0345119047619047,0.793238299549427,rf_42_cv
2820,2820,Atsitiktinis miskas,0,0,0.0496274509803921,0.793238299549427,rf_42_cv
2824,2824,Atsitiktinis miskas,0,0,0.117307709993579,0.793238299549427,rf_42_cv
2829,2829,Atsitiktinis miskas,0,0,0.30153463679573,0.793238299549427,rf_42_cv
2833,2833,Atsitiktinis miskas,0,0,0.0318968253968254,0.793238299549427,rf_42_cv
2837,2837,Atsitiktinis miskas,0,0,0.103468996689585,0.793238299549427,rf_42_cv
2847,2847,Atsitiktinis miskas,0,0,0.0116533836157441,0.793238299549427,rf_42_cv
2850,2850,Atsitiktinis miskas,0,0,0.0174351851851852,0.793238299549427,rf_42_cv
2851,2851,Atsitiktinis miskas,0,0,0.106589214942425,0.793238299549427,rf_42_cv
2856,2856,Atsitiktinis miskas,0,0,0.670427124705704,0.793238299549427,rf_42_cv
2861,2861,Atsitiktinis miskas,0,0,0.0116830065359477,0.793238299549427,rf_42_cv
2873,2873,Atsitiktinis miskas,0,0,0.00416666666666667,0.793238299549427,rf_42_cv
2878,2878,Atsitiktinis miskas,0,0,0.0304292929292929,0.793238299549427,rf_42_cv
2883,2883,Atsitiktinis miskas,0,0,0.0351407043192687,0.793238299549427,rf_42_cv
2890,2890,Atsitiktinis miskas,0,0,0.0126461988304094,0.793238299549427,rf_42_cv
2891,2891,Atsitiktinis miskas,0,0,0.0128412698412698,0.793238299549427,rf_42_cv
2892,2892,Atsitiktinis miskas,0,0,0.165042264854871,0.793238299549427,rf_42_cv
2897,2897,Atsitiktinis miskas,0,0,0.0354085434039154,0.793238299549427,rf_42_cv
2905,2905,Atsitiktinis miskas,0,0,0.35021946759055,0.793238299549427,rf_42_cv
2907,2907,Atsitiktinis miskas,0,0,0.094403287039084,0.793238299549427,rf_42_cv
2912,2912,Atsitiktinis miskas,0,0,0.0643906530857751,0.793238299549427,rf_42_cv
2923,2923,Atsitiktinis miskas,0,0,0.00558280790145197,0.793238299549427,rf_42_cv
2927,2927,Atsitiktinis miskas,0,0,0.165732741809376,0.793238299549427,rf_42_cv
2931,2931,Atsitiktinis miskas,0,0,0.117865079365079,0.793238299549427,rf_42_cv
2936,2936,Atsitiktinis miskas,0,0,0.10159778478527,0.793238299549427,rf_42_cv
2938,2938,Atsitiktinis miskas,0,0,0.00511111111111111,0.793238299549427,rf_42_cv
2949,2949,Atsitiktinis miskas,0,0,0.0683888888888889,0.793238299549427,rf_42_cv
2956,2956,Atsitiktinis miskas,0,0,0.0470089986886412,0.793238299549427,rf_42_cv
2960,2960,Atsitiktinis miskas,0,0,0.00258264827170053,0.793238299549427,rf_42_cv
2970,2970,Atsitiktinis miskas,0,0,0.0172832004253057,0.793238299549427,rf_42_cv
2987,2987,Atsitiktinis miskas,0,0,0.235893896274621,0.793238299549427,rf_42_cv
2993,2993,Atsitiktinis miskas,0,0,0.0666197516922156,0.793238299549427,rf_42_cv
3002,3002,Atsitiktinis miskas,0,0,0.00271544242902859,0.793238299549427,rf_42_cv
3005,2278,Atsitiktinis miskas,0,0,0.515764666536852,0.793238299549427,rf_42_cv
3010,3010,Atsitiktinis miskas,0,0,0.00133333333333333,0.793238299549427,rf_42_cv
3011,3011,Atsitiktinis miskas,0,0,0.0552222222222222,0.793238299549427,rf_42_cv
3022,3022,Atsitiktinis miskas,0,0,0.084084656084656,0.793238299549427,rf_42_cv
3025,3025,Atsitiktinis miskas,0,0,0.0453776963776964,0.793238299549427,rf_42_cv
3029,3029,Atsitiktinis miskas,0,0,0.0487854117214003,0.793238299549427,rf_42_cv
3031,3031,Atsitiktinis miskas,0,0,0.0303201597173784,0.793238299549427,rf_42_cv
3032,3032,Atsitiktinis miskas,0,0,0.220572006556695,0.793238299549427,rf_42_cv
3034,2907,Atsitiktinis miskas,0,0,0.094403287039084,0.793238299549427,rf_42_cv
3037,3037,Atsitiktinis miskas,0,0,0.105099955967922,0.793238299549427,rf_42_cv
3042,3042,Atsitiktinis miskas,0,0,0.0745692391899288,0.793238299549427,rf_42_cv
3061,3061,Atsitiktinis miskas,0,0,0.210391032510595,0.793238299549427,rf_42_cv
3068,3068,Atsitiktinis miskas,0,0,0.0631558704439209,0.793238299549427,rf_42_cv
3069,3069,Atsitiktinis miskas,0,0,0.124159534079039,0.793238299549427,rf_42_cv
3085,3085,Atsitiktinis miskas,0,0,0.134306550072931,0.793238299549427,rf_42_cv
3097,3097,Atsitiktinis miskas,0,0,0.10096783625731,0.793238299549427,rf_42_cv
3112,2165,Atsitiktinis miskas,0,0,0.0186170736602557,0.793238299549427,rf_42_cv
3115,3115,Atsitiktinis miskas,0,0,0.00305555555555556,0.793238299549427,rf_42_cv
3152,3152,Atsitiktinis miskas,0,0,0.0224949494949495,0.793238299549427,rf_42_cv
3164,3164,Atsitiktinis miskas,0,0,0.158449879485549,0.793238299549427,rf_42_cv
3167,2031,Atsitiktinis miskas,0,0,0.000828476088206329,0.793238299549427,rf_42_cv
3170,3170,Atsitiktinis miskas,0,0,0.16912427496251,0.793238299549427,rf_42_cv
3172,3172,Atsitiktinis miskas,0,0,0.0188923480891871,0.793238299549427,rf_42_cv
3174,3174,Atsitiktinis miskas,0,0,0.0398653381964482,0.793238299549427,rf_42_cv
3176,3176,Atsitiktinis miskas,0,0,0.102969110811216,0.793238299549427,rf_42_cv
3183,3183,Atsitiktinis miskas,0,0,0.0433802937662632,0.793238299549427,rf_42_cv
3185,3185,Atsitiktinis miskas,0,0,0.413521197715275,0.793238299549427,rf_42_cv
3192,3192,Atsitiktinis miskas,0,0,0.0296111111111111,0.793238299549427,rf_42_cv
3199,3029,Atsitiktinis miskas,0,0,0.0487854117214003,0.793238299549427,rf_42_cv
3202,3202,Atsitiktinis miskas,0,0,0.0111825396825397,0.793238299549427,rf_42_cv
3205,3205,Atsitiktinis miskas,0,0,0.134101999365157,0.793238299549427,rf_42_cv
3215,3215,Atsitiktinis miskas,0,0,0.0532201057609046,0.793238299549427,rf_42_cv
3217,3217,Atsitiktinis miskas,0,0,0.0595740740740741,0.793238299549427,rf_42_cv
3225,2278,Atsitiktinis miskas,0,0,0.515764666536852,0.793238299549427,rf_42_cv
3236,3236,Atsitiktinis miskas,0,0,0.21308014354067,0.793238299549427,rf_42_cv
3242,3242,Atsitiktinis miskas,0,0,0.242766344590331,0.793238299549427,rf_42_cv
3249,3249,Atsitiktinis miskas,0,0,0.0288224627537559,0.793238299549427,rf_42_cv
3250,3250,Atsitiktinis miskas,0,0,0.0567794723326529,0.793238299549427,rf_42_cv
3252,3252,Atsitiktinis miskas,0,0,0.0261613756613757,0.793238299549427,rf_42_cv
3255,3255,Atsitiktinis miskas,0,0,0.0304052814674257,0.793238299549427,rf_42_cv
3260,3260,Atsitiktinis miskas,0,0,0.136305342415869,0.793238299549427,rf_42_cv
3281,3281,Atsitiktinis miskas,0,0,0.018,0.793238299549427,rf_42_cv
3282,3282,Atsitiktinis miskas,0,0,0.0109883040935673,0.793238299549427,rf_42_cv
3285,3285,Atsitiktinis miskas,0,0,0.0327916666666667,0.793238299549427,rf_42_cv
3291,3291,Atsitiktinis miskas,0,0,0.0141666666666667,0.793238299549427,rf_42_cv
3296,3296,Atsitiktinis miskas,0,0,0.00692411311040424,0.793238299549427,rf_42_cv
3299,3299,Atsitiktinis miskas,0,0,0.313003300735499,0.793238299549427,rf_42_cv
3302,3302,Atsitiktinis miskas,0,0,0.0805416666666666,0.793238299549427,rf_42_cv
3303,3303,Atsitiktinis miskas,0,0,0.00511111111111111,0.793238299549427,rf_42_cv
3305,3305,Atsitiktinis miskas,0,0,0.0100595238095238,0.793238299549427,rf_42_cv
3312,3312,Atsitiktinis miskas,0,0,0.454606212823149,0.793238299549427,rf_42_cv
3313,3313,Atsitiktinis miskas,0,0,0.480008722767065,0.793238299549427,rf_42_cv
3315,3315,Atsitiktinis miskas,0,0,0.115511149620151,0.793238299549427,rf_42_cv
3317,3317,Atsitiktinis miskas,0,0,0.479081048810258,0.793238299549427,rf_42_cv
3318,3318,Atsitiktinis miskas,0,0,0,0.793238299549427,rf_42_cv
3327,3327,Atsitiktinis miskas,0,0,0.002,0.793238299549427,rf_42_cv
3329,3329,Atsitiktinis miskas,0,0,0.117711779448622,0.793238299549427,rf_42_cv
3339,3339,Atsitiktinis miskas,0,0,0.149037644337959,0.793238299549427,rf_42_cv
3345,3345,Atsitiktinis miskas,0,0,0.004932819926464,0.793238299549427,rf_42_cv
3349,3349,Atsitiktinis miskas,0,0,0.00588448026618665,0.793238299549427,rf_42_cv
3350,3349,Atsitiktinis miskas,0,0,0.00588448026618665,0.793238299549427,rf_42_cv
3351,3351,Atsitiktinis miskas,0,0,0.00826385721009377,0.793238299549427,rf_42_cv
3356,3356,Atsitiktinis miskas,0,0,0.102888888888889,0.793238299549427,rf_42_cv
3362,3362,Atsitiktinis miskas,0,0,0.0671163364491398,0.793238299549427,rf_42_cv
3366,3366,Atsitiktinis miskas,0,0,0.0562951492310349,0.793238299549427,rf_42_cv
3380,3380,Atsitiktinis miskas,0,0,0.00424603174603175,0.793238299549427,rf_42_cv
3385,3385,Atsitiktinis miskas,0,0,0.208072167129998,0.793238299549427,rf_42_cv
3393,3393,Atsitiktinis miskas,0,0,0.0639789562289562,0.793238299549427,rf_42_cv
3401,3401,Atsitiktinis miskas,0,0,0.140722222222222,0.793238299549427,rf_42_cv
3402,3402,Atsitiktinis miskas,0,0,0.241767785283494,0.793238299549427,rf_42_cv
3408,3408,Atsitiktinis miskas,0,0,0.090573034808329,0.793238299549427,rf_42_cv
3413,3413,Atsitiktinis miskas,0,0,0.167770805380455,0.793238299549427,rf_42_cv
3416,3416,Atsitiktinis miskas,0,0,0.0805284900284901,0.793238299549427,rf_42_cv
3423,3423,Atsitiktinis miskas,0,0,0,0.793238299549427,rf_42_cv
3424,3424,Atsitiktinis miskas,0,0,0.141242592984084,0.793238299549427,rf_42_cv
3430,3430,Atsitiktinis miskas,0,0,0.129761000592978,0.793238299549427,rf_42_cv
3434,3434,Atsitiktinis miskas,0,0,0.0157222222222222,0.793238299549427,rf_42_cv
3437,2278,Atsitiktinis miskas,0,0,0.515764666536852,0.793238299549427,rf_42_cv
3450,3450,Atsitiktinis miskas,0,0,0.0513107887999685,0.793238299549427,rf_42_cv
3453,3453,Atsitiktinis miskas,0,0,0.0845555555555555,0.793238299549427,rf_42_cv
3455,3455,Atsitiktinis miskas,0,0,0.482942359655595,0.793238299549427,rf_42_cv
3457,3457,Atsitiktinis miskas,0,0,0.363582940672331,0.793238299549427,rf_42_cv
3458,3458,Atsitiktinis miskas,0,0,0.0570480859010271,0.793238299549427,rf_42_cv
3463,3463,Atsitiktinis miskas,0,0,0.0289883040935673,0.793238299549427,rf_42_cv
3464,3464,Atsitiktinis miskas,0,0,0.0586121469269352,0.793238299549427,rf_42_cv
3474,3474,Atsitiktinis miskas,0,0,0.00491152681325912,0.793238299549427,rf_42_cv
3475,3475,Atsitiktinis miskas,0,0,0.000941959489724161,0.793238299549427,rf_42_cv
3477,3477,Atsitiktinis miskas,0,0,0.00372609433295331,0.793238299549427,rf_42_cv
3479,3479,Atsitiktinis miskas,0,0,0.0122964392964393,0.793238299549427,rf_42_cv
3480,3480,Atsitiktinis miskas,0,0,0.220258122849258,0.793238299549427,rf_42_cv
3481,3481,Atsitiktinis miskas,0,0,0.0446761201761202,0.793238299549427,rf_42_cv
3488,3488,Atsitiktinis miskas,0,0,0.552445219251587,0.793238299549427,rf_42_cv
3491,3491,Atsitiktinis miskas,0,0,0.00157316494047225,0.793238299549427,rf_42_cv
3518,3518,Atsitiktinis miskas,0,0,0.214736854763171,0.793238299549427,rf_42_cv
3521,3521,Atsitiktinis miskas,0,0,0.0112091503267974,0.793238299549427,rf_42_cv
3527,3527,Atsitiktinis miskas,0,0,0.237229124573951,0.793238299549427,rf_42_cv
3535,3535,Atsitiktinis miskas,0,0,0.0407428880244282,0.793238299549427,rf_42_cv
3549,3549,Atsitiktinis miskas,0,0,0.0690555555555555,0.793238299549427,rf_42_cv
3551,3551,Atsitiktinis miskas,0,0,0.532152988824041,0.793238299549427,rf_42_cv
3557,3557,Atsitiktinis miskas,0,0,0.252761528749211,0.793238299549427,rf_42_cv
3559,3559,Atsitiktinis miskas,0,0,0.0774612974744553,0.793238299549427,rf_42_cv
3565,3565,Atsitiktinis miskas,0,0,0.0987991465618172,0.793238299549427,rf_42_cv
3567,2278,Atsitiktinis miskas,0,0,0.515764666536852,0.793238299549427,rf_42_cv
3568,3568,Atsitiktinis miskas,0,0,0.055552886002886,0.793238299549427,rf_42_cv
3574,3574,Atsitiktinis miskas,0,0,0.392075325798586,0.793238299549427,rf_42_cv
3575,3575,Atsitiktinis miskas,0,0,0.0129833399251792,0.793238299549427,rf_42_cv
3580,3580,Atsitiktinis miskas,0,0,0.000828476088206329,0.793238299549427,rf_42_cv
3637,2031,Atsitiktinis miskas,0,0,0.000828476088206329,0.793238299549427,rf_42_cv
3638,2591,Atsitiktinis miskas,0,0,0.00105357955333362,0.793238299549427,rf_42_cv
3667,2003,Atsitiktinis miskas,0,0,0.00606431989963452,0.793238299549427,rf_42_cv
3679,3679,Atsitiktinis miskas,0,0,0.0189518983125074,0.793238299549427,rf_42_cv
3690,3690,Atsitiktinis miskas,0,0,0.0156213924963925,0.793238299549427,rf_42_cv
3696,3696,Atsitiktinis miskas,0,0,0.13941269695649,0.793238299549427,rf_42_cv
3699,3699,Atsitiktinis miskas,0,0,0.0624888167388168,0.793238299549427,rf_42_cv
3702,3702,Atsitiktinis miskas,0,0,0.029467625723039,0.793238299549427,rf_42_cv
3703,3703,Atsitiktinis miskas,0,0,0.105044240342002,0.793238299549427,rf_42_cv
3721,3721,Atsitiktinis miskas,0,0,0.0336298936112339,0.793238299549427,rf_42_cv
3730,3730,Atsitiktinis miskas,0,0,0.134604080652222,0.793238299549427,rf_42_cv
3743,3743,Atsitiktinis miskas,0,0,0.0237409812409812,0.793238299549427,rf_42_cv
3744,3744,Atsitiktinis miskas,0,0,0.00290909090909091,0.793238299549427,rf_42_cv
3751,3751,Atsitiktinis miskas,0,0,0.0288333333333334,0.793238299549427,rf_42_cv
3757,3757,Atsitiktinis miskas,0,0,0.257871718437508,0.793238299549427,rf_42_cv
3762,3762,Atsitiktinis miskas,0,0,0.00196677963760438,0.793238299549427,rf_42_cv
3765,2278,Atsitiktinis miskas,0,0,0.515764666536852,0.793238299549427,rf_42_cv
3770,3770,Atsitiktinis miskas,0,0,0.0519641854792888,0.793238299549427,rf_42_cv
3772,3772,Atsitiktinis miskas,0,0,0.0739675925925926,0.793238299549427,rf_42_cv
3775,3775,Atsitiktinis miskas,0,0,0.0680572390572391,0.793238299549427,rf_42_cv
3776,3776,Atsitiktinis miskas,0,0,0.209282479073501,0.793238299549427,rf_42_cv
3777,3777,Atsitiktinis miskas,0,0,0.130807003530465,0.793238299549427,rf_42_cv
3778,3778,Atsitiktinis miskas,0,0,0.138009864243062,0.793238299549427,rf_42_cv
3779,3779,Atsitiktinis miskas,0,0,0.0525942760942761,0.793238299549427,rf_42_cv
3783,3783,Atsitiktinis miskas,0,0,0.0321388520934669,0.793238299549427,rf_42_cv
3785,3785,Atsitiktinis miskas,0,0,0.00552777777777778,0.793238299549427,rf_42_cv
3790,3790,Atsitiktinis miskas,0,0,0.189433519700911,0.793238299549427,rf_42_cv
3792,3792,Atsitiktinis miskas,0,0,0.0290511777462997,0.793238299549427,rf_42_cv
3793,3793,Atsitiktinis miskas,0,0,0.00472222222222223,0.793238299549427,rf_42_cv
3807,3807,Atsitiktinis miskas,0,0,0.00730439326284455,0.793238299549427,rf_42_cv
3811,3811,Atsitiktinis miskas,0,0,0.198898168323894,0.793238299549427,rf_42_cv
3816,3816,Atsitiktinis miskas,0,0,0.0123769841269841,0.793238299549427,rf_42_cv
3818,3818,Atsitiktinis miskas,0,0,0.0954022496022496,0.793238299549427,rf_42_cv
3822,3822,Atsitiktinis miskas,0,0,0.0981574143250065,0.793238299549427,rf_42_cv
3825,3825,Atsitiktinis miskas,0,0,0,0.793238299549427,rf_42_cv
3828,3828,Atsitiktinis miskas,0,0,0.020106199620446,0.793238299549427,rf_42_cv
3832,3832,Atsitiktinis miskas,0,0,0.0840197167340524,0.793238299549427,rf_42_cv
3841,3841,Atsitiktinis miskas,0,0,0.00838969203500609,0.793238299549427,rf_42_cv
3847,3847,Atsitiktinis miskas,0,0,0.00519221665274297,0.793238299549427,rf_42_cv
3850,3850,Atsitiktinis miskas,0,0,0.134919588037235,0.793238299549427,rf_42_cv
3851,3851,Atsitiktinis miskas,0,0,0.0155062240019867,0.793238299549427,rf_42_cv
3858,3858,Atsitiktinis miskas,0,0,0.0112222222222222,0.793238299549427,rf_42_cv
3874,3874,Atsitiktinis miskas,0,0,0.0166397306397306,0.793238299549427,rf_42_cv
3885,3885,Atsitiktinis miskas,0,0,0.129423013108514,0.793238299549427,rf_42_cv
3888,3888,Atsitiktinis miskas,0,0,0.0770788840788841,0.793238299549427,rf_42_cv
3895,3895,Atsitiktinis miskas,0,0,0.145075824175824,0.793238299549427,rf_42_cv
3900,3900,Atsitiktinis miskas,0,0,0.121996159140086,0.793238299549427,rf_42_cv
3905,3905,Atsitiktinis miskas,0,0,0.236518947638513,0.793238299549427,rf_42_cv
3906,2278,Atsitiktinis miskas,0,0,0.515764666536852,0.793238299549427,rf_42_cv
3907,3907,Atsitiktinis miskas,0,0,0.0300555555555556,0.793238299549427,rf_42_cv
3919,3919,Atsitiktinis miskas,0,0,0.00111111111111111,0.793238299549427,rf_42_cv
3924,3924,Atsitiktinis miskas,0,0,0.00222222222222222,0.793238299549427,rf_42_cv
3933,3933,Atsitiktinis miskas,0,0,0.276022798702312,0.793238299549427,rf_42_cv
3941,3941,Atsitiktinis miskas,0,0,0.0668412698412698,0.793238299549427,rf_42_cv
3943,3943,Atsitiktinis miskas,0,0,0.401831867206867,0.793238299549427,rf_42_cv
3948,3948,Atsitiktinis miskas,0,0,0.0196997508192995,0.793238299549427,rf_42_cv
3955,3955,Atsitiktinis miskas,0,0,0.179629032930868,0.793238299549427,rf_42_cv
3957,3957,Atsitiktinis miskas,0,0,0.0481879628571504,0.793238299549427,rf_42_cv
3960,3960,Atsitiktinis miskas,0,0,0.0106946046231761,0.793238299549427,rf_42_cv
3962,3962,Atsitiktinis miskas,0,0,0.0251768293179485,0.793238299549427,rf_42_cv
3968,3968,Atsitiktinis miskas,0,0,0.0142582179816333,0.793238299549427,rf_42_cv
3978,3978,Atsitiktinis miskas,0,0,0.000827433793213144,0.793238299549427,rf_42_cv
3979,3979,Atsitiktinis miskas,0,0,0.249152914280223,0.793238299549427,rf_42_cv
3983,3983,Atsitiktinis miskas,0,0,0.236321915058056,0.793238299549427,rf_42_cv
3990,3990,Atsitiktinis miskas,0,0,0.00677015250544662,0.793238299549427,rf_42_cv
3997,3997,Atsitiktinis miskas,0,0,0.236916485503947,0.793238299549427,rf_42_cv
3999,3999,Atsitiktinis miskas,0,0,0.120156862745098,0.793238299549427,rf_42_cv
4016,4016,Atsitiktinis miskas,0,0,0.0119107142857143,0.793238299549427,rf_42_cv
4022,4022,Atsitiktinis miskas,0,0,0.000941959489724161,0.793238299549427,rf_42_cv
4027,4027,Atsitiktinis miskas,0,0,0.0840016835016835,0.793238299549427,rf_42_cv
4039,4039,Atsitiktinis miskas,0,0,0.000555555555555556,0.793238299549427,rf_42_cv
4046,4046,Atsitiktinis miskas,0,0,0.211544952289633,0.793238299549427,rf_42_cv
4047,4047,Atsitiktinis miskas,0,0,0.0942662480464178,0.793238299549427,rf_42_cv
4050,4050,Atsitiktinis miskas,0,0,0.0516958235088646,0.793238299549427,rf_42_cv
4051,4051,Atsitiktinis miskas,0,0,0.0405989224628629,0.793238299549427,rf_42_cv
4057,4057,Atsitiktinis miskas,0,0,0.0679316553584199,0.793238299549427,rf_42_cv
4059,4059,Atsitiktinis miskas,0,0,0.108773789522889,0.793238299549427,rf_42_cv
4067,4067,Atsitiktinis miskas,0,0,0.153423969168154,0.793238299549427,rf_42_cv
4068,4068,Atsitiktinis miskas,0,0,0.00864814879895558,0.793238299549427,rf_42_cv
4084,4084,Atsitiktinis miskas,0,0,0.211261549930901,0.793238299549427,rf_42_cv
4086,4086,Atsitiktinis miskas,0,0,0.0454073270783797,0.793238299549427,rf_42_cv
4101,4101,Atsitiktinis miskas,0,0,0.0757724466297579,0.793238299549427,rf_42_cv
4103,4103,Atsitiktinis miskas,0,0,0.0684458366593209,0.793238299549427,rf_42_cv
4104,4104,Atsitiktinis miskas,0,0,0.0250176264397204,0.793238299549427,rf_42_cv
4119,4119,Atsitiktinis miskas,0,0,0.0699790375266887,0.793238299549427,rf_42_cv
4123,4123,Atsitiktinis miskas,0,0,0.589444020005788,0.793238299549427,rf_42_cv
4125,4125,Atsitiktinis miskas,0,0,0.0148334170684532,0.793238299549427,rf_42_cv
4132,4132,Atsitiktinis miskas,0,0,0.0918638052194929,0.793238299549427,rf_42_cv
4136,4136,Atsitiktinis miskas,0,0,0.0385018163761358,0.793238299549427,rf_42_cv
4140,4140,Atsitiktinis miskas,0,0,0.091305747479165,0.793238299549427,rf_42_cv
4142,4142,Atsitiktinis miskas,0,0,0.060669073222023,0.793238299549427,rf_42_cv
4147,4147,Atsitiktinis miskas,0,0,0.121790345815679,0.793238299549427,rf_42_cv
4150,4150,Atsitiktinis miskas,0,0,0.0635706159380792,0.793238299549427,rf_42_cv
4152,4152,Atsitiktinis miskas,0,0,0.333453826934534,0.793238299549427,rf_42_cv
4158,4158,Atsitiktinis miskas,0,0,0.328241817154526,0.793238299549427,rf_42_cv
4164,4164,Atsitiktinis miskas,0,0,0.114153498660245,0.793238299549427,rf_42_cv
4166,4166,Atsitiktinis miskas,0,0,0.194472892470828,0.793238299549427,rf_42_cv
4168,4168,Atsitiktinis miskas,0,0,0.118488843754322,0.793238299549427,rf_42_cv
4169,4169,Atsitiktinis miskas,0,0,0.379163554931099,0.793238299549427,rf_42_cv
4172,4172,Atsitiktinis miskas,0,0,0.184381904374637,0.793238299549427,rf_42_cv
4177,4177,Atsitiktinis miskas,0,0,0.0952151683619699,0.793238299549427,rf_42_cv
4192,4192,Atsitiktinis miskas,0,0,0.0918124743673681,0.793238299549427,rf_42_cv
4195,4195,Atsitiktinis miskas,0,0,0.246480435777004,0.793238299549427,rf_42_cv
4197,4197,Atsitiktinis miskas,0,0,0.229391420298647,0.793238299549427,rf_42_cv
4201,4201,Atsitiktinis miskas,0,0,0.15583996975559,0.793238299549427,rf_42_cv
4207,4207,Atsitiktinis miskas,0,0,0.106888200115249,0.793238299549427,rf_42_cv
4212,4212,Atsitiktinis miskas,0,0,0.0108436668927162,0.793238299549427,rf_42_cv
4213,4213,Atsitiktinis miskas,0,0,0.0404857357357357,0.793238299549427,rf_42_cv
4219,4219,Atsitiktinis miskas,0,0,0.181109303276455,0.793238299549427,rf_42_cv
4223,4223,Atsitiktinis miskas,0,0,0.149617430172444,0.793238299549427,rf_42_cv
4227,4227,Atsitiktinis miskas,0,0,0.15010073156113,0.793238299549427,rf_42_cv
4231,4231,Atsitiktinis miskas,0,0,0.073370451651306,0.793238299549427,rf_42_cv
4232,4232,Atsitiktinis miskas,0,0,0.354282844368577,0.793238299549427,rf_42_cv
4236,4236,Atsitiktinis miskas,0,0,0.00544040799450509,0.793238299549427,rf_42_cv
4246,4246,Atsitiktinis miskas,0,0,0.403416149217981,0.793238299549427,rf_42_cv
4249,4249,Atsitiktinis miskas,0,0,0.142742008888006,0.793238299549427,rf_42_cv
4253,4253,Atsitiktinis miskas,0,0,0.127508617061145,0.793238299549427,rf_42_cv
4256,4256,Atsitiktinis miskas,0,0,0.0494647465900957,0.793238299549427,rf_42_cv
4264,4264,Atsitiktinis miskas,0,0,0.0710566589271982,0.793238299549427,rf_42_cv
4265,4265,Atsitiktinis miskas,0,0,0.225223021173873,0.793238299549427,rf_42_cv
4266,4266,Atsitiktinis miskas,0,0,0.169657520392908,0.793238299549427,rf_42_cv
4269,4269,Atsitiktinis miskas,0,0,0.23108419011902,0.793238299549427,rf_42_cv
4271,4271,Atsitiktinis miskas,0,0,0.181193371460409,0.793238299549427,rf_42_cv
4273,4273,Atsitiktinis miskas,0,0,0.241110593296739,0.793238299549427,rf_42_cv
4277,4277,Atsitiktinis miskas,0,0,0.252725530612342,0.793238299549427,rf_42_cv
4282,4282,Atsitiktinis miskas,0,0,0.440271520796508,0.793238299549427,rf_42_cv
4289,4289,Atsitiktinis miskas,0,1,0.898927777777778,0.793238299549427,rf_42_cv
4291,4291,Atsitiktinis miskas,0,0,0.0255734078336763,0.793238299549427,rf_42_cv
4292,4292,Atsitiktinis miskas,0,0,0.215503116671123,0.793238299549427,rf_42_cv
4294,4294,Atsitiktinis miskas,0,0,0.109284022268224,0.793238299549427,rf_42_cv
4297,4297,Atsitiktinis miskas,0,0,0.0704651247557426,0.793238299549427,rf_42_cv
4303,4303,Atsitiktinis miskas,0,0,0.181931320996345,0.793238299549427,rf_42_cv
4311,4311,Atsitiktinis miskas,0,0,0.543210426947605,0.793238299549427,rf_42_cv
4314,4314,Atsitiktinis miskas,0,0,0.135058982660123,0.793238299549427,rf_42_cv
4315,4315,Atsitiktinis miskas,0,0,0.256251038789052,0.793238299549427,rf_42_cv
4327,4327,Atsitiktinis miskas,0,0,0.382740788451315,0.793238299549427,rf_42_cv
4333,4333,Atsitiktinis miskas,0,0,0.108211505196758,0.793238299549427,rf_42_cv
4338,4338,Atsitiktinis miskas,0,0,0.342257460297548,0.793238299549427,rf_42_cv
4348,4348,Atsitiktinis miskas,0,0,0.306079230107739,0.793238299549427,rf_42_cv
4353,4353,Atsitiktinis miskas,0,0,0.718179894179894,0.793238299549427,rf_42_cv
4354,4354,Atsitiktinis miskas,0,0,0.00879355932559095,0.793238299549427,rf_42_cv
4368,4368,Atsitiktinis miskas,0,0,0.102280966927787,0.793238299549427,rf_42_cv
4371,4371,Atsitiktinis miskas,0,0,0.0327245873990358,0.793238299549427,rf_42_cv
4372,4372,Atsitiktinis miskas,0,0,0.545537877728521,0.793238299549427,rf_42_cv
4373,4373,Atsitiktinis miskas,0,0,0.267987540478845,0.793238299549427,rf_42_cv
4377,4377,Atsitiktinis miskas,0,0,0.0409801140646109,0.793238299549427,rf_42_cv
4382,4382,Atsitiktinis miskas,0,0,0.0893088304787974,0.793238299549427,rf_42_cv
4392,4392,Atsitiktinis miskas,0,0,0.684281200346221,0.793238299549427,rf_42_cv
4393,4393,Atsitiktinis miskas,0,0,0.317651436670791,0.793238299549427,rf_42_cv
4400,4400,Atsitiktinis miskas,0,0,0.290609024028012,0.793238299549427,rf_42_cv
4402,4402,Atsitiktinis miskas,0,0,0.265728127428127,0.793238299549427,rf_42_cv
4412,4412,Atsitiktinis miskas,0,0,0.236729560896351,0.793238299549427,rf_42_cv
4419,4419,Atsitiktinis miskas,0,0,0.0547936507936508,0.793238299549427,rf_42_cv
4424,4424,Atsitiktinis miskas,0,0,0.368648343417956,0.793238299549427,rf_42_cv
4426,4426,Atsitiktinis miskas,0,0,0.148201405698935,0.793238299549427,rf_42_cv
4430,4430,Atsitiktinis miskas,0,0,0.399111256677046,0.793238299549427,rf_42_cv
4436,4436,Atsitiktinis miskas,0,0,0.417720754993201,0.793238299549427,rf_42_cv
4451,4451,Atsitiktinis miskas,0,0,0.0588160555131143,0.793238299549427,rf_42_cv
4453,4453,Atsitiktinis miskas,0,0,0.398508542525795,0.793238299549427,rf_42_cv
4460,4460,Atsitiktinis miskas,0,0,0.27222723475355,0.793238299549427,rf_42_cv
4463,4463,Atsitiktinis miskas,0,0,0.373841708311887,0.793238299549427,rf_42_cv
4476,4476,Atsitiktinis miskas,0,0,0.0268612194364748,0.793238299549427,rf_42_cv
4481,4481,Atsitiktinis miskas,0,0,0.413862346083582,0.793238299549427,rf_42_cv
4497,4497,Atsitiktinis miskas,0,0,0.0224161375212045,0.793238299549427,rf_42_cv
4508,4508,Atsitiktinis miskas,0,0,0.0297799439636212,0.793238299549427,rf_42_cv
4520,4520,Atsitiktinis miskas,0,0,0.235550793650794,0.793238299549427,rf_42_cv
4526,4526,Atsitiktinis miskas,0,0,0.0168613154847061,0.793238299549427,rf_42_cv
4535,4535,Atsitiktinis miskas,0,0,0.162343482347072,0.793238299549427,rf_42_cv
4539,4539,Atsitiktinis miskas,0,0,0.204962039120884,0.793238299549427,rf_42_cv
4545,4545,Atsitiktinis miskas,0,0,0.00862924510889627,0.793238299549427,rf_42_cv
4546,4546,Atsitiktinis miskas,0,0,0.00388084946710847,0.793238299549427,rf_42_cv
4555,4555,Atsitiktinis miskas,0,0,0.141977874809417,0.793238299549427,rf_42_cv
4566,4566,Atsitiktinis miskas,0,0,0.0360810245310245,0.793238299549427,rf_42_cv
4567,4567,Atsitiktinis miskas,0,0,0.0354092658803185,0.793238299549427,rf_42_cv
4568,4568,Atsitiktinis miskas,0,0,0.0619502164502165,0.793238299549427,rf_42_cv
4569,4569,Atsitiktinis miskas,0,0,0.107186210803229,0.793238299549427,rf_42_cv
4588,4588,Atsitiktinis miskas,0,0,0.0064362075090626,0.793238299549427,rf_42_cv
4589,4589,Atsitiktinis miskas,0,0,0.0387573478395788,0.793238299549427,rf_42_cv
4591,4591,Atsitiktinis miskas,0,0,0.0430748466360881,0.793238299549427,rf_42_cv
4600,4600,Atsitiktinis miskas,0,0,0.0684769299392207,0.793238299549427,rf_42_cv
2,2,HCVR-RF,1,1,0.980222222222222,0.798298890958389,hcvr_rf_42_cv
4,4,HCVR-RF,1,1,0.941550059986842,0.798298890958389,hcvr_rf_42_cv
10,10,HCVR-RF,1,0,0.711380608368904,0.798298890958389,hcvr_rf_42_cv
12,12,HCVR-RF,1,1,0.989727284788559,0.798298890958389,hcvr_rf_42_cv
13,13,HCVR-RF,1,0,0.666738009089783,0.798298890958389,hcvr_rf_42_cv
17,17,HCVR-RF,1,1,0.958824954275934,0.798298890958389,hcvr_rf_42_cv
22,22,HCVR-RF,1,1,0.925514249786713,0.798298890958389,hcvr_rf_42_cv
24,24,HCVR-RF,1,1,0.936867881800433,0.798298890958389,hcvr_rf_42_cv
25,25,HCVR-RF,1,1,0.928188405797101,0.798298890958389,hcvr_rf_42_cv
26,24,HCVR-RF,1,1,0.936867881800433,0.798298890958389,hcvr_rf_42_cv
32,32,HCVR-RF,1,1,0.820432157683426,0.798298890958389,hcvr_rf_42_cv
33,33,HCVR-RF,1,0,0.198323296119202,0.798298890958389,hcvr_rf_42_cv
48,48,HCVR-RF,1,1,1,0.798298890958389,hcvr_rf_42_cv
51,51,HCVR-RF,1,1,0.989738095238095,0.798298890958389,hcvr_rf_42_cv
54,54,HCVR-RF,1,1,0.986404761904762,0.798298890958389,hcvr_rf_42_cv
67,67,HCVR-RF,1,0,0.551851706182394,0.798298890958389,hcvr_rf_42_cv
68,68,HCVR-RF,1,1,0.964048821548821,0.798298890958389,hcvr_rf_42_cv
70,70,HCVR-RF,1,1,0.970667376784686,0.798298890958389,hcvr_rf_42_cv
72,72,HCVR-RF,1,1,0.986917760979035,0.798298890958389,hcvr_rf_42_cv
73,73,HCVR-RF,1,1,0.969052834105465,0.798298890958389,hcvr_rf_42_cv
76,76,HCVR-RF,1,0,0.681915621234249,0.798298890958389,hcvr_rf_42_cv
79,79,HCVR-RF,1,0,0.214736622444293,0.798298890958389,hcvr_rf_42_cv
89,89,HCVR-RF,1,0,0.375996471429849,0.798298890958389,hcvr_rf_42_cv
92,92,HCVR-RF,1,1,1,0.798298890958389,hcvr_rf_42_cv
93,93,HCVR-RF,1,1,1,0.798298890958389,hcvr_rf_42_cv
97,97,HCVR-RF,1,1,0.917245913100665,0.798298890958389,hcvr_rf_42_cv
101,101,HCVR-RF,1,0,0.663168442883226,0.798298890958389,hcvr_rf_42_cv
103,101,HCVR-RF,1,0,0.663168442883226,0.798298890958389,hcvr_rf_42_cv
105,101,HCVR-RF,1,0,0.663168442883226,0.798298890958389,hcvr_rf_42_cv
107,107,HCVR-RF,1,0,0.632066844953361,0.798298890958389,hcvr_rf_42_cv
109,109,HCVR-RF,1,0,0.656517900468552,0.798298890958389,hcvr_rf_42_cv
125,125,HCVR-RF,1,1,0.869349206349206,0.798298890958389,hcvr_rf_42_cv
133,133,HCVR-RF,1,1,0.929803418803419,0.798298890958389,hcvr_rf_42_cv
148,148,HCVR-RF,1,0,0.791194232022841,0.798298890958389,hcvr_rf_42_cv
159,159,HCVR-RF,1,0,0.712397461658124,0.798298890958389,hcvr_rf_42_cv
163,163,HCVR-RF,1,0,0.745504840683456,0.798298890958389,hcvr_rf_42_cv
167,167,HCVR-RF,1,1,0.98622728478856,0.798298890958389,hcvr_rf_42_cv
170,170,HCVR-RF,1,1,0.858869943676395,0.798298890958389,hcvr_rf_42_cv
176,176,HCVR-RF,1,0,0.0791060657416342,0.798298890958389,hcvr_rf_42_cv
177,177,HCVR-RF,1,1,0.979324561403508,0.798298890958389,hcvr_rf_42_cv
180,180,HCVR-RF,1,1,0.998888888888889,0.798298890958389,hcvr_rf_42_cv
184,184,HCVR-RF,1,0,0.049484301444447,0.798298890958389,hcvr_rf_42_cv
187,187,HCVR-RF,1,1,0.82143542153887,0.798298890958389,hcvr_rf_42_cv
192,192,HCVR-RF,1,0,0.774257841463699,0.798298890958389,hcvr_rf_42_cv
193,193,HCVR-RF,1,1,0.981785714285715,0.798298890958389,hcvr_rf_42_cv
199,199,HCVR-RF,1,0,0.785708163344129,0.798298890958389,hcvr_rf_42_cv
207,207,HCVR-RF,1,1,0.956703914141414,0.798298890958389,hcvr_rf_42_cv
208,208,HCVR-RF,1,1,0.900830925490896,0.798298890958389,hcvr_rf_42_cv
209,209,HCVR-RF,1,1,0.967888888888889,0.798298890958389,hcvr_rf_42_cv
211,211,HCVR-RF,1,0,0.764847825052335,0.798298890958389,hcvr_rf_42_cv
214,214,HCVR-RF,1,0,0.657718341784199,0.798298890958389,hcvr_rf_42_cv
222,222,HCVR-RF,1,1,0.971,0.798298890958389,hcvr_rf_42_cv
229,229,HCVR-RF,1,1,0.887776728145149,0.798298890958389,hcvr_rf_42_cv
234,234,HCVR-RF,1,1,0.959184437543133,0.798298890958389,hcvr_rf_42_cv
238,238,HCVR-RF,1,1,0.978848653229408,0.798298890958389,hcvr_rf_42_cv
245,245,HCVR-RF,1,1,0.924925815050176,0.798298890958389,hcvr_rf_42_cv
250,250,HCVR-RF,1,0,0.00641260264789677,0.798298890958389,hcvr_rf_42_cv
252,252,HCVR-RF,1,1,0.990333333333333,0.798298890958389,hcvr_rf_42_cv
258,258,HCVR-RF,1,1,0.978570175438596,0.798298890958389,hcvr_rf_42_cv
260,260,HCVR-RF,1,1,0.978570175438596,0.798298890958389,hcvr_rf_42_cv
262,262,HCVR-RF,1,0,0.669312797014552,0.798298890958389,hcvr_rf_42_cv
271,271,HCVR-RF,1,1,0.880582767112114,0.798298890958389,hcvr_rf_42_cv
290,290,HCVR-RF,1,1,0.88427845463715,0.798298890958389,hcvr_rf_42_cv
294,294,HCVR-RF,1,0,0.332056823962088,0.798298890958389,hcvr_rf_42_cv
302,302,HCVR-RF,1,1,0.967272366522367,0.798298890958389,hcvr_rf_42_cv
303,303,HCVR-RF,1,1,0.997632850241546,0.798298890958389,hcvr_rf_42_cv
317,317,HCVR-RF,1,1,0.989170840257525,0.798298890958389,hcvr_rf_42_cv
321,321,HCVR-RF,1,0,0.498386550573911,0.798298890958389,hcvr_rf_42_cv
324,321,HCVR-RF,1,0,0.498386550573911,0.798298890958389,hcvr_rf_42_cv
329,329,HCVR-RF,1,0,0.714936507936508,0.798298890958389,hcvr_rf_42_cv
337,337,HCVR-RF,1,1,0.837820648126598,0.798298890958389,hcvr_rf_42_cv
340,340,HCVR-RF,1,1,0.999927536231884,0.798298890958389,hcvr_rf_42_cv
345,345,HCVR-RF,1,0,0.63015737040737,0.798298890958389,hcvr_rf_42_cv
346,337,HCVR-RF,1,1,0.837820648126598,0.798298890958389,hcvr_rf_42_cv
349,337,HCVR-RF,1,1,0.837820648126598,0.798298890958389,hcvr_rf_42_cv
351,351,HCVR-RF,1,0,0.00907209348385819,0.798298890958389,hcvr_rf_42_cv
357,357,HCVR-RF,1,0,0.678966651787008,0.798298890958389,hcvr_rf_42_cv
359,359,HCVR-RF,1,0,0.749444341706339,0.798298890958389,hcvr_rf_42_cv
361,361,HCVR-RF,1,0,0.770944626997853,0.798298890958389,hcvr_rf_42_cv
364,364,HCVR-RF,1,0,0.025595086707943,0.798298890958389,hcvr_rf_42_cv
370,359,HCVR-RF,1,0,0.749444341706339,0.798298890958389,hcvr_rf_42_cv
372,372,HCVR-RF,1,1,0.908957515719437,0.798298890958389,hcvr_rf_42_cv
379,317,HCVR-RF,1,1,0.989170840257525,0.798298890958389,hcvr_rf_42_cv
383,383,HCVR-RF,1,1,0.815138525960354,0.798298890958389,hcvr_rf_42_cv
392,392,HCVR-RF,1,1,0.967774663751408,0.798298890958389,hcvr_rf_42_cv
397,397,HCVR-RF,1,1,0.947105884747061,0.798298890958389,hcvr_rf_42_cv
398,398,HCVR-RF,1,1,0.974166666666667,0.798298890958389,hcvr_rf_42_cv
402,402,HCVR-RF,1,0,0.757154106997674,0.798298890958389,hcvr_rf_42_cv
405,405,HCVR-RF,1,1,0.992444444444445,0.798298890958389,hcvr_rf_42_cv
408,408,HCVR-RF,1,1,0.817989125892388,0.798298890958389,hcvr_rf_42_cv
409,409,HCVR-RF,1,1,0.831617485853412,0.798298890958389,hcvr_rf_42_cv
414,414,HCVR-RF,1,1,0.98270987654321,0.798298890958389,hcvr_rf_42_cv
417,417,HCVR-RF,1,1,0.977723765432099,0.798298890958389,hcvr_rf_42_cv
418,418,HCVR-RF,1,1,0.971378994190269,0.798298890958389,hcvr_rf_42_cv
428,428,HCVR-RF,1,1,0.954226190476191,0.798298890958389,hcvr_rf_42_cv
436,436,HCVR-RF,1,1,0.826680563272028,0.798298890958389,hcvr_rf_42_cv
437,437,HCVR-RF,1,0,0.690805402193083,0.798298890958389,hcvr_rf_42_cv
442,442,HCVR-RF,1,1,0.987222222222223,0.798298890958389,hcvr_rf_42_cv
450,450,HCVR-RF,1,1,0.849525787832239,0.798298890958389,hcvr_rf_42_cv
453,453,HCVR-RF,1,0,0.492759123700083,0.798298890958389,hcvr_rf_42_cv
465,465,HCVR-RF,1,1,0.987111111111112,0.798298890958389,hcvr_rf_42_cv
482,482,HCVR-RF,1,1,0.916555555555556,0.798298890958389,hcvr_rf_42_cv
484,484,HCVR-RF,1,1,0.995555555555556,0.798298890958389,hcvr_rf_42_cv
486,486,HCVR-RF,1,1,0.995555555555556,0.798298890958389,hcvr_rf_42_cv
487,487,HCVR-RF,1,1,0.921164864517806,0.798298890958389,hcvr_rf_42_cv
490,490,HCVR-RF,1,1,0.83772653595328,0.798298890958389,hcvr_rf_42_cv
491,491,HCVR-RF,1,1,0.987166666666667,0.798298890958389,hcvr_rf_42_cv
492,486,HCVR-RF,1,1,0.995555555555556,0.798298890958389,hcvr_rf_42_cv
496,496,HCVR-RF,1,0,0.147907060976929,0.798298890958389,hcvr_rf_42_cv
498,498,HCVR-RF,1,1,0.998888888888889,0.798298890958389,hcvr_rf_42_cv
512,512,HCVR-RF,1,1,0.97724358974359,0.798298890958389,hcvr_rf_42_cv
516,516,HCVR-RF,1,1,0.963166666666667,0.798298890958389,hcvr_rf_42_cv
531,531,HCVR-RF,1,1,0.980989884842826,0.798298890958389,hcvr_rf_42_cv
544,544,HCVR-RF,1,0,0.757155377302436,0.798298890958389,hcvr_rf_42_cv
550,550,HCVR-RF,1,0,0.660783414902004,0.798298890958389,hcvr_rf_42_cv
553,553,HCVR-RF,1,0,0.609387277116701,0.798298890958389,hcvr_rf_42_cv
556,556,HCVR-RF,1,1,0.953592592592592,0.798298890958389,hcvr_rf_42_cv
565,565,HCVR-RF,1,1,0.941088705900987,0.798298890958389,hcvr_rf_42_cv
567,567,HCVR-RF,1,0,0.66820947061591,0.798298890958389,hcvr_rf_42_cv
578,567,HCVR-RF,1,0,0.66820947061591,0.798298890958389,hcvr_rf_42_cv
593,593,HCVR-RF,1,1,0.850776014109348,0.798298890958389,hcvr_rf_42_cv
596,596,HCVR-RF,1,0,0.343449420607147,0.798298890958389,hcvr_rf_42_cv
602,602,HCVR-RF,1,0,0.476498256373256,0.798298890958389,hcvr_rf_42_cv
607,607,HCVR-RF,1,1,0.940336867810551,0.798298890958389,hcvr_rf_42_cv
610,610,HCVR-RF,1,1,0.965,0.798298890958389,hcvr_rf_42_cv
613,610,HCVR-RF,1,1,0.965,0.798298890958389,hcvr_rf_42_cv
615,615,HCVR-RF,1,1,0.895896825396825,0.798298890958389,hcvr_rf_42_cv
617,596,HCVR-RF,1,0,0.343449420607147,0.798298890958389,hcvr_rf_42_cv
634,634,HCVR-RF,1,1,0.968880952380952,0.798298890958389,hcvr_rf_42_cv
635,635,HCVR-RF,1,1,0.981554920116195,0.798298890958389,hcvr_rf_42_cv
644,644,HCVR-RF,1,1,0.815344874645081,0.798298890958389,hcvr_rf_42_cv
647,647,HCVR-RF,1,1,0.951262462095486,0.798298890958389,hcvr_rf_42_cv
652,652,HCVR-RF,1,1,0.982378713606655,0.798298890958389,hcvr_rf_42_cv
656,656,HCVR-RF,1,1,0.979840277777778,0.798298890958389,hcvr_rf_42_cv
659,659,HCVR-RF,1,0,0.746468724592528,0.798298890958389,hcvr_rf_42_cv
661,661,HCVR-RF,1,0,0.0999699024754385,0.798298890958389,hcvr_rf_42_cv
670,670,HCVR-RF,1,1,0.877415290041915,0.798298890958389,hcvr_rf_42_cv
675,675,HCVR-RF,1,0,0.552065176097465,0.798298890958389,hcvr_rf_42_cv
683,683,HCVR-RF,1,1,0.915738997113997,0.798298890958389,hcvr_rf_42_cv
686,686,HCVR-RF,1,1,1,0.798298890958389,hcvr_rf_42_cv
687,687,HCVR-RF,1,1,0.996666666666667,0.798298890958389,hcvr_rf_42_cv
692,670,HCVR-RF,1,1,0.877415290041915,0.798298890958389,hcvr_rf_42_cv
693,693,HCVR-RF,1,1,0.915462955273268,0.798298890958389,hcvr_rf_42_cv
695,695,HCVR-RF,1,1,0.990773809523809,0.798298890958389,hcvr_rf_42_cv
698,695,HCVR-RF,1,1,0.990773809523809,0.798298890958389,hcvr_rf_42_cv
701,701,HCVR-RF,1,0,0.430821700516093,0.798298890958389,hcvr_rf_42_cv
717,717,HCVR-RF,1,1,0.984222222222223,0.798298890958389,hcvr_rf_42_cv
718,718,HCVR-RF,1,1,0.992692597328787,0.798298890958389,hcvr_rf_42_cv
720,720,HCVR-RF,1,1,0.972083333333334,0.798298890958389,hcvr_rf_42_cv
722,695,HCVR-RF,1,1,0.990773809523809,0.798298890958389,hcvr_rf_42_cv
723,723,HCVR-RF,1,1,1,0.798298890958389,hcvr_rf_42_cv
726,726,HCVR-RF,1,1,0.957652481505423,0.798298890958389,hcvr_rf_42_cv
729,729,HCVR-RF,1,1,0.93751350598719,0.798298890958389,hcvr_rf_42_cv
732,732,HCVR-RF,1,1,0.994444444444445,0.798298890958389,hcvr_rf_42_cv
735,735,HCVR-RF,1,1,0.958138379594262,0.798298890958389,hcvr_rf_42_cv
736,736,HCVR-RF,1,0,0.77694818463784,0.798298890958389,hcvr_rf_42_cv
737,737,HCVR-RF,1,0,0.740708941267111,0.798298890958389,hcvr_rf_42_cv
748,748,HCVR-RF,1,1,0.838334593927475,0.798298890958389,hcvr_rf_42_cv
749,749,HCVR-RF,1,1,0.908217585046532,0.798298890958389,hcvr_rf_42_cv
751,751,HCVR-RF,1,0,0.618149992465096,0.798298890958389,hcvr_rf_42_cv
752,752,HCVR-RF,1,1,0.995595238095237,0.798298890958389,hcvr_rf_42_cv
754,754,HCVR-RF,1,1,0.958468253968253,0.798298890958389,hcvr_rf_42_cv
755,755,HCVR-RF,1,1,0.92613492063492,0.798298890958389,hcvr_rf_42_cv
764,764,HCVR-RF,1,0,0.783752495890888,0.798298890958389,hcvr_rf_42_cv
769,769,HCVR-RF,1,1,0.997010869565217,0.798298890958389,hcvr_rf_42_cv
782,782,HCVR-RF,1,1,0.993419191919192,0.798298890958389,hcvr_rf_42_cv
783,783,HCVR-RF,1,1,0.851331569664902,0.798298890958389,hcvr_rf_42_cv
787,787,HCVR-RF,1,1,0.993696969696969,0.798298890958389,hcvr_rf_42_cv
788,787,HCVR-RF,1,1,0.993696969696969,0.798298890958389,hcvr_rf_42_cv
797,797,HCVR-RF,1,1,0.991388888888889,0.798298890958389,hcvr_rf_42_cv
799,799,HCVR-RF,1,1,0.904140476190476,0.798298890958389,hcvr_rf_42_cv
800,800,HCVR-RF,1,1,0.97905753968254,0.798298890958389,hcvr_rf_42_cv
803,803,HCVR-RF,1,0,0.590692799890211,0.798298890958389,hcvr_rf_42_cv
813,813,HCVR-RF,1,0,0.714280364365922,0.798298890958389,hcvr_rf_42_cv
815,815,HCVR-RF,1,1,0.845727242435808,0.798298890958389,hcvr_rf_42_cv
824,824,HCVR-RF,1,1,0.869718228135257,0.798298890958389,hcvr_rf_42_cv
827,827,HCVR-RF,1,1,0.866337295661518,0.798298890958389,hcvr_rf_42_cv
834,834,HCVR-RF,1,1,0.951882478632478,0.798298890958389,hcvr_rf_42_cv
838,838,HCVR-RF,1,1,0.922307200109831,0.798298890958389,hcvr_rf_42_cv
842,842,HCVR-RF,1,1,0.995555555555556,0.798298890958389,hcvr_rf_42_cv
846,846,HCVR-RF,1,0,0.49327838933242,0.798298890958389,hcvr_rf_42_cv
847,847,HCVR-RF,1,1,0.996031746031746,0.798298890958389,hcvr_rf_42_cv
853,853,HCVR-RF,1,1,0.908698634399545,0.798298890958389,hcvr_rf_42_cv
859,859,HCVR-RF,1,1,0.995555555555556,0.798298890958389,hcvr_rf_42_cv
862,862,HCVR-RF,1,1,0.984055555555556,0.798298890958389,hcvr_rf_42_cv
870,870,HCVR-RF,1,0,0.420117965367965,0.798298890958389,hcvr_rf_42_cv
872,872,HCVR-RF,1,1,0.998962962962963,0.798298890958389,hcvr_rf_42_cv
879,879,HCVR-RF,1,1,0.996771390374332,0.798298890958389,hcvr_rf_42_cv
881,881,HCVR-RF,1,1,0.994166666666667,0.798298890958389,hcvr_rf_42_cv
891,891,HCVR-RF,1,1,0.842062302313593,0.798298890958389,hcvr_rf_42_cv
903,903,HCVR-RF,1,0,0.641359991412363,0.798298890958389,hcvr_rf_42_cv
909,909,HCVR-RF,1,1,0.840435755850617,0.798298890958389,hcvr_rf_42_cv
911,911,HCVR-RF,1,1,0.95834126984127,0.798298890958389,hcvr_rf_42_cv
923,923,HCVR-RF,1,1,0.942634364002011,0.798298890958389,hcvr_rf_42_cv
927,927,HCVR-RF,1,1,0.942806772018969,0.798298890958389,hcvr_rf_42_cv
934,934,HCVR-RF,1,1,0.947349963417806,0.798298890958389,hcvr_rf_42_cv
935,935,HCVR-RF,1,0,0.79278488207126,0.798298890958389,hcvr_rf_42_cv
937,937,HCVR-RF,1,1,0.949402410970254,0.798298890958389,hcvr_rf_42_cv
965,965,HCVR-RF,1,1,0.908854537437871,0.798298890958389,hcvr_rf_42_cv
966,966,HCVR-RF,1,0,0.695717221536523,0.798298890958389,hcvr_rf_42_cv
975,975,HCVR-RF,1,1,0.935760452510453,0.798298890958389,hcvr_rf_42_cv
982,982,HCVR-RF,1,1,0.965050144300143,0.798298890958389,hcvr_rf_42_cv
989,989,HCVR-RF,1,1,0.956544117647059,0.798298890958389,hcvr_rf_42_cv
993,993,HCVR-RF,1,1,0.909451935319582,0.798298890958389,hcvr_rf_42_cv
1010,1010,HCVR-RF,1,1,0.951124591503268,0.798298890958389,hcvr_rf_42_cv
1025,695,HCVR-RF,1,1,0.990773809523809,0.798298890958389,hcvr_rf_42_cv
1033,1033,HCVR-RF,1,1,0.995955314009663,0.798298890958389,hcvr_rf_42_cv
1037,1037,HCVR-RF,1,1,0.815389015770799,0.798298890958389,hcvr_rf_42_cv
1054,1054,HCVR-RF,1,1,0.995677536231884,0.798298890958389,hcvr_rf_42_cv
1066,1066,HCVR-RF,1,1,0.895936410219744,0.798298890958389,hcvr_rf_42_cv
1073,1073,HCVR-RF,1,1,0.821182384064737,0.798298890958389,hcvr_rf_42_cv
1074,1074,HCVR-RF,1,1,0.981070875451629,0.798298890958389,hcvr_rf_42_cv
1079,1079,HCVR-RF,1,1,0.979959764340518,0.798298890958389,hcvr_rf_42_cv
1095,1095,HCVR-RF,1,1,0.992690018315018,0.798298890958389,hcvr_rf_42_cv
1098,1098,HCVR-RF,1,1,0.951937593270927,0.798298890958389,hcvr_rf_42_cv
1100,1100,HCVR-RF,1,0,0.632698002243545,0.798298890958389,hcvr_rf_42_cv
1105,1105,HCVR-RF,1,0,0.629772118204007,0.798298890958389,hcvr_rf_42_cv
1107,1107,HCVR-RF,1,0,0.796268561972924,0.798298890958389,hcvr_rf_42_cv
1108,1108,HCVR-RF,1,1,0.945833333333333,0.798298890958389,hcvr_rf_42_cv
1113,891,HCVR-RF,1,1,0.842062302313593,0.798298890958389,hcvr_rf_42_cv
1119,1119,HCVR-RF,1,1,0.943222222222222,0.798298890958389,hcvr_rf_42_cv
1120,1120,HCVR-RF,1,0,0.717756078741146,0.798298890958389,hcvr_rf_42_cv
1131,1131,HCVR-RF,1,1,0.957779188800609,0.798298890958389,hcvr_rf_42_cv
1132,1132,HCVR-RF,1,1,0.957445855467275,0.798298890958389,hcvr_rf_42_cv
1133,1095,HCVR-RF,1,1,0.992690018315018,0.798298890958389,hcvr_rf_42_cv
1135,1135,HCVR-RF,1,1,0.90349223539545,0.798298890958389,hcvr_rf_42_cv
1142,1142,HCVR-RF,1,1,0.895731022553724,0.798298890958389,hcvr_rf_42_cv
1143,1143,HCVR-RF,1,0,0.727342853825612,0.798298890958389,hcvr_rf_42_cv
1144,1144,HCVR-RF,1,1,0.991488562091504,0.798298890958389,hcvr_rf_42_cv
1146,1146,HCVR-RF,1,0,0.702104729077492,0.798298890958389,hcvr_rf_42_cv
1178,1178,HCVR-RF,1,0,0.652097369463469,0.798298890958389,hcvr_rf_42_cv
1181,1181,HCVR-RF,1,1,0.975447800065109,0.798298890958389,hcvr_rf_42_cv
1184,1184,HCVR-RF,1,1,0.9128588664422,0.798298890958389,hcvr_rf_42_cv
1189,1189,HCVR-RF,1,1,0.933244825971789,0.798298890958389,hcvr_rf_42_cv
1193,1193,HCVR-RF,1,1,0.99465522875817,0.798298890958389,hcvr_rf_42_cv
1202,695,HCVR-RF,1,1,0.990773809523809,0.798298890958389,hcvr_rf_42_cv
1206,1206,HCVR-RF,1,1,0.889300872300873,0.798298890958389,hcvr_rf_42_cv
1210,1210,HCVR-RF,1,1,0.807301448064605,0.798298890958389,hcvr_rf_42_cv
1213,1213,HCVR-RF,1,1,0.886700691292796,0.798298890958389,hcvr_rf_42_cv
1217,1217,HCVR-RF,1,1,0.861610869630503,0.798298890958389,hcvr_rf_42_cv
1218,1218,HCVR-RF,1,1,1,0.798298890958389,hcvr_rf_42_cv
1227,1227,HCVR-RF,1,1,0.886932185432185,0.798298890958389,hcvr_rf_42_cv
1229,1229,HCVR-RF,1,1,0.990166666666667,0.798298890958389,hcvr_rf_42_cv
1230,1227,HCVR-RF,1,1,0.886932185432185,0.798298890958389,hcvr_rf_42_cv
1231,1231,HCVR-RF,1,1,0.957951549282071,0.798298890958389,hcvr_rf_42_cv
1239,1239,HCVR-RF,1,0,0.371783044167869,0.798298890958389,hcvr_rf_42_cv
1241,1241,HCVR-RF,1,1,0.980029883333805,0.798298890958389,hcvr_rf_42_cv
1242,1241,HCVR-RF,1,1,0.980029883333805,0.798298890958389,hcvr_rf_42_cv
1246,1246,HCVR-RF,1,0,0.595968035668036,0.798298890958389,hcvr_rf_42_cv
1249,1249,HCVR-RF,1,1,0.978966666666667,0.798298890958389,hcvr_rf_42_cv
1250,1250,HCVR-RF,1,1,0.982022222222222,0.798298890958389,hcvr_rf_42_cv
1251,1249,HCVR-RF,1,1,0.978966666666667,0.798298890958389,hcvr_rf_42_cv
1254,1254,HCVR-RF,1,1,0.87165323270374,0.798298890958389,hcvr_rf_42_cv
1266,695,HCVR-RF,1,1,0.990773809523809,0.798298890958389,hcvr_rf_42_cv
1268,695,HCVR-RF,1,1,0.990773809523809,0.798298890958389,hcvr_rf_42_cv
1269,1269,HCVR-RF,1,1,0.939166666666667,0.798298890958389,hcvr_rf_42_cv
1272,1272,HCVR-RF,1,1,0.997010869565217,0.798298890958389,hcvr_rf_42_cv
1281,1281,HCVR-RF,1,0,0.541106626084315,0.798298890958389,hcvr_rf_42_cv
1283,1272,HCVR-RF,1,1,0.997010869565217,0.798298890958389,hcvr_rf_42_cv
1286,1286,HCVR-RF,1,1,0.926730158730158,0.798298890958389,hcvr_rf_42_cv
1288,1288,HCVR-RF,1,1,0.991666666666667,0.798298890958389,hcvr_rf_42_cv
1291,1291,HCVR-RF,1,1,0.891030115280115,0.798298890958389,hcvr_rf_42_cv
1294,1294,HCVR-RF,1,0,0.713586958768976,0.798298890958389,hcvr_rf_42_cv
1295,1295,HCVR-RF,1,1,0.939325236286873,0.798298890958389,hcvr_rf_42_cv
1301,1301,HCVR-RF,1,1,0.986509414538763,0.798298890958389,hcvr_rf_42_cv
1306,1306,HCVR-RF,1,1,0.993833333333333,0.798298890958389,hcvr_rf_42_cv
1311,1311,HCVR-RF,1,1,0.839274001815178,0.798298890958389,hcvr_rf_42_cv
1314,1314,HCVR-RF,1,1,0.996666666666667,0.798298890958389,hcvr_rf_42_cv
1320,1320,HCVR-RF,1,1,0.997222222222222,0.798298890958389,hcvr_rf_42_cv
1337,1337,HCVR-RF,1,1,0.851794669536956,0.798298890958389,hcvr_rf_42_cv
1338,1338,HCVR-RF,1,1,0.970601851851852,0.798298890958389,hcvr_rf_42_cv
1342,1342,HCVR-RF,1,1,0.860601057946182,0.798298890958389,hcvr_rf_42_cv
1343,1343,HCVR-RF,1,0,0.718816093004879,0.798298890958389,hcvr_rf_42_cv
1356,842,HCVR-RF,1,1,0.995555555555556,0.798298890958389,hcvr_rf_42_cv
1359,842,HCVR-RF,1,1,0.995555555555556,0.798298890958389,hcvr_rf_42_cv
1361,1361,HCVR-RF,1,1,0.996,0.798298890958389,hcvr_rf_42_cv
1369,1369,HCVR-RF,1,1,0.907691097144349,0.798298890958389,hcvr_rf_42_cv
1371,1371,HCVR-RF,1,1,0.991615835401703,0.798298890958389,hcvr_rf_42_cv
1375,1375,HCVR-RF,1,1,0.972475741578683,0.798298890958389,hcvr_rf_42_cv
1377,1377,HCVR-RF,1,1,0.920445243073609,0.798298890958389,hcvr_rf_42_cv
1382,1382,HCVR-RF,1,0,0.191009567880555,0.798298890958389,hcvr_rf_42_cv
1389,1389,HCVR-RF,1,0,0.505429441701831,0.798298890958389,hcvr_rf_42_cv
1397,1397,HCVR-RF,1,1,0.890569400352734,0.798298890958389,hcvr_rf_42_cv
1399,1399,HCVR-RF,1,0,0.377049672186296,0.798298890958389,hcvr_rf_42_cv
1409,1409,HCVR-RF,1,1,0.84369607049961,0.798298890958389,hcvr_rf_42_cv
1419,1419,HCVR-RF,1,1,0.933164495341236,0.798298890958389,hcvr_rf_42_cv
1422,1422,HCVR-RF,1,0,0.657619938118501,0.798298890958389,hcvr_rf_42_cv
1427,1427,HCVR-RF,1,1,0.95615522875817,0.798298890958389,hcvr_rf_42_cv
1428,1361,HCVR-RF,1,1,0.996,0.798298890958389,hcvr_rf_42_cv
1436,1436,HCVR-RF,1,1,0.834156565656565,0.798298890958389,hcvr_rf_42_cv
1440,1440,HCVR-RF,1,1,0.880867903844648,0.798298890958389,hcvr_rf_42_cv
1441,1441,HCVR-RF,1,1,0.864588702147526,0.798298890958389,hcvr_rf_42_cv
1444,1444,HCVR-RF,1,1,0.986277777777777,0.798298890958389,hcvr_rf_42_cv
1446,1446,HCVR-RF,1,0,0.623075890727511,0.798298890958389,hcvr_rf_42_cv
1453,1453,HCVR-RF,1,0,0.771885582010582,0.798298890958389,hcvr_rf_42_cv
1456,1456,HCVR-RF,1,0,0.691522979834255,0.798298890958389,hcvr_rf_42_cv
1459,1459,HCVR-RF,1,1,0.875292602727385,0.798298890958389,hcvr_rf_42_cv
1463,1463,HCVR-RF,1,0,0.500808777492914,0.798298890958389,hcvr_rf_42_cv
1467,1467,HCVR-RF,1,1,0.969,0.798298890958389,hcvr_rf_42_cv
1469,1469,HCVR-RF,1,1,0.954114824717766,0.798298890958389,hcvr_rf_42_cv
1477,1477,HCVR-RF,1,1,0.924415181985771,0.798298890958389,hcvr_rf_42_cv
1495,1495,HCVR-RF,1,1,0.959877450980392,0.798298890958389,hcvr_rf_42_cv
1497,1497,HCVR-RF,1,1,0.837738209321544,0.798298890958389,hcvr_rf_42_cv
1499,1499,HCVR-RF,1,1,0.967892602495543,0.798298890958389,hcvr_rf_42_cv
1500,1500,HCVR-RF,1,1,0.993833333333333,0.798298890958389,hcvr_rf_42_cv
1501,1501,HCVR-RF,1,1,0.963217467421752,0.798298890958389,hcvr_rf_42_cv
1509,1509,HCVR-RF,1,1,0.984181986562741,0.798298890958389,hcvr_rf_42_cv
1511,1511,HCVR-RF,1,0,0.599251130662963,0.798298890958389,hcvr_rf_42_cv
1512,1512,HCVR-RF,1,1,0.862827973546254,0.798298890958389,hcvr_rf_42_cv
1513,1513,HCVR-RF,1,1,0.820589102523885,0.798298890958389,hcvr_rf_42_cv
1514,1514,HCVR-RF,1,0,0.750841246139089,0.798298890958389,hcvr_rf_42_cv
1517,1517,HCVR-RF,1,1,0.930864177623472,0.798298890958389,hcvr_rf_42_cv
1520,1520,HCVR-RF,1,1,0.921262164124909,0.798298890958389,hcvr_rf_42_cv
1524,1520,HCVR-RF,1,1,0.921262164124909,0.798298890958389,hcvr_rf_42_cv
1528,1528,HCVR-RF,1,1,0.992111111111112,0.798298890958389,hcvr_rf_42_cv
1529,1529,HCVR-RF,1,1,0.981070875451629,0.798298890958389,hcvr_rf_42_cv
1534,1534,HCVR-RF,1,1,0.987166666666667,0.798298890958389,hcvr_rf_42_cv
1546,1546,HCVR-RF,1,1,0.971104872251931,0.798298890958389,hcvr_rf_42_cv
1553,1553,HCVR-RF,1,1,0.956612522133941,0.798298890958389,hcvr_rf_42_cv
1556,1556,HCVR-RF,1,0,0.73693114887232,0.798298890958389,hcvr_rf_42_cv
1559,1559,HCVR-RF,1,0,0.774411222298904,0.798298890958389,hcvr_rf_42_cv
1561,1561,HCVR-RF,1,1,0.925305555555555,0.798298890958389,hcvr_rf_42_cv
1563,1563,HCVR-RF,1,0,0.564315170820418,0.798298890958389,hcvr_rf_42_cv
1565,1565,HCVR-RF,1,1,0.928150311076894,0.798298890958389,hcvr_rf_42_cv
1566,1566,HCVR-RF,1,0,0.342562016480499,0.798298890958389,hcvr_rf_42_cv
1567,1567,HCVR-RF,1,1,0.838704426052779,0.798298890958389,hcvr_rf_42_cv
1579,1579,HCVR-RF,1,0,0.716599136730716,0.798298890958389,hcvr_rf_42_cv
1580,1580,HCVR-RF,1,1,0.828284825998502,0.798298890958389,hcvr_rf_42_cv
1582,1582,HCVR-RF,1,1,0.95554190834583,0.798298890958389,hcvr_rf_42_cv
1583,1561,HCVR-RF,1,1,0.925305555555555,0.798298890958389,hcvr_rf_42_cv
1593,1593,HCVR-RF,1,1,0.920445243073609,0.798298890958389,hcvr_rf_42_cv
1594,1594,HCVR-RF,1,1,0.844639938513002,0.798298890958389,hcvr_rf_42_cv
1596,1596,HCVR-RF,1,1,0.946982858100505,0.798298890958389,hcvr_rf_42_cv
1597,1597,HCVR-RF,1,1,0.817407875553223,0.798298890958389,hcvr_rf_42_cv
1608,1608,HCVR-RF,1,1,0.891072039072039,0.798298890958389,hcvr_rf_42_cv
1617,1617,HCVR-RF,1,0,0.524567663817663,0.798298890958389,hcvr_rf_42_cv
1621,1621,HCVR-RF,1,0,0.25229771884564,0.798298890958389,hcvr_rf_42_cv
1623,1623,HCVR-RF,1,0,0.168874539547604,0.798298890958389,hcvr_rf_42_cv
1636,1636,HCVR-RF,1,0,0.681412237859606,0.798298890958389,hcvr_rf_42_cv
1643,1643,HCVR-RF,1,1,0.972487654320988,0.798298890958389,hcvr_rf_42_cv
1668,1668,HCVR-RF,1,0,0.387757098404929,0.798298890958389,hcvr_rf_42_cv
1692,1692,HCVR-RF,1,1,0.985961718020542,0.798298890958389,hcvr_rf_42_cv
1702,1702,HCVR-RF,1,1,0.989055555555556,0.798298890958389,hcvr_rf_42_cv
1708,1708,HCVR-RF,1,1,0.989055555555556,0.798298890958389,hcvr_rf_42_cv
1710,1710,HCVR-RF,1,0,0.299723767593838,0.798298890958389,hcvr_rf_42_cv
1711,1711,HCVR-RF,1,0,0.315783447122215,0.798298890958389,hcvr_rf_42_cv
1717,1717,HCVR-RF,1,0,0.374160082244706,0.798298890958389,hcvr_rf_42_cv
1718,1718,HCVR-RF,1,1,0.976611111111111,0.798298890958389,hcvr_rf_42_cv
1722,1722,HCVR-RF,1,0,0.588027518617741,0.798298890958389,hcvr_rf_42_cv
1745,1745,HCVR-RF,1,0,0.579481271340972,0.798298890958389,hcvr_rf_42_cv
1748,1748,HCVR-RF,1,0,0.770391350745009,0.798298890958389,hcvr_rf_42_cv
1751,1751,HCVR-RF,1,0,0.0557094564777427,0.798298890958389,hcvr_rf_42_cv
1752,1752,HCVR-RF,1,0,0.556566540823409,0.798298890958389,hcvr_rf_42_cv
1753,1753,HCVR-RF,1,1,0.826347035967239,0.798298890958389,hcvr_rf_42_cv
1754,1754,HCVR-RF,1,1,0.998333333333333,0.798298890958389,hcvr_rf_42_cv
1756,1756,HCVR-RF,1,1,0.963358796296297,0.798298890958389,hcvr_rf_42_cv
1757,1757,HCVR-RF,1,1,0.886100529100529,0.798298890958389,hcvr_rf_42_cv
1758,1758,HCVR-RF,1,1,0.931499999999999,0.798298890958389,hcvr_rf_42_cv
1759,1759,HCVR-RF,1,1,0.862592025236309,0.798298890958389,hcvr_rf_42_cv
1765,1765,HCVR-RF,1,1,0.914730518272842,0.798298890958389,hcvr_rf_42_cv
1768,1768,HCVR-RF,1,1,0.834307657900539,0.798298890958389,hcvr_rf_42_cv
1770,1770,HCVR-RF,1,1,0.907640067585189,0.798298890958389,hcvr_rf_42_cv
1772,1772,HCVR-RF,1,1,0.993333333333333,0.798298890958389,hcvr_rf_42_cv
1792,1792,HCVR-RF,1,1,0.880523448773448,0.798298890958389,hcvr_rf_42_cv
1803,1803,HCVR-RF,1,1,0.832687830687831,0.798298890958389,hcvr_rf_42_cv
1805,799,HCVR-RF,1,1,0.904140476190476,0.798298890958389,hcvr_rf_42_cv
1809,1809,HCVR-RF,1,1,0.981100326106482,0.798298890958389,hcvr_rf_42_cv
1810,1810,HCVR-RF,1,1,0.958611111111111,0.798298890958389,hcvr_rf_42_cv
1816,1816,HCVR-RF,0,0,0.0500748053106865,0.798298890958389,hcvr_rf_42_cv
1818,1818,HCVR-RF,0,0,0.0163906926406926,0.798298890958389,hcvr_rf_42_cv
1829,1829,HCVR-RF,0,0,0.0593253218479444,0.798298890958389,hcvr_rf_42_cv
1830,1830,HCVR-RF,0,0,0.14927390208068,0.798298890958389,hcvr_rf_42_cv
1832,1832,HCVR-RF,0,0,0.3729714033008,0.798298890958389,hcvr_rf_42_cv
1836,1836,HCVR-RF,0,0,0.0151131588415017,0.798298890958389,hcvr_rf_42_cv
1839,1839,HCVR-RF,0,0,0.00416061281868394,0.798298890958389,hcvr_rf_42_cv
1841,1841,HCVR-RF,0,0,0.0154318394024276,0.798298890958389,hcvr_rf_42_cv
1843,1843,HCVR-RF,0,0,0.0421443997165378,0.798298890958389,hcvr_rf_42_cv
1851,1851,HCVR-RF,0,0,0.360470410652299,0.798298890958389,hcvr_rf_42_cv
1859,1859,HCVR-RF,0,0,0.0802755873922464,0.798298890958389,hcvr_rf_42_cv
1860,1860,HCVR-RF,0,0,0.00375887938345308,0.798298890958389,hcvr_rf_42_cv
1866,1866,HCVR-RF,0,0,0.005,0.798298890958389,hcvr_rf_42_cv
1868,1868,HCVR-RF,0,0,0.0704338624338624,0.798298890958389,hcvr_rf_42_cv
1876,1876,HCVR-RF,0,0,0.0262486976624908,0.798298890958389,hcvr_rf_42_cv
1878,1878,HCVR-RF,0,0,0.0220334342589777,0.798298890958389,hcvr_rf_42_cv
1880,1880,HCVR-RF,0,0,0.0220334342589777,0.798298890958389,hcvr_rf_42_cv
1881,1881,HCVR-RF,0,0,0.00794159544159544,0.798298890958389,hcvr_rf_42_cv
1894,1894,HCVR-RF,0,0,0.0181111111111111,0.798298890958389,hcvr_rf_42_cv
1897,1897,HCVR-RF,0,0,0.0319444444444445,0.798298890958389,hcvr_rf_42_cv
1899,1859,HCVR-RF,0,0,0.0802755873922464,0.798298890958389,hcvr_rf_42_cv
1901,1901,HCVR-RF,0,0,0.0015,0.798298890958389,hcvr_rf_42_cv
1902,1859,HCVR-RF,0,0,0.0802755873922464,0.798298890958389,hcvr_rf_42_cv
1913,1859,HCVR-RF,0,0,0.0802755873922464,0.798298890958389,hcvr_rf_42_cv
1917,1917,HCVR-RF,0,0,0.0577257495590828,0.798298890958389,hcvr_rf_42_cv
1920,1920,HCVR-RF,0,0,0.00794444444444445,0.798298890958389,hcvr_rf_42_cv
1951,1951,HCVR-RF,0,0,0.0148669108669109,0.798298890958389,hcvr_rf_42_cv
1953,1953,HCVR-RF,0,0,0.0493682760939218,0.798298890958389,hcvr_rf_42_cv
1955,1955,HCVR-RF,0,0,0.0283600222849251,0.798298890958389,hcvr_rf_42_cv
1962,1962,HCVR-RF,0,0,0.0170432938111256,0.798298890958389,hcvr_rf_42_cv
1967,1967,HCVR-RF,0,0,0.0111563628431624,0.798298890958389,hcvr_rf_42_cv
1971,1971,HCVR-RF,0,0,0.148098600473601,0.798298890958389,hcvr_rf_42_cv
1972,1972,HCVR-RF,0,0,0.012,0.798298890958389,hcvr_rf_42_cv
1973,1973,HCVR-RF,0,0,0.0218888888888889,0.798298890958389,hcvr_rf_42_cv
1977,1977,HCVR-RF,0,0,0.179434187499267,0.798298890958389,hcvr_rf_42_cv
1982,1982,HCVR-RF,0,0,0.0198451549827408,0.798298890958389,hcvr_rf_42_cv
1985,148,HCVR-RF,0,0,0.791194232022841,0.798298890958389,hcvr_rf_42_cv
1987,1987,HCVR-RF,0,0,0.0395140463191209,0.798298890958389,hcvr_rf_42_cv
1993,1993,HCVR-RF,0,0,0.175521265771266,0.798298890958389,hcvr_rf_42_cv
1997,1997,HCVR-RF,0,0,0.00984126984126983,0.798298890958389,hcvr_rf_42_cv
2000,2000,HCVR-RF,0,0,0.0727039875165408,0.798298890958389,hcvr_rf_42_cv
2001,2001,HCVR-RF,0,0,0.0042708802196028,0.798298890958389,hcvr_rf_42_cv
2002,2002,HCVR-RF,0,0,0.43185609327007,0.798298890958389,hcvr_rf_42_cv
2003,2003,HCVR-RF,0,0,0.0036293698866951,0.798298890958389,hcvr_rf_42_cv
2010,2010,HCVR-RF,0,0,0.0111111111111111,0.798298890958389,hcvr_rf_42_cv
2020,2020,HCVR-RF,0,0,0.110172514619883,0.798298890958389,hcvr_rf_42_cv
2021,2021,HCVR-RF,0,0,0.542640122223456,0.798298890958389,hcvr_rf_42_cv
2024,2024,HCVR-RF,0,0,0.0632284832417449,0.798298890958389,hcvr_rf_42_cv
2026,2026,HCVR-RF,0,0,0.0326926406926407,0.798298890958389,hcvr_rf_42_cv
2028,2028,HCVR-RF,0,0,0.0814454938597004,0.798298890958389,hcvr_rf_42_cv
2031,2031,HCVR-RF,0,0,0.00163833794196158,0.798298890958389,hcvr_rf_42_cv
2034,2034,HCVR-RF,0,0,0.00074074074074074,0.798298890958389,hcvr_rf_42_cv
2037,2037,HCVR-RF,0,0,0.00763888888888889,0.798298890958389,hcvr_rf_42_cv
2043,2043,HCVR-RF,0,0,0.0572407407407408,0.798298890958389,hcvr_rf_42_cv
2045,2045,HCVR-RF,0,0,0.0134319471378295,0.798298890958389,hcvr_rf_42_cv
2054,2054,HCVR-RF,0,0,0.123604817362166,0.798298890958389,hcvr_rf_42_cv
2057,2057,HCVR-RF,0,0,0.00577777777777778,0.798298890958389,hcvr_rf_42_cv
2059,2059,HCVR-RF,0,0,0.00111111111111111,0.798298890958389,hcvr_rf_42_cv
2065,2065,HCVR-RF,0,0,0.0116656042294601,0.798298890958389,hcvr_rf_42_cv
2071,2071,HCVR-RF,0,0,0.0348348005484437,0.798298890958389,hcvr_rf_42_cv
2073,2073,HCVR-RF,0,0,0.0221111111111111,0.798298890958389,hcvr_rf_42_cv
2089,2089,HCVR-RF,0,0,0.0749762380196004,0.798298890958389,hcvr_rf_42_cv
2091,2091,HCVR-RF,0,0,0.060543586043586,0.798298890958389,hcvr_rf_42_cv
2096,2096,HCVR-RF,0,0,0.113185513560514,0.798298890958389,hcvr_rf_42_cv
2117,2117,HCVR-RF,0,0,0.0108119658119658,0.798298890958389,hcvr_rf_42_cv
2122,2122,HCVR-RF,0,0,0.710121212121212,0.798298890958389,hcvr_rf_42_cv
2124,2124,HCVR-RF,0,0,0.021,0.798298890958389,hcvr_rf_42_cv
2126,2126,HCVR-RF,0,0,0.105052871929507,0.798298890958389,hcvr_rf_42_cv
2128,2128,HCVR-RF,0,0,0.0218287376355399,0.798298890958389,hcvr_rf_42_cv
2136,2136,HCVR-RF,0,0,0.0171979100422718,0.798298890958389,hcvr_rf_42_cv
2138,2138,HCVR-RF,0,0,0.00455517224543149,0.798298890958389,hcvr_rf_42_cv
2140,2140,HCVR-RF,0,0,0.00808476278219662,0.798298890958389,hcvr_rf_42_cv
2145,2145,HCVR-RF,0,0,0.00614325138117816,0.798298890958389,hcvr_rf_42_cv
2147,2147,HCVR-RF,0,0,0.274817700817701,0.798298890958389,hcvr_rf_42_cv
2151,2151,HCVR-RF,0,0,0.021390299796007,0.798298890958389,hcvr_rf_42_cv
2153,2153,HCVR-RF,0,0,0.0737897965324435,0.798298890958389,hcvr_rf_42_cv
2154,2154,HCVR-RF,0,0,0.0574829741634378,0.798298890958389,hcvr_rf_42_cv
2161,2161,HCVR-RF,0,0,0.0165591534880691,0.798298890958389,hcvr_rf_42_cv
2165,2165,HCVR-RF,0,0,0.0151633825659302,0.798298890958389,hcvr_rf_42_cv
2170,2170,HCVR-RF,0,0,0.0138888888888889,0.798298890958389,hcvr_rf_42_cv
2175,2175,HCVR-RF,0,0,0.0909973544973545,0.798298890958389,hcvr_rf_42_cv
2192,2192,HCVR-RF,0,0,0.113011982977382,0.798298890958389,hcvr_rf_42_cv
2199,2199,HCVR-RF,0,0,0.00138888888888889,0.798298890958389,hcvr_rf_42_cv
2200,2200,HCVR-RF,0,0,0.0025,0.798298890958389,hcvr_rf_42_cv
2209,2031,HCVR-RF,0,0,0.00163833794196158,0.798298890958389,hcvr_rf_42_cv
2219,2219,HCVR-RF,0,0,0.117924257659552,0.798298890958389,hcvr_rf_42_cv
2223,2223,HCVR-RF,0,0,0.0861234049175225,0.798298890958389,hcvr_rf_42_cv
2225,2225,HCVR-RF,0,0,0.370354304729305,0.798298890958389,hcvr_rf_42_cv
2227,2227,HCVR-RF,0,0,0.0931269841269842,0.798298890958389,hcvr_rf_42_cv
2255,2255,HCVR-RF,0,0,0.0844999999999999,0.798298890958389,hcvr_rf_42_cv
2258,2258,HCVR-RF,0,0,0.00417764552232637,0.798298890958389,hcvr_rf_42_cv
2262,2262,HCVR-RF,0,0,0.161222222222222,0.798298890958389,hcvr_rf_42_cv
2265,2265,HCVR-RF,0,0,0.0229121605163805,0.798298890958389,hcvr_rf_42_cv
2266,2266,HCVR-RF,0,0,0.0431259354788897,0.798298890958389,hcvr_rf_42_cv
2269,2269,HCVR-RF,0,0,0.00236507936507936,0.798298890958389,hcvr_rf_42_cv
2274,2265,HCVR-RF,0,0,0.0229121605163805,0.798298890958389,hcvr_rf_42_cv
2278,2278,HCVR-RF,0,0,0.516300224990198,0.798298890958389,hcvr_rf_42_cv
2279,2279,HCVR-RF,0,0,0.0169012900679567,0.798298890958389,hcvr_rf_42_cv
2288,2288,HCVR-RF,0,0,0.0360537518037518,0.798298890958389,hcvr_rf_42_cv
2291,2291,HCVR-RF,0,0,0.0201111111111111,0.798298890958389,hcvr_rf_42_cv
2293,2293,HCVR-RF,0,0,0.172871763296553,0.798298890958389,hcvr_rf_42_cv
2294,2294,HCVR-RF,0,0,0.187532587782588,0.798298890958389,hcvr_rf_42_cv
2298,2298,HCVR-RF,0,0,0.0339661835748792,0.798298890958389,hcvr_rf_42_cv
2318,2318,HCVR-RF,0,0,0.100779582734181,0.798298890958389,hcvr_rf_42_cv
2321,2321,HCVR-RF,0,0,0.118305194805195,0.798298890958389,hcvr_rf_42_cv
2324,2324,HCVR-RF,0,0,0.0896691142644286,0.798298890958389,hcvr_rf_42_cv
2326,2326,HCVR-RF,0,0,0.322429739934623,0.798298890958389,hcvr_rf_42_cv
2329,2329,HCVR-RF,0,0,0.00808823529411764,0.798298890958389,hcvr_rf_42_cv
2331,2331,HCVR-RF,0,0,0.00439788975021533,0.798298890958389,hcvr_rf_42_cv
2340,2340,HCVR-RF,0,0,0.149341987486573,0.798298890958389,hcvr_rf_42_cv
2346,2346,HCVR-RF,0,0,0.123219829650257,0.798298890958389,hcvr_rf_42_cv
2347,2347,HCVR-RF,0,0,0.0524871577319738,0.798298890958389,hcvr_rf_42_cv
2348,2348,HCVR-RF,0,0,0.0149931720046663,0.798298890958389,hcvr_rf_42_cv
2353,2353,HCVR-RF,0,0,0.263484729754507,0.798298890958389,hcvr_rf_42_cv
2387,2387,HCVR-RF,0,0,0.342071858686898,0.798298890958389,hcvr_rf_42_cv
2389,2389,HCVR-RF,0,0,0.0640392862925883,0.798298890958389,hcvr_rf_42_cv
2394,2394,HCVR-RF,0,0,0.00511111111111111,0.798298890958389,hcvr_rf_42_cv
2400,2400,HCVR-RF,0,0,0.00583333333333334,0.798298890958389,hcvr_rf_42_cv
2401,2401,HCVR-RF,0,0,0.123007936507936,0.798298890958389,hcvr_rf_42_cv
2405,2405,HCVR-RF,0,0,0.00962962962962962,0.798298890958389,hcvr_rf_42_cv
2406,2406,HCVR-RF,0,0,0.178301947649847,0.798298890958389,hcvr_rf_42_cv
2410,2410,HCVR-RF,0,0,0.0210387957055614,0.798298890958389,hcvr_rf_42_cv
2411,2411,HCVR-RF,0,0,0.120811711501302,0.798298890958389,hcvr_rf_42_cv
2414,2414,HCVR-RF,0,0,0.0142222222222222,0.798298890958389,hcvr_rf_42_cv
2418,2418,HCVR-RF,0,0,0.00333333333333333,0.798298890958389,hcvr_rf_42_cv
2425,2425,HCVR-RF,0,0,0.00550000000000001,0.798298890958389,hcvr_rf_42_cv
2426,2426,HCVR-RF,0,0,0.00166666666666667,0.798298890958389,hcvr_rf_42_cv
2428,2428,HCVR-RF,0,0,0.157797998122476,0.798298890958389,hcvr_rf_42_cv
2431,2431,HCVR-RF,0,0,0.427044556028767,0.798298890958389,hcvr_rf_42_cv
2432,2432,HCVR-RF,0,0,0.0440592185592185,0.798298890958389,hcvr_rf_42_cv
2435,2435,HCVR-RF,0,0,0.156974381807453,0.798298890958389,hcvr_rf_42_cv
2436,2436,HCVR-RF,0,0,0.0438872577010881,0.798298890958389,hcvr_rf_42_cv
2438,2438,HCVR-RF,0,0,0.0877073321521506,0.798298890958389,hcvr_rf_42_cv
2443,2443,HCVR-RF,0,0,0.0135751046146207,0.798298890958389,hcvr_rf_42_cv
2446,2446,HCVR-RF,0,0,0.0123888888888889,0.798298890958389,hcvr_rf_42_cv
2454,2454,HCVR-RF,0,0,0.166554877444429,0.798298890958389,hcvr_rf_42_cv
2460,2460,HCVR-RF,0,0,0.0543340592245258,0.798298890958389,hcvr_rf_42_cv
2466,2466,HCVR-RF,0,0,0.00125572401497126,0.798298890958389,hcvr_rf_42_cv
2475,2475,HCVR-RF,0,0,0.0551023914942321,0.798298890958389,hcvr_rf_42_cv
2483,2278,HCVR-RF,0,0,0.516300224990198,0.798298890958389,hcvr_rf_42_cv
2485,2278,HCVR-RF,0,0,0.516300224990198,0.798298890958389,hcvr_rf_42_cv
2486,2279,HCVR-RF,0,0,0.0169012900679567,0.798298890958389,hcvr_rf_42_cv
2490,2293,HCVR-RF,0,0,0.172871763296553,0.798298890958389,hcvr_rf_42_cv
2493,2065,HCVR-RF,0,0,0.0116656042294601,0.798298890958389,hcvr_rf_42_cv
2503,2503,HCVR-RF,0,0,0.0129444444444444,0.798298890958389,hcvr_rf_42_cv
2505,2505,HCVR-RF,0,0,0.254433006535948,0.798298890958389,hcvr_rf_42_cv
2506,2506,HCVR-RF,0,0,0.0481096866096866,0.798298890958389,hcvr_rf_42_cv
2507,2507,HCVR-RF,0,0,0.0933328849888755,0.798298890958389,hcvr_rf_42_cv
2508,2508,HCVR-RF,0,0,0.104525974025974,0.798298890958389,hcvr_rf_42_cv
2526,2526,HCVR-RF,0,0,0.127017960631498,0.798298890958389,hcvr_rf_42_cv
2536,2536,HCVR-RF,0,0,0.248766897534139,0.798298890958389,hcvr_rf_42_cv
2537,2537,HCVR-RF,0,0,0.0123783463058294,0.798298890958389,hcvr_rf_42_cv
2539,2539,HCVR-RF,0,0,0.318006313108726,0.798298890958389,hcvr_rf_42_cv
2540,2540,HCVR-RF,0,0,0.160718336547411,0.798298890958389,hcvr_rf_42_cv
2543,2543,HCVR-RF,0,0,0.169740137257379,0.798298890958389,hcvr_rf_42_cv
2545,2545,HCVR-RF,0,0,0.324540400775695,0.798298890958389,hcvr_rf_42_cv
2550,2550,HCVR-RF,0,0,0.0645497888378636,0.798298890958389,hcvr_rf_42_cv
2552,2552,HCVR-RF,0,0,0.0501858813700919,0.798298890958389,hcvr_rf_42_cv
2553,2553,HCVR-RF,0,0,0.087894826061302,0.798298890958389,hcvr_rf_42_cv
2554,2554,HCVR-RF,0,0,0.022962962962963,0.798298890958389,hcvr_rf_42_cv
2555,2555,HCVR-RF,0,0,0.130695234822364,0.798298890958389,hcvr_rf_42_cv
2559,2559,HCVR-RF,0,0,0.0364866178182301,0.798298890958389,hcvr_rf_42_cv
2560,2560,HCVR-RF,0,0,0.00559034788785958,0.798298890958389,hcvr_rf_42_cv
2577,2577,HCVR-RF,0,0,0.71982950380747,0.798298890958389,hcvr_rf_42_cv
2580,2278,HCVR-RF,0,0,0.516300224990198,0.798298890958389,hcvr_rf_42_cv
2585,2585,HCVR-RF,0,0,0.0389317332993804,0.798298890958389,hcvr_rf_42_cv
2588,2588,HCVR-RF,0,0,0.00263888888888889,0.798298890958389,hcvr_rf_42_cv
2591,2591,HCVR-RF,0,0,0.00180396202910871,0.798298890958389,hcvr_rf_42_cv
2593,2593,HCVR-RF,0,0,0.0065,0.798298890958389,hcvr_rf_42_cv
2598,2598,HCVR-RF,0,0,0.0111944444444445,0.798298890958389,hcvr_rf_42_cv
2609,2609,HCVR-RF,0,0,0.133221417069243,0.798298890958389,hcvr_rf_42_cv
2611,2611,HCVR-RF,0,0,0.060860472522242,0.798298890958389,hcvr_rf_42_cv
2613,2613,HCVR-RF,0,0,0.294167093231671,0.798298890958389,hcvr_rf_42_cv
2618,2618,HCVR-RF,0,0,0.0277280701754386,0.798298890958389,hcvr_rf_42_cv
2624,2624,HCVR-RF,0,0,0.00515482767241646,0.798298890958389,hcvr_rf_42_cv
2627,2627,HCVR-RF,0,0,0.0536539961589414,0.798298890958389,hcvr_rf_42_cv
2638,2638,HCVR-RF,0,0,0.146444444444445,0.798298890958389,hcvr_rf_42_cv
2640,2640,HCVR-RF,0,0,0.0412645502645503,0.798298890958389,hcvr_rf_42_cv
2644,2644,HCVR-RF,0,0,0.0833920625918149,0.798298890958389,hcvr_rf_42_cv
2646,2646,HCVR-RF,0,0,0.230279607103137,0.798298890958389,hcvr_rf_42_cv
2649,2649,HCVR-RF,0,0,0.00406593406593407,0.798298890958389,hcvr_rf_42_cv
2650,2650,HCVR-RF,0,0,0.19129188712522,0.798298890958389,hcvr_rf_42_cv
2658,2658,HCVR-RF,0,0,0.003,0.798298890958389,hcvr_rf_42_cv
2665,2665,HCVR-RF,0,0,0.0470675805675806,0.798298890958389,hcvr_rf_42_cv
2670,2670,HCVR-RF,0,0,0.0265740740740741,0.798298890958389,hcvr_rf_42_cv
2672,2672,HCVR-RF,0,0,0.00690821892991205,0.798298890958389,hcvr_rf_42_cv
2679,2679,HCVR-RF,0,0,0.0992062456742367,0.798298890958389,hcvr_rf_42_cv
2681,2681,HCVR-RF,0,0,0.0368015873015873,0.798298890958389,hcvr_rf_42_cv
2690,2690,HCVR-RF,0,0,0.0375462962962963,0.798298890958389,hcvr_rf_42_cv
2691,2691,HCVR-RF,0,0,0.164404559176982,0.798298890958389,hcvr_rf_42_cv
2693,2693,HCVR-RF,0,0,0.0850369206271655,0.798298890958389,hcvr_rf_42_cv
2698,2698,HCVR-RF,0,0,0.0165407401922925,0.798298890958389,hcvr_rf_42_cv
2701,2701,HCVR-RF,0,0,0.212926224722627,0.798298890958389,hcvr_rf_42_cv
2708,2708,HCVR-RF,0,0,0.557538647342995,0.798298890958389,hcvr_rf_42_cv
2715,2715,HCVR-RF,0,0,0.025062865497076,0.798298890958389,hcvr_rf_42_cv
2727,2727,HCVR-RF,0,0,0.039323422694535,0.798298890958389,hcvr_rf_42_cv
2728,2727,HCVR-RF,0,0,0.039323422694535,0.798298890958389,hcvr_rf_42_cv
2729,2727,HCVR-RF,0,0,0.039323422694535,0.798298890958389,hcvr_rf_42_cv
2730,2727,HCVR-RF,0,0,0.039323422694535,0.798298890958389,hcvr_rf_42_cv
2731,2731,HCVR-RF,0,0,0.0167665852665853,0.798298890958389,hcvr_rf_42_cv
2732,2732,HCVR-RF,0,0,0.0313771828039229,0.798298890958389,hcvr_rf_42_cv
2733,2733,HCVR-RF,0,0,0.0133754578754579,0.798298890958389,hcvr_rf_42_cv
2734,2734,HCVR-RF,0,0,0.126936507936508,0.798298890958389,hcvr_rf_42_cv
2736,2736,HCVR-RF,0,0,0.012293575752655,0.798298890958389,hcvr_rf_42_cv
2738,2738,HCVR-RF,0,0,0.224107041107041,0.798298890958389,hcvr_rf_42_cv
2750,2750,HCVR-RF,0,0,0.0522049062049062,0.798298890958389,hcvr_rf_42_cv
2753,2508,HCVR-RF,0,0,0.104525974025974,0.798298890958389,hcvr_rf_42_cv
2760,2760,HCVR-RF,0,0,0.0793685300207039,0.798298890958389,hcvr_rf_42_cv
2761,2761,HCVR-RF,0,0,0.00644444444444445,0.798298890958389,hcvr_rf_42_cv
2764,2764,HCVR-RF,0,0,0.0838333333333333,0.798298890958389,hcvr_rf_42_cv
2766,2003,HCVR-RF,0,0,0.0036293698866951,0.798298890958389,hcvr_rf_42_cv
2779,2779,HCVR-RF,0,0,0.0104698218167962,0.798298890958389,hcvr_rf_42_cv
2796,2796,HCVR-RF,0,0,0.0528041478581151,0.798298890958389,hcvr_rf_42_cv
2798,2798,HCVR-RF,0,0,0.0388072296698491,0.798298890958389,hcvr_rf_42_cv
2800,2800,HCVR-RF,0,0,0.0211528947525546,0.798298890958389,hcvr_rf_42_cv
2802,2278,HCVR-RF,0,0,0.516300224990198,0.798298890958389,hcvr_rf_42_cv
2805,2805,HCVR-RF,0,0,0.0623433051300936,0.798298890958389,hcvr_rf_42_cv
2816,2816,HCVR-RF,0,0,0.0346111111111111,0.798298890958389,hcvr_rf_42_cv
2820,2820,HCVR-RF,0,0,0.0441111111111111,0.798298890958389,hcvr_rf_42_cv
2824,2824,HCVR-RF,0,0,0.100142148097797,0.798298890958389,hcvr_rf_42_cv
2829,2829,HCVR-RF,0,0,0.276342772967773,0.798298890958389,hcvr_rf_42_cv
2833,2833,HCVR-RF,0,0,0.0317525252525253,0.798298890958389,hcvr_rf_42_cv
2837,2837,HCVR-RF,0,0,0.124325597060891,0.798298890958389,hcvr_rf_42_cv
2847,2847,HCVR-RF,0,0,0.00947659497110207,0.798298890958389,hcvr_rf_42_cv
2850,2850,HCVR-RF,0,0,0.0128888888888889,0.798298890958389,hcvr_rf_42_cv
2851,2851,HCVR-RF,0,0,0.135276878995796,0.798298890958389,hcvr_rf_42_cv
2856,2856,HCVR-RF,0,0,0.668208949595406,0.798298890958389,hcvr_rf_42_cv
2861,2861,HCVR-RF,0,0,0.0166452991452991,0.798298890958389,hcvr_rf_42_cv
2873,2873,HCVR-RF,0,0,0.00438888888888889,0.798298890958389,hcvr_rf_42_cv
2878,2878,HCVR-RF,0,0,0.026718253968254,0.798298890958389,hcvr_rf_42_cv
2883,2883,HCVR-RF,0,0,0.0464416052955561,0.798298890958389,hcvr_rf_42_cv
2890,2890,HCVR-RF,0,0,0.00655555555555556,0.798298890958389,hcvr_rf_42_cv
2891,2891,HCVR-RF,0,0,0.0130155677655678,0.798298890958389,hcvr_rf_42_cv
2892,2892,HCVR-RF,0,0,0.186621609469435,0.798298890958389,hcvr_rf_42_cv
2897,2897,HCVR-RF,0,0,0.0703293458934816,0.798298890958389,hcvr_rf_42_cv
2905,2905,HCVR-RF,0,0,0.303926191741981,0.798298890958389,hcvr_rf_42_cv
2907,2907,HCVR-RF,0,0,0.119986250331156,0.798298890958389,hcvr_rf_42_cv
2912,2912,HCVR-RF,0,0,0.0742008393906305,0.798298890958389,hcvr_rf_42_cv
2923,2923,HCVR-RF,0,0,0.0061517094017094,0.798298890958389,hcvr_rf_42_cv
2927,2927,HCVR-RF,0,0,0.17883400721094,0.798298890958389,hcvr_rf_42_cv
2931,2931,HCVR-RF,0,0,0.132888888888889,0.798298890958389,hcvr_rf_42_cv
2936,2936,HCVR-RF,0,0,0.073160047861548,0.798298890958389,hcvr_rf_42_cv
2938,2938,HCVR-RF,0,0,0,0.798298890958389,hcvr_rf_42_cv
2949,2949,HCVR-RF,0,0,0.0771190476190476,0.798298890958389,hcvr_rf_42_cv
2956,2956,HCVR-RF,0,0,0.0515674942341609,0.798298890958389,hcvr_rf_42_cv
2960,2960,HCVR-RF,0,0,0.00498941490147901,0.798298890958389,hcvr_rf_42_cv
2970,2970,HCVR-RF,0,0,0.019640873015873,0.798298890958389,hcvr_rf_42_cv
2987,2987,HCVR-RF,0,0,0.198337161989613,0.798298890958389,hcvr_rf_42_cv
2993,2993,HCVR-RF,0,0,0.0777181225295143,0.798298890958389,hcvr_rf_42_cv
3002,3002,HCVR-RF,0,0,0.00339004291905875,0.798298890958389,hcvr_rf_42_cv
3005,2278,HCVR-RF,0,0,0.516300224990198,0.798298890958389,hcvr_rf_42_cv
3010,3010,HCVR-RF,0,0,0,0.798298890958389,hcvr_rf_42_cv
3011,3011,HCVR-RF,0,0,0.0477222222222222,0.798298890958389,hcvr_rf_42_cv
3022,3022,HCVR-RF,0,0,0.0438888888888889,0.798298890958389,hcvr_rf_42_cv
3025,3025,HCVR-RF,0,0,0.075563492063492,0.798298890958389,hcvr_rf_42_cv
3029,3029,HCVR-RF,0,0,0.0568774954466697,0.798298890958389,hcvr_rf_42_cv
3031,3031,HCVR-RF,0,0,0.0217824074074074,0.798298890958389,hcvr_rf_42_cv
3032,3032,HCVR-RF,0,0,0.226172585752505,0.798298890958389,hcvr_rf_42_cv
3034,2907,HCVR-RF,0,0,0.119986250331156,0.798298890958389,hcvr_rf_42_cv
3037,3037,HCVR-RF,0,0,0.108039891662439,0.798298890958389,hcvr_rf_42_cv
3042,3042,HCVR-RF,0,0,0.0804722222222222,0.798298890958389,hcvr_rf_42_cv
3061,3061,HCVR-RF,0,0,0.197113630691725,0.798298890958389,hcvr_rf_42_cv
3068,3068,HCVR-RF,0,0,0.0736583391201726,0.798298890958389,hcvr_rf_42_cv
3069,3069,HCVR-RF,0,0,0.10922464392669,0.798298890958389,hcvr_rf_42_cv
3085,3085,HCVR-RF,0,0,0.134639071635158,0.798298890958389,hcvr_rf_42_cv
3097,3097,HCVR-RF,0,0,0.0938175827499784,0.798298890958389,hcvr_rf_42_cv
3112,2165,HCVR-RF,0,0,0.0151633825659302,0.798298890958389,hcvr_rf_42_cv
3115,3115,HCVR-RF,0,0,0.00738888888888888,0.798298890958389,hcvr_rf_42_cv
3152,3152,HCVR-RF,0,0,0.0232070707070707,0.798298890958389,hcvr_rf_42_cv
3164,3164,HCVR-RF,0,0,0.162902646957869,0.798298890958389,hcvr_rf_42_cv
3167,2031,HCVR-RF,0,0,0.00163833794196158,0.798298890958389,hcvr_rf_42_cv
3170,3170,HCVR-RF,0,0,0.13988098395857,0.798298890958389,hcvr_rf_42_cv
3172,3172,HCVR-RF,0,0,0.021506993260946,0.798298890958389,hcvr_rf_42_cv
3174,3174,HCVR-RF,0,0,0.042059081241591,0.798298890958389,hcvr_rf_42_cv
3176,3176,HCVR-RF,0,0,0.132038942538943,0.798298890958389,hcvr_rf_42_cv
3183,3183,HCVR-RF,0,0,0.0349019038793659,0.798298890958389,hcvr_rf_42_cv
3185,3185,HCVR-RF,0,0,0.428931512006512,0.798298890958389,hcvr_rf_42_cv
3192,3192,HCVR-RF,0,0,0.015719696969697,0.798298890958389,hcvr_rf_42_cv
3199,3029,HCVR-RF,0,0,0.0568774954466697,0.798298890958389,hcvr_rf_42_cv
3202,3202,HCVR-RF,0,0,0.0134351851851852,0.798298890958389,hcvr_rf_42_cv
3205,3205,HCVR-RF,0,0,0.121871624430946,0.798298890958389,hcvr_rf_42_cv
3215,3215,HCVR-RF,0,0,0.054620849896395,0.798298890958389,hcvr_rf_42_cv
3217,3217,HCVR-RF,0,0,0.0719484886458571,0.798298890958389,hcvr_rf_42_cv
3225,2278,HCVR-RF,0,0,0.516300224990198,0.798298890958389,hcvr_rf_42_cv
3236,3236,HCVR-RF,0,0,0.21403076744456,0.798298890958389,hcvr_rf_42_cv
3242,3242,HCVR-RF,0,0,0.270811176873047,0.798298890958389,hcvr_rf_42_cv
3249,3249,HCVR-RF,0,0,0.020139747142592,0.798298890958389,hcvr_rf_42_cv
3250,3250,HCVR-RF,0,0,0.0782288143586252,0.798298890958389,hcvr_rf_42_cv
3252,3252,HCVR-RF,0,0,0.0338452380952381,0.798298890958389,hcvr_rf_42_cv
3255,3255,HCVR-RF,0,0,0.0581091240094238,0.798298890958389,hcvr_rf_42_cv
3260,3260,HCVR-RF,0,0,0.1405056409146,0.798298890958389,hcvr_rf_42_cv
3281,3281,HCVR-RF,0,0,0.00380952380952381,0.798298890958389,hcvr_rf_42_cv
3282,3282,HCVR-RF,0,0,0.00194444444444445,0.798298890958389,hcvr_rf_42_cv
3285,3285,HCVR-RF,0,0,0.0427260117260117,0.798298890958389,hcvr_rf_42_cv
3291,3291,HCVR-RF,0,0,0.0152777777777778,0.798298890958389,hcvr_rf_42_cv
3296,3296,HCVR-RF,0,0,0.00755122286171016,0.798298890958389,hcvr_rf_42_cv
3299,3299,HCVR-RF,0,0,0.385131868131868,0.798298890958389,hcvr_rf_42_cv
3302,3302,HCVR-RF,0,0,0.0862703778859594,0.798298890958389,hcvr_rf_42_cv
3303,3303,HCVR-RF,0,0,0.00111111111111111,0.798298890958389,hcvr_rf_42_cv
3305,3305,HCVR-RF,0,0,0.0128041549953315,0.798298890958389,hcvr_rf_42_cv
3312,3312,HCVR-RF,0,0,0.506340844100815,0.798298890958389,hcvr_rf_42_cv
3313,3313,HCVR-RF,0,0,0.556242351411728,0.798298890958389,hcvr_rf_42_cv
3315,3315,HCVR-RF,0,0,0.119514080637895,0.798298890958389,hcvr_rf_42_cv
3317,3317,HCVR-RF,0,0,0.412163219322963,0.798298890958389,hcvr_rf_42_cv
3318,3318,HCVR-RF,0,0,0.00166666666666667,0.798298890958389,hcvr_rf_42_cv
3327,3327,HCVR-RF,0,0,0,0.798298890958389,hcvr_rf_42_cv
3329,3329,HCVR-RF,0,0,0.106145061728395,0.798298890958389,hcvr_rf_42_cv
3339,3339,HCVR-RF,0,0,0.155269841269841,0.798298890958389,hcvr_rf_42_cv
3345,3345,HCVR-RF,0,0,0.00364285714285714,0.798298890958389,hcvr_rf_42_cv
3349,3349,HCVR-RF,0,0,0.00339011631212266,0.798298890958389,hcvr_rf_42_cv
3350,3349,HCVR-RF,0,0,0.00339011631212266,0.798298890958389,hcvr_rf_42_cv
3351,3351,HCVR-RF,0,0,0.0070802773092201,0.798298890958389,hcvr_rf_42_cv
3356,3356,HCVR-RF,0,0,0.129944444444444,0.798298890958389,hcvr_rf_42_cv
3362,3362,HCVR-RF,0,0,0.0822169942607905,0.798298890958389,hcvr_rf_42_cv
3366,3366,HCVR-RF,0,0,0.016664553258665,0.798298890958389,hcvr_rf_42_cv
3380,3380,HCVR-RF,0,0,0,0.798298890958389,hcvr_rf_42_cv
3385,3385,HCVR-RF,0,0,0.252764896533039,0.798298890958389,hcvr_rf_42_cv
3393,3393,HCVR-RF,0,0,0.0847301587301587,0.798298890958389,hcvr_rf_42_cv
3401,3401,HCVR-RF,0,0,0.145238095238095,0.798298890958389,hcvr_rf_42_cv
3402,3402,HCVR-RF,0,0,0.315010393418047,0.798298890958389,hcvr_rf_42_cv
3408,3408,HCVR-RF,0,0,0.0970306475754046,0.798298890958389,hcvr_rf_42_cv
3413,3413,HCVR-RF,0,0,0.191466165413534,0.798298890958389,hcvr_rf_42_cv
3416,3416,HCVR-RF,0,0,0.0709174479859368,0.798298890958389,hcvr_rf_42_cv
3423,3423,HCVR-RF,0,0,0.00111111111111111,0.798298890958389,hcvr_rf_42_cv
3424,3424,HCVR-RF,0,0,0.128971611721612,0.798298890958389,hcvr_rf_42_cv
3430,3430,HCVR-RF,0,0,0.143598748306633,0.798298890958389,hcvr_rf_42_cv
3434,3434,HCVR-RF,0,0,0.00912698412698414,0.798298890958389,hcvr_rf_42_cv
3437,2278,HCVR-RF,0,0,0.516300224990198,0.798298890958389,hcvr_rf_42_cv
3450,3450,HCVR-RF,0,0,0.0366738304453271,0.798298890958389,hcvr_rf_42_cv
3453,3453,HCVR-RF,0,0,0.0549722222222223,0.798298890958389,hcvr_rf_42_cv
3455,3455,HCVR-RF,0,0,0.524155572901097,0.798298890958389,hcvr_rf_42_cv
3457,3457,HCVR-RF,0,0,0.417735043804684,0.798298890958389,hcvr_rf_42_cv
3458,3458,HCVR-RF,0,0,0.0661449383949384,0.798298890958389,hcvr_rf_42_cv
3463,3463,HCVR-RF,0,0,0.02,0.798298890958389,hcvr_rf_42_cv
3464,3464,HCVR-RF,0,0,0.058626924001924,0.798298890958389,hcvr_rf_42_cv
3474,3474,HCVR-RF,0,0,0.00611131294441687,0.798298890958389,hcvr_rf_42_cv
3475,3475,HCVR-RF,0,0,0.00097042176323577,0.798298890958389,hcvr_rf_42_cv
3477,3477,HCVR-RF,0,0,0.00716251305963597,0.798298890958389,hcvr_rf_42_cv
3479,3479,HCVR-RF,0,0,0.00994711068387806,0.798298890958389,hcvr_rf_42_cv
3480,3480,HCVR-RF,0,0,0.231410083813144,0.798298890958389,hcvr_rf_42_cv
3481,3481,HCVR-RF,0,0,0.0452277777777778,0.798298890958389,hcvr_rf_42_cv
3488,3488,HCVR-RF,0,0,0.535008126508876,0.798298890958389,hcvr_rf_42_cv
3491,3491,HCVR-RF,0,0,0.000974963183881257,0.798298890958389,hcvr_rf_42_cv
3518,3518,HCVR-RF,0,0,0.222038065735434,0.798298890958389,hcvr_rf_42_cv
3521,3521,HCVR-RF,0,0,0.0183311873311874,0.798298890958389,hcvr_rf_42_cv
3527,3527,HCVR-RF,0,0,0.201976190476191,0.798298890958389,hcvr_rf_42_cv
3535,3535,HCVR-RF,0,0,0.0316984126984127,0.798298890958389,hcvr_rf_42_cv
3549,3549,HCVR-RF,0,0,0.0673782533256218,0.798298890958389,hcvr_rf_42_cv
3551,3551,HCVR-RF,0,0,0.53406820020243,0.798298890958389,hcvr_rf_42_cv
3557,3557,HCVR-RF,0,0,0.227511735029834,0.798298890958389,hcvr_rf_42_cv
3559,3559,HCVR-RF,0,0,0.05893667262689,0.798298890958389,hcvr_rf_42_cv
3565,3565,HCVR-RF,0,0,0.0734431724653022,0.798298890958389,hcvr_rf_42_cv
3567,2278,HCVR-RF,0,0,0.516300224990198,0.798298890958389,hcvr_rf_42_cv
3568,3568,HCVR-RF,0,0,0.0552135821168079,0.798298890958389,hcvr_rf_42_cv
3574,3574,HCVR-RF,0,0,0.40890494596562,0.798298890958389,hcvr_rf_42_cv
3575,3575,HCVR-RF,0,0,0.016788922166877,0.798298890958389,hcvr_rf_42_cv
3580,3580,HCVR-RF,0,0,0.00163833794196158,0.798298890958389,hcvr_rf_42_cv
3637,2031,HCVR-RF,0,0,0.00163833794196158,0.798298890958389,hcvr_rf_42_cv
3638,2591,HCVR-RF,0,0,0.00180396202910871,0.798298890958389,hcvr_rf_42_cv
3667,2003,HCVR-RF,0,0,0.0036293698866951,0.798298890958389,hcvr_rf_42_cv
3679,3679,HCVR-RF,0,0,0.0130782752979962,0.798298890958389,hcvr_rf_42_cv
3690,3690,HCVR-RF,0,0,0.00584247114212294,0.798298890958389,hcvr_rf_42_cv
3696,3696,HCVR-RF,0,0,0.103625242780394,0.798298890958389,hcvr_rf_42_cv
3699,3699,HCVR-RF,0,0,0.0587006264361952,0.798298890958389,hcvr_rf_42_cv
3702,3702,HCVR-RF,0,0,0.0377772297369909,0.798298890958389,hcvr_rf_42_cv
3703,3703,HCVR-RF,0,0,0.143081187051488,0.798298890958389,hcvr_rf_42_cv
3721,3721,HCVR-RF,0,0,0.0259253391962583,0.798298890958389,hcvr_rf_42_cv
3730,3730,HCVR-RF,0,0,0.156050254181758,0.798298890958389,hcvr_rf_42_cv
3743,3743,HCVR-RF,0,0,0.0152197170107464,0.798298890958389,hcvr_rf_42_cv
3744,3744,HCVR-RF,0,0,0.00177777777777778,0.798298890958389,hcvr_rf_42_cv
3751,3751,HCVR-RF,0,0,0.0366324786324786,0.798298890958389,hcvr_rf_42_cv
3757,3757,HCVR-RF,0,0,0.257075295075295,0.798298890958389,hcvr_rf_42_cv
3762,3762,HCVR-RF,0,0,0.00156722566757244,0.798298890958389,hcvr_rf_42_cv
3765,2278,HCVR-RF,0,0,0.516300224990198,0.798298890958389,hcvr_rf_42_cv
3770,3770,HCVR-RF,0,0,0.0361768163898024,0.798298890958389,hcvr_rf_42_cv
3772,3772,HCVR-RF,0,0,0.0542777777777777,0.798298890958389,hcvr_rf_42_cv
3775,3775,HCVR-RF,0,0,0.0529979114452799,0.798298890958389,hcvr_rf_42_cv
3776,3776,HCVR-RF,0,0,0.210974206349206,0.798298890958389,hcvr_rf_42_cv
3777,3777,HCVR-RF,0,0,0.0884540695460003,0.798298890958389,hcvr_rf_42_cv
3778,3778,HCVR-RF,0,0,0.132776925943106,0.798298890958389,hcvr_rf_42_cv
3779,3779,HCVR-RF,0,0,0.0432698412698413,0.798298890958389,hcvr_rf_42_cv
3783,3783,HCVR-RF,0,0,0.0264111717679637,0.798298890958389,hcvr_rf_42_cv
3785,3785,HCVR-RF,0,0,0.00372181964573268,0.798298890958389,hcvr_rf_42_cv
3790,3790,HCVR-RF,0,0,0.225933426431956,0.798298890958389,hcvr_rf_42_cv
3792,3792,HCVR-RF,0,0,0.036262095805288,0.798298890958389,hcvr_rf_42_cv
3793,3793,HCVR-RF,0,0,0.00246031746031746,0.798298890958389,hcvr_rf_42_cv
3807,3807,HCVR-RF,0,0,0.0118667120030672,0.798298890958389,hcvr_rf_42_cv
3811,3811,HCVR-RF,0,0,0.23717455028573,0.798298890958389,hcvr_rf_42_cv
3816,3816,HCVR-RF,0,0,0.00636111111111112,0.798298890958389,hcvr_rf_42_cv
3818,3818,HCVR-RF,0,0,0.0905996377916566,0.798298890958389,hcvr_rf_42_cv
3822,3822,HCVR-RF,0,0,0.140761932871665,0.798298890958389,hcvr_rf_42_cv
3825,3825,HCVR-RF,0,0,0.00111111111111111,0.798298890958389,hcvr_rf_42_cv
3828,3828,HCVR-RF,0,0,0.0079288067906924,0.798298890958389,hcvr_rf_42_cv
3832,3832,HCVR-RF,0,0,0.0448070490404586,0.798298890958389,hcvr_rf_42_cv
3841,3841,HCVR-RF,0,0,0.0174230769230769,0.798298890958389,hcvr_rf_42_cv
3847,3847,HCVR-RF,0,0,0.0064602424193217,0.798298890958389,hcvr_rf_42_cv
3850,3850,HCVR-RF,0,0,0.12778379028379,0.798298890958389,hcvr_rf_42_cv
3851,3851,HCVR-RF,0,0,0.01813297259974,0.798298890958389,hcvr_rf_42_cv
3858,3858,HCVR-RF,0,0,0.0142724867724868,0.798298890958389,hcvr_rf_42_cv
3874,3874,HCVR-RF,0,0,0.00805555555555555,0.798298890958389,hcvr_rf_42_cv
3885,3885,HCVR-RF,0,0,0.130693667658079,0.798298890958389,hcvr_rf_42_cv
3888,3888,HCVR-RF,0,0,0.0763860871892181,0.798298890958389,hcvr_rf_42_cv
3895,3895,HCVR-RF,0,0,0.145812330070951,0.798298890958389,hcvr_rf_42_cv
3900,3900,HCVR-RF,0,0,0.124506225890332,0.798298890958389,hcvr_rf_42_cv
3905,3905,HCVR-RF,0,0,0.213838698338698,0.798298890958389,hcvr_rf_42_cv
3906,2278,HCVR-RF,0,0,0.516300224990198,0.798298890958389,hcvr_rf_42_cv
3907,3907,HCVR-RF,0,0,0.0249444444444444,0.798298890958389,hcvr_rf_42_cv
3919,3919,HCVR-RF,0,0,0.00111111111111111,0.798298890958389,hcvr_rf_42_cv
3924,3924,HCVR-RF,0,0,0.00805555555555556,0.798298890958389,hcvr_rf_42_cv
3933,3933,HCVR-RF,0,0,0.271681407916702,0.798298890958389,hcvr_rf_42_cv
3941,3941,HCVR-RF,0,0,0.0758412698412698,0.798298890958389,hcvr_rf_42_cv
3943,3943,HCVR-RF,0,0,0.370466968429884,0.798298890958389,hcvr_rf_42_cv
3948,3948,HCVR-RF,0,0,0.0182896614315486,0.798298890958389,hcvr_rf_42_cv
3955,3955,HCVR-RF,0,0,0.187996200306965,0.798298890958389,hcvr_rf_42_cv
3957,3957,HCVR-RF,0,0,0.0413377484831344,0.798298890958389,hcvr_rf_42_cv
3960,3960,HCVR-RF,0,0,0.0113597935135195,0.798298890958389,hcvr_rf_42_cv
3962,3962,HCVR-RF,0,0,0.0384377763082926,0.798298890958389,hcvr_rf_42_cv
3968,3968,HCVR-RF,0,0,0.0120733461112115,0.798298890958389,hcvr_rf_42_cv
3978,3978,HCVR-RF,0,0,0.00125484549702659,0.798298890958389,hcvr_rf_42_cv
3979,3979,HCVR-RF,0,0,0.272575536969273,0.798298890958389,hcvr_rf_42_cv
3983,3983,HCVR-RF,0,0,0.30181192591789,0.798298890958389,hcvr_rf_42_cv
3990,3990,HCVR-RF,0,0,0.0026984126984127,0.798298890958389,hcvr_rf_42_cv
3997,3997,HCVR-RF,0,0,0.219127995642701,0.798298890958389,hcvr_rf_42_cv
3999,3999,HCVR-RF,0,0,0.113388888888889,0.798298890958389,hcvr_rf_42_cv
4016,4016,HCVR-RF,0,0,0.00512942612942613,0.798298890958389,hcvr_rf_42_cv
4022,4022,HCVR-RF,0,0,0.00097042176323577,0.798298890958389,hcvr_rf_42_cv
4027,4027,HCVR-RF,0,0,0.0610396825396826,0.798298890958389,hcvr_rf_42_cv
4039,4039,HCVR-RF,0,0,0,0.798298890958389,hcvr_rf_42_cv
4046,4046,HCVR-RF,0,0,0.212533013574532,0.798298890958389,hcvr_rf_42_cv
4047,4047,HCVR-RF,0,0,0.103435996535017,0.798298890958389,hcvr_rf_42_cv
4050,4050,HCVR-RF,0,0,0.0349941629849915,0.798298890958389,hcvr_rf_42_cv
4051,4051,HCVR-RF,0,0,0.0482886378563074,0.798298890958389,hcvr_rf_42_cv
4057,4057,HCVR-RF,0,0,0.0759677602029285,0.798298890958389,hcvr_rf_42_cv
4059,4059,HCVR-RF,0,0,0.111316527404515,0.798298890958389,hcvr_rf_42_cv
4067,4067,HCVR-RF,0,0,0.134416519480375,0.798298890958389,hcvr_rf_42_cv
4068,4068,HCVR-RF,0,0,0.00352046133317227,0.798298890958389,hcvr_rf_42_cv
4084,4084,HCVR-RF,0,0,0.172085927990058,0.798298890958389,hcvr_rf_42_cv
4086,4086,HCVR-RF,0,0,0.0452492219109866,0.798298890958389,hcvr_rf_42_cv
4101,4101,HCVR-RF,0,0,0.0646079114786477,0.798298890958389,hcvr_rf_42_cv
4103,4103,HCVR-RF,0,0,0.0463742543341679,0.798298890958389,hcvr_rf_42_cv
4104,4104,HCVR-RF,0,0,0.0268323498298023,0.798298890958389,hcvr_rf_42_cv
4119,4119,HCVR-RF,0,0,0.0593808123904195,0.798298890958389,hcvr_rf_42_cv
4123,4123,HCVR-RF,0,0,0.569666575869087,0.798298890958389,hcvr_rf_42_cv
4125,4125,HCVR-RF,0,0,0.0206383189437929,0.798298890958389,hcvr_rf_42_cv
4132,4132,HCVR-RF,0,0,0.0904185050767867,0.798298890958389,hcvr_rf_42_cv
4136,4136,HCVR-RF,0,0,0.0293744971614537,0.798298890958389,hcvr_rf_42_cv
4140,4140,HCVR-RF,0,0,0.10522011942859,0.798298890958389,hcvr_rf_42_cv
4142,4142,HCVR-RF,0,0,0.0323180078115159,0.798298890958389,hcvr_rf_42_cv
4147,4147,HCVR-RF,0,0,0.108049950397469,0.798298890958389,hcvr_rf_42_cv
4150,4150,HCVR-RF,0,0,0.0570439430423951,0.798298890958389,hcvr_rf_42_cv
4152,4152,HCVR-RF,0,0,0.276250439783339,0.798298890958389,hcvr_rf_42_cv
4158,4158,HCVR-RF,0,0,0.326172068380764,0.798298890958389,hcvr_rf_42_cv
4164,4164,HCVR-RF,0,0,0.117335051581384,0.798298890958389,hcvr_rf_42_cv
4166,4166,HCVR-RF,0,0,0.167358974358974,0.798298890958389,hcvr_rf_42_cv
4168,4168,HCVR-RF,0,0,0.130072743360881,0.798298890958389,hcvr_rf_42_cv
4169,4169,HCVR-RF,0,0,0.433435171038112,0.798298890958389,hcvr_rf_42_cv
4172,4172,HCVR-RF,0,0,0.222118477852795,0.798298890958389,hcvr_rf_42_cv
4177,4177,HCVR-RF,0,0,0.103028980343462,0.798298890958389,hcvr_rf_42_cv
4192,4192,HCVR-RF,0,0,0.112541516899068,0.798298890958389,hcvr_rf_42_cv
4195,4195,HCVR-RF,0,0,0.237560932245143,0.798298890958389,hcvr_rf_42_cv
4197,4197,HCVR-RF,0,0,0.231600921619964,0.798298890958389,hcvr_rf_42_cv
4201,4201,HCVR-RF,0,0,0.134737462435705,0.798298890958389,hcvr_rf_42_cv
4207,4207,HCVR-RF,0,0,0.134603339029337,0.798298890958389,hcvr_rf_42_cv
4212,4212,HCVR-RF,0,0,0.0329611280663131,0.798298890958389,hcvr_rf_42_cv
4213,4213,HCVR-RF,0,0,0.0496913580246914,0.798298890958389,hcvr_rf_42_cv
4219,4219,HCVR-RF,0,0,0.213761684121978,0.798298890958389,hcvr_rf_42_cv
4223,4223,HCVR-RF,0,0,0.186583547356804,0.798298890958389,hcvr_rf_42_cv
4227,4227,HCVR-RF,0,0,0.202007474397218,0.798298890958389,hcvr_rf_42_cv
4231,4231,HCVR-RF,0,0,0.0699779372637487,0.798298890958389,hcvr_rf_42_cv
4232,4232,HCVR-RF,0,0,0.416731810066666,0.798298890958389,hcvr_rf_42_cv
4236,4236,HCVR-RF,0,0,0.00323806129051171,0.798298890958389,hcvr_rf_42_cv
4246,4246,HCVR-RF,0,0,0.447395984107691,0.798298890958389,hcvr_rf_42_cv
4249,4249,HCVR-RF,0,0,0.161292462808129,0.798298890958389,hcvr_rf_42_cv
4253,4253,HCVR-RF,0,0,0.139600964467257,0.798298890958389,hcvr_rf_42_cv
4256,4256,HCVR-RF,0,0,0.036960697522224,0.798298890958389,hcvr_rf_42_cv
4264,4264,HCVR-RF,0,0,0.0800482475952698,0.798298890958389,hcvr_rf_42_cv
4265,4265,HCVR-RF,0,0,0.188659286404993,0.798298890958389,hcvr_rf_42_cv
4266,4266,HCVR-RF,0,0,0.150240640236347,0.798298890958389,hcvr_rf_42_cv
4269,4269,HCVR-RF,0,0,0.192646160317305,0.798298890958389,hcvr_rf_42_cv
4271,4271,HCVR-RF,0,0,0.15501748317915,0.798298890958389,hcvr_rf_42_cv
4273,4273,HCVR-RF,0,0,0.201367233248809,0.798298890958389,hcvr_rf_42_cv
4277,4277,HCVR-RF,0,0,0.223442007565439,0.798298890958389,hcvr_rf_42_cv
4282,4282,HCVR-RF,0,0,0.453445178704911,0.798298890958389,hcvr_rf_42_cv
4289,4289,HCVR-RF,0,1,0.887055555555556,0.798298890958389,hcvr_rf_42_cv
4291,4291,HCVR-RF,0,0,0.0240345504475239,0.798298890958389,hcvr_rf_42_cv
4292,4292,HCVR-RF,0,0,0.226527279244698,0.798298890958389,hcvr_rf_42_cv
4294,4294,HCVR-RF,0,0,0.0871997071172382,0.798298890958389,hcvr_rf_42_cv
4297,4297,HCVR-RF,0,0,0.049244548044548,0.798298890958389,hcvr_rf_42_cv
4303,4303,HCVR-RF,0,0,0.153079672787681,0.798298890958389,hcvr_rf_42_cv
4311,4311,HCVR-RF,0,0,0.524414872202018,0.798298890958389,hcvr_rf_42_cv
4314,4314,HCVR-RF,0,0,0.138862066424493,0.798298890958389,hcvr_rf_42_cv
4315,4315,HCVR-RF,0,0,0.29855251224682,0.798298890958389,hcvr_rf_42_cv
4327,4327,HCVR-RF,0,0,0.393611695084396,0.798298890958389,hcvr_rf_42_cv
4333,4333,HCVR-RF,0,0,0.114480632657103,0.798298890958389,hcvr_rf_42_cv
4338,4338,HCVR-RF,0,0,0.334226444392162,0.798298890958389,hcvr_rf_42_cv
4348,4348,HCVR-RF,0,0,0.331352679399958,0.798298890958389,hcvr_rf_42_cv
4353,4353,HCVR-RF,0,0,0.721720465524814,0.798298890958389,hcvr_rf_42_cv
4354,4354,HCVR-RF,0,0,0.00540048455477471,0.798298890958389,hcvr_rf_42_cv
4368,4368,HCVR-RF,0,0,0.0981289112447299,0.798298890958389,hcvr_rf_42_cv
4371,4371,HCVR-RF,0,0,0.0315309147105794,0.798298890958389,hcvr_rf_42_cv
4372,4372,HCVR-RF,0,0,0.593738635985941,0.798298890958389,hcvr_rf_42_cv
4373,4373,HCVR-RF,0,0,0.263274335031126,0.798298890958389,hcvr_rf_42_cv
4377,4377,HCVR-RF,0,0,0.0402834441407379,0.798298890958389,hcvr_rf_42_cv
4382,4382,HCVR-RF,0,0,0.0639230832187274,0.798298890958389,hcvr_rf_42_cv
4392,4392,HCVR-RF,0,0,0.693293516073141,0.798298890958389,hcvr_rf_42_cv
4393,4393,HCVR-RF,0,0,0.329369918471035,0.798298890958389,hcvr_rf_42_cv
4400,4400,HCVR-RF,0,0,0.279556262845796,0.798298890958389,hcvr_rf_42_cv
4402,4402,HCVR-RF,0,0,0.315859303875306,0.798298890958389,hcvr_rf_42_cv
4412,4412,HCVR-RF,0,0,0.239791017991405,0.798298890958389,hcvr_rf_42_cv
4419,4419,HCVR-RF,0,0,0.0572202579555521,0.798298890958389,hcvr_rf_42_cv
4424,4424,HCVR-RF,0,0,0.320561392311392,0.798298890958389,hcvr_rf_42_cv
4426,4426,HCVR-RF,0,0,0.138589356496965,0.798298890958389,hcvr_rf_42_cv
4430,4430,HCVR-RF,0,0,0.365812847780239,0.798298890958389,hcvr_rf_42_cv
4436,4436,HCVR-RF,0,0,0.365941555090936,0.798298890958389,hcvr_rf_42_cv
4451,4451,HCVR-RF,0,0,0.0801751676685887,0.798298890958389,hcvr_rf_42_cv
4453,4453,HCVR-RF,0,0,0.375522906367995,0.798298890958389,hcvr_rf_42_cv
4460,4460,HCVR-RF,0,0,0.294866193007062,0.798298890958389,hcvr_rf_42_cv
4463,4463,HCVR-RF,0,0,0.345078477547633,0.798298890958389,hcvr_rf_42_cv
4476,4476,HCVR-RF,0,0,0.0257245100526344,0.798298890958389,hcvr_rf_42_cv
4481,4481,HCVR-RF,0,0,0.362562744487333,0.798298890958389,hcvr_rf_42_cv
4497,4497,HCVR-RF,0,0,0.015399264315931,0.798298890958389,hcvr_rf_42_cv
4508,4508,HCVR-RF,0,0,0.0382115611835672,0.798298890958389,hcvr_rf_42_cv
4520,4520,HCVR-RF,0,0,0.260393236393236,0.798298890958389,hcvr_rf_42_cv
4526,4526,HCVR-RF,0,0,0.0163211040608301,0.798298890958389,hcvr_rf_42_cv
4535,4535,HCVR-RF,0,0,0.135813000419021,0.798298890958389,hcvr_rf_42_cv
4539,4539,HCVR-RF,0,0,0.176894814039824,0.798298890958389,hcvr_rf_42_cv
4545,4545,HCVR-RF,0,0,0.0118074598260357,0.798298890958389,hcvr_rf_42_cv
4546,4546,HCVR-RF,0,0,0.00541409517471932,0.798298890958389,hcvr_rf_42_cv
4555,4555,HCVR-RF,0,0,0.175660658338078,0.798298890958389,hcvr_rf_42_cv
4566,4566,HCVR-RF,0,0,0.0309725882008491,0.798298890958389,hcvr_rf_42_cv
4567,4567,HCVR-RF,0,0,0.0305307239057239,0.798298890958389,hcvr_rf_42_cv
4568,4568,HCVR-RF,0,0,0.0681090553790044,0.798298890958389,hcvr_rf_42_cv
4569,4569,HCVR-RF,0,0,0.120628647065315,0.798298890958389,hcvr_rf_42_cv
4588,4588,HCVR-RF,0,0,0.00712442927590029,0.798298890958389,hcvr_rf_42_cv
4589,4589,HCVR-RF,0,0,0.0490365166135262,0.798298890958389,hcvr_rf_42_cv
4591,4591,HCVR-RF,0,0,0.0401787837499691,0.798298890958389,hcvr_rf_42_cv
4600,4600,HCVR-RF,0,0,0.0601426936579348,0.798298890958389,hcvr_rf_42_cv
